territory_id,name,region,kind,role,node_id,type,type_name,type_2023,type_2024,reliable_change,type_flag,why_no_type,pop_avg
1,городской округ город Майкоп,Республика Адыгея,городской округ,territorial,1,3,"Города, меньше продуктов",3,3,False,тип зависит от варианта расчёта,,161858
2,городской округ город Адыгейск,Республика Адыгея,городской округ,territorial,2,3,"Города, меньше продуктов",3,3,False,тип не зависит от варианта расчёта,,15660
3,Гиагинский муниципальный район,Республика Адыгея,муниципальный район,territorial,3,2,"Сельские, меньше общепита",1,2,True,тип зависит от варианта расчёта,,31804
4,Кошехабльский муниципальный район,Республика Адыгея,муниципальный район,territorial,4,1,"Города, меньше транспорта",1,1,False,тип зависит от варианта расчёта,,30260
5,Красногвардейский муниципальный район,Республика Адыгея,муниципальный район,territorial,5,2,"Сельские, меньше общепита",2,2,False,тип не зависит от варианта расчёта,,31976
6,Майкопский муниципальный район,Республика Адыгея,муниципальный район,territorial,6,1,"Города, меньше транспорта",1,1,False,тип зависит от варианта расчёта,,59200
7,Тахтамукайский муниципальный район,Республика Адыгея,муниципальный район,territorial,7,3,"Города, меньше продуктов",3,3,False,тип зависит от варианта расчёта,,131407
8,Теучежский муниципальный район,Республика Адыгея,муниципальный район,territorial,8,3,"Города, меньше продуктов",3,3,False,тип зависит от варианта расчёта,,22257
9,Шовгеновский муниципальный район,Республика Адыгея,муниципальный район,territorial,9,2,"Сельские, меньше общепита",2,2,False,тип не зависит от варианта расчёта,,16240
10,городской округ город Горно-Алтайск,Республика Алтай,городской округ,territorial,10,3,"Города, меньше продуктов",3,3,False,тип зависит от варианта расчёта,,64178
11,Кош-Агачский муниципальный район,Республика Алтай,муниципальный район,territorial,11,3,"Города, меньше продуктов",3,3,False,тип зависит от варианта расчёта,,18688
12,Майминский муниципальный район,Республика Алтай,муниципальный район,territorial,12,3,"Города, меньше продуктов",3,3,False,тип зависит от варианта расчёта,,30964
13,Онгудайский муниципальный район,Республика Алтай,муниципальный район,territorial,13,1,"Города, меньше транспорта",1,1,False,тип зависит от варианта расчёта,,14023
14,Турочакский муниципальный район,Республика Алтай,муниципальный район,territorial,14,1,"Города, меньше транспорта",1,1,False,тип зависит от варианта расчёта,,10721
15,Улаганский муниципальный район,Республика Алтай,муниципальный район,territorial,15,1,"Города, меньше транспорта",2,1,True,тип зависит от варианта расчёта,,11972
16,Усть-Канский муниципальный район,Республика Алтай,муниципальный район,territorial,16,1,"Города, меньше транспорта",1,1,False,тип зависит от варианта расчёта,,14176
17,Усть-Коксинский муниципальный район,Республика Алтай,муниципальный район,territorial,17,1,"Города, меньше транспорта",1,1,False,тип зависит от варианта расчёта,,15590
18,Чемальский муниципальный район,Республика Алтай,муниципальный район,territorial,18,1,"Города, меньше транспорта",1,1,False,тип зависит от варианта расчёта,,10624
19,Чойский муниципальный район,Республика Алтай,муниципальный район,territorial,19,2,"Сельские, меньше общепита",2,2,False,тип зависит от варианта расчёта,,7434
20,Шебалинский муниципальный район,Республика Алтай,муниципальный район,territorial,20,1,"Города, меньше транспорта",1,1,False,тип зависит от варианта расчёта,,12062
21,городской округ город Уфа,Республика Башкортостан,городской округ,territorial,21,4,"Крупные города, меньше продуктов",3,4,True,тип не зависит от варианта расчёта,,1188484
22,городской округ город Агидель,Республика Башкортостан,городской округ,territorial,22,1,"Города, меньше транспорта",1,1,False,тип зависит от варианта расчёта,,13638
23,городской округ город Кумертау,Республика Башкортостан,городской округ,territorial,23,3,"Города, меньше продуктов",3,3,False,тип не зависит от варианта расчёта,,60856
25,городской округ город Нефтекамск,Республика Башкортостан,городской округ,territorial,25,3,"Города, меньше продуктов",3,3,False,тип зависит от варианта расчёта,,144502
26,городской округ город Октябрьский,Республика Башкортостан,городской округ,territorial,26,3,"Города, меньше продуктов",3,3,False,тип зависит от варианта расчёта,,116468
27,городской округ город Салават,Республика Башкортостан,городской округ,territorial,27,3,"Города, меньше продуктов",3,3,False,тип зависит от варианта расчёта,,145802
28,городской округ город Сибай,Республика Башкортостан,городской округ,territorial,28,3,"Города, меньше продуктов",3,3,False,тип не зависит от варианта расчёта,,56204
29,городской округ город Стерлитамак,Республика Башкортостан,городской округ,territorial,29,3,"Города, меньше продуктов",3,3,False,тип зависит от варианта расчёта,,280492
30,Абзелиловский муниципальный район,Республика Башкортостан,муниципальный район,territorial,30,1,"Города, меньше транспорта",1,1,False,тип зависит от варианта расчёта,,43792
31,Альшеевский муниципальный район,Республика Башкортостан,муниципальный район,territorial,31,1,"Города, меньше транспорта",1,1,False,тип зависит от варианта расчёта,,35184
32,Архангельский муниципальный район,Республика Башкортостан,муниципальный район,territorial,32,2,"Сельские, меньше общепита",2,2,False,тип зависит от варианта расчёта,,16498
33,Аскинский муниципальный район,Республика Башкортостан,муниципальный район,territorial,33,2,"Сельские, меньше общепита",2,2,False,тип не зависит от варианта расчёта,,17252
34,Аургазинский муниципальный район,Республика Башкортостан,муниципальный район,territorial,34,1,"Города, меньше транспорта",1,1,False,тип не зависит от варианта расчёта,,29470
35,Баймакский муниципальный район,Республика Башкортостан,муниципальный район,territorial,35,3,"Города, меньше продуктов",3,3,False,тип зависит от варианта расчёта,,53010
36,Бакалинский муниципальный район,Республика Башкортостан,муниципальный район,territorial,36,2,"Сельские, меньше общепита",2,2,False,тип не зависит от варианта расчёта,,24608
37,Балтачевский муниципальный район,Республика Башкортостан,муниципальный район,territorial,37,2,"Сельские, меньше общепита",2,1,True,тип не зависит от варианта расчёта,,17661
38,Белебеевский муниципальный район,Республика Башкортостан,муниципальный район,territorial,38,3,"Города, меньше продуктов",3,3,False,тип не зависит от варианта расчёта,,94648
39,Белокатайский муниципальный район,Республика Башкортостан,муниципальный район,territorial,39,2,"Сельские, меньше общепита",2,2,False,тип не зависит от варианта расчёта,,17212
40,Белорецкий муниципальный район,Республика Башкортостан,муниципальный район,territorial,40,1,"Города, меньше транспорта",1,3,True,тип зависит от варианта расчёта,,96064
41,Бижбулякский муниципальный район,Республика Башкортостан,муниципальный район,territorial,41,1,"Города, меньше транспорта",1,1,False,тип зависит от варианта расчёта,,20704
42,Бирский муниципальный район,Республика Башкортостан,муниципальный район,territorial,42,3,"Города, меньше продуктов",3,3,False,тип зависит от варианта расчёта,,61232
43,Благоварский муниципальный район,Республика Башкортостан,муниципальный район,territorial,43,1,"Города, меньше транспорта",2,1,True,тип не зависит от варианта расчёта,,23662
44,Благовещенский муниципальный район,Республика Башкортостан,муниципальный район,territorial,44,3,"Города, меньше продуктов",3,3,False,тип не зависит от варианта расчёта,,48477
45,Буздякский муниципальный район,Республика Башкортостан,муниципальный район,territorial,45,1,"Города, меньше транспорта",1,1,False,тип зависит от варианта расчёта,,25226
46,Бураевский муниципальный район,Республика Башкортостан,муниципальный район,territorial,46,2,"Сельские, меньше общепита",2,1,False,тип не зависит от варианта расчёта,,20624
47,Бурзянский муниципальный район,Республика Башкортостан,муниципальный район,territorial,47,1,"Города, меньше транспорта",1,1,False,тип зависит от варианта расчёта,,17010
48,Гафурийский муниципальный район,Республика Башкортостан,муниципальный район,territorial,48,2,"Сельские, меньше общепита",2,2,False,тип не зависит от варианта расчёта,,29251
49,Давлекановский муниципальный район,Республика Башкортостан,муниципальный район,territorial,49,1,"Города, меньше транспорта",1,1,False,тип зависит от варианта расчёта,,35308
50,Дуванский муниципальный район,Республика Башкортостан,муниципальный район,territorial,50,1,"Города, меньше транспорта",1,1,False,тип зависит от варианта расчёта,,30632
51,Дюртюлинский муниципальный район,Республика Башкортостан,муниципальный район,territorial,51,3,"Города, меньше продуктов",1,3,True,тип зависит от варианта расчёта,,58723
52,Ермекеевский муниципальный район,Республика Башкортостан,муниципальный район,territorial,52,1,"Города, меньше транспорта",1,1,False,тип не зависит от варианта расчёта,,14160
53,Зианчуринский муниципальный район,Республика Башкортостан,муниципальный район,territorial,53,1,"Города, меньше транспорта",1,1,False,тип зависит от варианта расчёта,,23170
54,Зилаирский муниципальный район,Республика Башкортостан,муниципальный район,territorial,54,1,"Города, меньше транспорта",2,1,False,тип зависит от варианта расчёта,,14114
55,Иглинский муниципальный район,Республика Башкортостан,муниципальный район,territorial,55,1,"Города, меньше транспорта",1,1,False,тип зависит от варианта расчёта,,71406
56,Илишевский муниципальный район,Республика Башкортостан,муниципальный район,territorial,56,1,"Города, меньше транспорта",1,1,False,тип зависит от варианта расчёта,,30210
57,Ишимбайский муниципальный район,Республика Башкортостан,муниципальный район,territorial,57,3,"Города, меньше продуктов",3,3,False,тип не зависит от варианта расчёта,,82416
58,Калтасинский муниципальный район,Республика Башкортостан,муниципальный район,territorial,58,2,"Сельские, меньше общепита",1,1,False,тип зависит от варианта расчёта,,20886
59,Караидельский муниципальный район,Республика Башкортостан,муниципальный район,territorial,59,1,"Города, меньше транспорта",1,1,False,тип зависит от варианта расчёта,,22863
60,Кармаскалинский муниципальный район,Республика Башкортостан,муниципальный район,territorial,60,1,"Города, меньше транспорта",1,1,False,тип зависит от варианта расчёта,,51322
61,Кигинский муниципальный район,Республика Башкортостан,муниципальный район,territorial,61,1,"Города, меньше транспорта",1,1,False,тип зависит от варианта расчёта,,16192
62,Краснокамский муниципальный район,Республика Башкортостан,муниципальный район,territorial,62,1,"Города, меньше транспорта",1,1,False,тип не зависит от варианта расчёта,,25136
63,Кугарчинский муниципальный район,Республика Башкортостан,муниципальный район,territorial,63,2,"Сельские, меньше общепита",2,2,False,тип не зависит от варианта расчёта,,26124
65,Кушнаренковский муниципальный район,Республика Башкортостан,муниципальный район,territorial,65,1,"Города, меньше транспорта",1,1,False,тип зависит от варианта расчёта,,26222
66,Мелеузовский муниципальный район,Республика Башкортостан,муниципальный район,territorial,66,3,"Города, меньше продуктов",3,3,False,тип зависит от варианта расчёта,,79332
67,Мечетлинский муниципальный район,Республика Башкортостан,муниципальный район,territorial,67,2,"Сельские, меньше общепита",2,2,False,тип не зависит от варианта расчёта,,21598
68,Мишкинский муниципальный район,Республика Башкортостан,муниципальный район,territorial,68,1,"Города, меньше транспорта",1,1,False,тип зависит от варианта расчёта,,20472
69,Миякинский муниципальный район,Республика Башкортостан,муниципальный район,territorial,69,1,"Города, меньше транспорта",1,1,False,тип зависит от варианта расчёта,,22818
70,Нуримановский муниципальный район,Республика Башкортостан,муниципальный район,territorial,70,1,"Города, меньше транспорта",1,1,False,тип зависит от варианта расчёта,,19796
71,Салаватский муниципальный район,Республика Башкортостан,муниципальный район,territorial,71,1,"Города, меньше транспорта",1,1,False,тип зависит от варианта расчёта,,23074
72,Стерлибашевский муниципальный район,Республика Башкортостан,муниципальный район,territorial,72,2,"Сельские, меньше общепита",2,2,False,тип не зависит от варианта расчёта,,16202
73,Стерлитамакский муниципальный район,Республика Башкортостан,муниципальный район,territorial,73,3,"Города, меньше продуктов",3,3,False,тип зависит от варианта расчёта,,47548
74,Татышлинский муниципальный район,Республика Башкортостан,муниципальный район,territorial,74,2,"Сельские, меньше общепита",2,1,True,тип не зависит от варианта расчёта,,20509
75,Туймазинский муниципальный район,Республика Башкортостан,муниципальный район,territorial,75,3,"Города, меньше продуктов",3,3,False,тип зависит от варианта расчёта,,130016
76,Уфимский муниципальный район,Республика Башкортостан,муниципальный район,territorial,76,4,"Крупные города, меньше продуктов",4,4,False,тип не зависит от варианта расчёта,,118372
77,Учалинский муниципальный район,Республика Башкортостан,муниципальный район,territorial,77,3,"Города, меньше продуктов",3,3,False,тип зависит от варианта расчёта,,68132
78,Федоровский муниципальный район,Республика Башкортостан,муниципальный район,territorial,78,2,"Сельские, меньше общепита",2,2,False,тип не зависит от варианта расчёта,,15274
79,Хайбуллинский муниципальный район,Республика Башкортостан,муниципальный район,territorial,79,1,"Города, меньше транспорта",1,1,False,тип зависит от варианта расчёта,,28972
80,Чекмагушевский муниципальный район,Республика Башкортостан,муниципальный район,territorial,80,2,"Сельские, меньше общепита",2,1,False,тип зависит от варианта расчёта,,27550
81,Чишминский муниципальный район,Республика Башкортостан,муниципальный район,territorial,81,3,"Города, меньше продуктов",1,3,True,тип не зависит от варианта расчёта,,50211
82,Шаранский муниципальный район,Республика Башкортостан,муниципальный район,territorial,82,1,"Города, меньше транспорта",1,1,False,тип зависит от варианта расчёта,,18518
83,Янаульский муниципальный район,Республика Башкортостан,муниципальный район,territorial,83,1,"Города, меньше транспорта",1,3,True,тип зависит от варианта расчёта,,42114
167,городской округ Нальчик,Кабардино-Балкарская Республика,городской округ,territorial,167,3,"Города, меньше продуктов",3,3,False,тип зависит от варианта расчёта,,271404
168,городской округ Баксан,Кабардино-Балкарская Республика,городской округ,territorial,168,1,"Города, меньше транспорта",1,1,False,тип зависит от варианта расчёта,,61232
169,городской округ Прохладный,Кабардино-Балкарская Республика,городской округ,territorial,169,1,"Города, меньше транспорта",1,1,False,тип зависит от варианта расчёта,,60016
173,Майский муниципальный район,Кабардино-Балкарская Республика,муниципальный район,territorial,173,2,"Сельские, меньше общепита",2,2,False,тип зависит от варианта расчёта,,37602
181,Городовиковский муниципальный район,Республика Калмыкия,муниципальный район,territorial,181,1,"Города, меньше транспорта",1,2,False,тип зависит от варианта расчёта,,13586
184,Лаганский муниципальный район,Республика Калмыкия,муниципальный район,territorial,184,1,"Города, меньше транспорта",1,1,False,тип зависит от варианта расчёта,,18524
185,Малодербетовский муниципальный район,Республика Калмыкия,муниципальный район,territorial,185,1,"Города, меньше транспорта",1,1,False,тип зависит от варианта расчёта,,9258
188,Сарпинский муниципальный район,Республика Калмыкия,муниципальный район,territorial,188,3,"Города, меньше продуктов",1,3,False,тип не зависит от варианта расчёта,,11550
191,Юстинский муниципальный район,Республика Калмыкия,муниципальный район,territorial,191,1,"Города, меньше транспорта",1,1,False,тип зависит от варианта расчёта,,8932
194,городской округ Черкесский,Карачаево-Черкесская Республика,городской округ,territorial,194,3,"Города, меньше продуктов",3,3,False,тип зависит от варианта расчёта,,112867
195,городской округ Карачаевский,Карачаево-Черкесская Республика,городской округ,territorial,195,1,"Города, меньше транспорта",1,1,False,тип зависит от варианта расчёта,,41170
196,Абазинский муниципальный район,Карачаево-Черкесская Республика,муниципальный район,territorial,196,3,"Города, меньше продуктов",3,3,False,тип зависит от варианта расчёта,,18232
198,Зеленчукский муниципальный район,Карачаево-Черкесская Республика,муниципальный район,territorial,198,2,"Сельские, меньше общепита",2,2,False,тип не зависит от варианта расчёта,,53484
201,Ногайский муниципальный район,Карачаево-Черкесская Республика,муниципальный район,territorial,201,1,"Города, меньше транспорта",1,1,False,тип зависит от варианта расчёта,,16372
203,Урупский муниципальный район,Карачаево-Черкесская Республика,муниципальный район,territorial,203,2,"Сельские, меньше общепита",2,2,False,тип зависит от варианта расчёта,,24004
204,Усть-Джегутинский муниципальный район,Карачаево-Черкесская Республика,муниципальный район,territorial,204,1,"Города, меньше транспорта",1,1,False,тип зависит от варианта расчёта,,50916
205,Хабезский муниципальный район,Карачаево-Черкесская Республика,муниципальный район,territorial,205,1,"Города, меньше транспорта",1,1,False,тип зависит от варианта расчёта,,30992
206,городской округ Петрозаводский,Республика Карелия,городской округ,territorial,206,4,"Крупные города, меньше продуктов",4,4,False,тип не зависит от варианта расчёта,,235136
207,городской округ Костомукшский,Республика Карелия,городской округ,territorial,207,3,"Города, меньше продуктов",3,3,False,тип зависит от варианта расчёта,,26384
208,Беломорский муниципальный округ,Республика Карелия,муниципальный округ,territorial,208,1,"Города, меньше транспорта",1,1,False,тип зависит от варианта расчёта,,12220
209,Калевальский муниципальный район,Республика Карелия,муниципальный район,territorial,209,1,"Города, меньше транспорта",2,1,False,тип зависит от варианта расчёта,,5822
210,Кемский муниципальный район,Республика Карелия,муниципальный район,territorial,210,1,"Города, меньше транспорта",1,1,False,тип зависит от варианта расчёта,,12354
211,Кондопожский муниципальный район,Республика Карелия,муниципальный район,territorial,211,3,"Города, меньше продуктов",3,3,False,тип не зависит от варианта расчёта,,31149
212,Лахденпохский муниципальный район,Республика Карелия,муниципальный район,territorial,212,1,"Города, меньше транспорта",1,1,False,тип зависит от варианта расчёта,,10476
213,Лоухский муниципальный район,Республика Карелия,муниципальный район,territorial,213,2,"Сельские, меньше общепита",2,1,True,тип не зависит от варианта расчёта,,10012
214,Медвежьегорский муниципальный район,Республика Карелия,муниципальный район,territorial,214,1,"Города, меньше транспорта",1,1,False,тип зависит от варианта расчёта,,23430
215,Муезерский муниципальный район,Республика Карелия,муниципальный район,territorial,215,2,"Сельские, меньше общепита",2,1,True,тип не зависит от варианта расчёта,,7612
216,Олонецкий муниципальный район,Республика Карелия,муниципальный район,territorial,216,1,"Города, меньше транспорта",1,1,False,тип не зависит от варианта расчёта,,18369
217,Питкярантский муниципальный округ,Республика Карелия,муниципальный округ,territorial,217,1,"Города, меньше транспорта",1,1,False,тип зависит от варианта расчёта,,14408
218,Прионежский муниципальный район,Республика Карелия,муниципальный район,territorial,218,3,"Города, меньше продуктов",3,3,False,тип зависит от варианта расчёта,,22000
219,Пряжинский муниципальный район,Республика Карелия,муниципальный район,territorial,219,1,"Города, меньше транспорта",1,1,False,тип зависит от варианта расчёта,,11856
220,Пудожский муниципальный район,Республика Карелия,муниципальный район,territorial,220,2,"Сельские, меньше общепита",2,1,False,тип не зависит от варианта расчёта,,13764
221,Сегежский муниципальный округ,Республика Карелия,муниципальный округ,territorial,221,1,"Города, меньше транспорта",1,1,False,тип зависит от варианта расчёта,,30972
222,Сортавальский муниципальный район,Республика Карелия,муниципальный район,territorial,222,3,"Города, меньше продуктов",3,3,False,тип зависит от варианта расчёта,,23530
223,Суоярвский муниципальный округ,Республика Карелия,муниципальный округ,territorial,223,2,"Сельские, меньше общепита",2,2,False,тип зависит от варианта расчёта,,11910
224,городской округ Сыктывкар,Республика Коми,городской округ,territorial,224,3,"Города, меньше продуктов",3,3,False,тип зависит от варианта расчёта,,232510
225,городской округ Воркута,Республика Коми,городской округ,territorial,225,3,"Города, меньше продуктов",3,3,False,тип не зависит от варианта расчёта,,67204
226,муниципальный округ Вуктыл,Республика Коми,муниципальный округ,territorial,226,3,"Города, меньше продуктов",3,3,False,тип зависит от варианта расчёта,,10010
227,городской округ Инта,Республика Коми,городской округ,territorial,227,1,"Города, меньше транспорта",1,1,False,тип зависит от варианта расчёта,,20534
228,муниципальный округ Усинск,Республика Коми,муниципальный округ,territorial,228,3,"Города, меньше продуктов",3,3,False,тип зависит от варианта расчёта,,35778
229,городской округ Ухта,Республика Коми,городской округ,territorial,229,3,"Города, меньше продуктов",3,3,False,тип зависит от варианта расчёта,,92984
230,Ижемский муниципальный район,Республика Коми,муниципальный район,territorial,230,2,"Сельские, меньше общепита",2,1,False,тип не зависит от варианта расчёта,,16100
231,Княжпогостский муниципальный район,Республика Коми,муниципальный район,territorial,231,1,"Города, меньше транспорта",1,1,False,тип зависит от варианта расчёта,,14867
232,Койгородский муниципальный район,Республика Коми,муниципальный район,territorial,232,2,"Сельские, меньше общепита",2,2,False,тип зависит от варианта расчёта,,7438
233,Корткеросский муниципальный район,Республика Коми,муниципальный район,territorial,233,2,"Сельские, меньше общепита",2,2,False,тип не зависит от варианта расчёта,,18128
234,муниципальный район Печора,Республика Коми,муниципальный район,territorial,234,3,"Города, меньше продуктов",3,3,False,тип не зависит от варианта расчёта,,41900
235,Прилузский муниципальный район,Республика Коми,муниципальный район,territorial,235,1,"Города, меньше транспорта",1,2,True,тип зависит от варианта расчёта,,16893
236,муниципальный район Сосногорск,Республика Коми,муниципальный район,territorial,236,3,"Города, меньше продуктов",3,3,False,тип не зависит от варианта расчёта,,33692
237,Сыктывдинский муниципальный район,Республика Коми,муниципальный район,territorial,237,1,"Города, меньше транспорта",1,3,True,тип зависит от варианта расчёта,,21462
238,Сысольский муниципальный район,Республика Коми,муниципальный район,territorial,238,2,"Сельские, меньше общепита",2,2,False,тип не зависит от варианта расчёта,,11494
239,Троицко-Печорский муниципальный район,Республика Коми,муниципальный район,territorial,239,2,"Сельские, меньше общепита",2,2,False,тип не зависит от варианта расчёта,,9332
240,Удорский муниципальный район,Республика Коми,муниципальный район,territorial,240,2,"Сельские, меньше общепита",2,2,False,тип не зависит от варианта расчёта,,12086
241,Усть-Вымский муниципальный район,Республика Коми,муниципальный район,territorial,241,1,"Города, меньше транспорта",1,1,False,тип зависит от варианта расчёта,,23414
242,Усть-Куломский муниципальный район,Республика Коми,муниципальный район,territorial,242,2,"Сельские, меньше общепита",2,2,False,тип не зависит от варианта расчёта,,21592
243,Усть-Цилемский муниципальный район,Республика Коми,муниципальный район,territorial,243,2,"Сельские, меньше общепита",2,1,True,тип не зависит от варианта расчёта,,10288
269,городской округ город Йошкар-Ола,Республика Марий Эл,городской округ,territorial,269,4,"Крупные города, меньше продуктов",4,4,False,тип не зависит от варианта расчёта,,295858
270,городской округ город Волжск,Республика Марий Эл,городской округ,territorial,270,3,"Города, меньше продуктов",3,3,False,тип не зависит от варианта расчёта,,51344
271,городской округ город Козьмодемьянск,Республика Марий Эл,городской округ,territorial,271,1,"Города, меньше транспорта",1,1,False,тип зависит от варианта расчёта,,18982
272,Волжский муниципальный район,Республика Марий Эл,муниципальный район,territorial,272,1,"Города, меньше транспорта",1,1,False,тип зависит от варианта расчёта,,20332
273,Горномарийский муниципальный район,Республика Марий Эл,муниципальный район,territorial,273,1,"Города, меньше транспорта",1,1,False,тип зависит от варианта расчёта,,19424
274,Звениговский муниципальный район,Республика Марий Эл,муниципальный район,territorial,274,1,"Города, меньше транспорта",1,1,False,тип зависит от варианта расчёта,,38214
275,Килемарский муниципальный район,Республика Марий Эл,муниципальный район,territorial,275,1,"Города, меньше транспорта",2,2,False,тип зависит от варианта расчёта,,10970
276,Куженерский муниципальный район,Республика Марий Эл,муниципальный район,territorial,276,1,"Города, меньше транспорта",1,1,False,тип зависит от варианта расчёта,,11284
277,Мари-Турекский муниципальный район,Республика Марий Эл,муниципальный район,territorial,277,1,"Города, меньше транспорта",1,2,True,тип зависит от варианта расчёта,,16855
278,Медведевский муниципальный район,Республика Марий Эл,муниципальный район,territorial,278,4,"Крупные города, меньше продуктов",3,4,True,тип не зависит от варианта расчёта,,67937
279,Моркинский муниципальный район,Республика Марий Эл,муниципальный район,territorial,279,1,"Города, меньше транспорта",1,1,False,тип зависит от варианта расчёта,,25547
280,Новоторъяльский муниципальный район,Республика Марий Эл,муниципальный район,territorial,280,2,"Сельские, меньше общепита",2,1,False,тип зависит от варианта расчёта,,13303
281,Оршанский муниципальный район,Республика Марий Эл,муниципальный район,territorial,281,1,"Города, меньше транспорта",1,1,False,тип зависит от варианта расчёта,,12148
282,Параньгинский муниципальный район,Республика Марий Эл,муниципальный район,territorial,282,2,"Сельские, меньше общепита",2,2,False,тип не зависит от варианта расчёта,,12908
283,Сернурский муниципальный район,Республика Марий Эл,муниципальный район,territorial,283,3,"Города, меньше продуктов",3,3,False,тип не зависит от варианта расчёта,,21106
284,Советский муниципальный район,Республика Марий Эл,муниципальный район,territorial,284,3,"Города, меньше продуктов",1,3,False,тип зависит от варианта расчёта,,25958
285,Юринский муниципальный район,Республика Марий Эл,муниципальный район,territorial,285,2,"Сельские, меньше общепита",2,2,False,тип не зависит от варианта расчёта,,5859
287,Ардатовский муниципальный район,Республика Мордовия,муниципальный район,territorial,287,1,"Города, меньше транспорта",1,1,False,тип зависит от варианта расчёта,,23694
288,Атюрьевский муниципальный район,Республика Мордовия,муниципальный район,territorial,288,1,"Города, меньше транспорта",2,1,False,тип зависит от варианта расчёта,,9012
289,Атяшевский муниципальный район,Республика Мордовия,муниципальный район,territorial,289,1,"Города, меньше транспорта",1,1,False,тип зависит от варианта расчёта,,17246
290,Большеберезниковский муниципальный район,Республика Мордовия,муниципальный район,territorial,290,2,"Сельские, меньше общепита",2,2,False,тип не зависит от варианта расчёта,,11711
292,Дубенский муниципальный район,Республика Мордовия,муниципальный район,territorial,292,2,"Сельские, меньше общепита",2,2,False,тип не зависит от варианта расчёта,,11280
293,Ельниковский муниципальный район,Республика Мордовия,муниципальный район,territorial,293,1,"Города, меньше транспорта",2,1,False,тип зависит от варианта расчёта,,9068
294,Зубово-Полянский муниципальный район,Республика Мордовия,муниципальный район,territorial,294,1,"Города, меньше транспорта",1,1,False,тип зависит от варианта расчёта,,45470
295,Инсарский муниципальный район,Республика Мордовия,муниципальный район,territorial,295,1,"Города, меньше транспорта",1,1,False,тип зависит от варианта расчёта,,11516
296,Ичалковский муниципальный район,Республика Мордовия,муниципальный район,territorial,296,2,"Сельские, меньше общепита",2,2,False,тип зависит от варианта расчёта,,16897
297,Кадошкинский муниципальный район,Республика Мордовия,муниципальный район,territorial,297,2,"Сельские, меньше общепита",2,2,False,тип не зависит от варианта расчёта,,6593
298,Ковылкинский муниципальный район,Республика Мордовия,муниципальный район,territorial,298,3,"Города, меньше продуктов",3,3,False,тип не зависит от варианта расчёта,,35879
300,Краснослободский муниципальный район,Республика Мордовия,муниципальный район,territorial,300,3,"Города, меньше продуктов",1,3,True,тип зависит от варианта расчёта,,21456
301,Лямбирский муниципальный район,Республика Мордовия,муниципальный район,territorial,301,3,"Города, меньше продуктов",3,3,False,тип зависит от варианта расчёта,,33537
302,Ромодановский муниципальный район,Республика Мордовия,муниципальный район,territorial,302,1,"Города, меньше транспорта",1,1,False,тип не зависит от варианта расчёта,,18857
303,Рузаевский муниципальный район,Республика Мордовия,муниципальный район,territorial,303,3,"Города, меньше продуктов",3,3,False,тип не зависит от варианта расчёта,,58820
304,Старошайговский муниципальный район,Республика Мордовия,муниципальный район,territorial,304,2,"Сельские, меньше общепита",1,2,False,тип зависит от варианта расчёта,,11300
305,Темниковский муниципальный район,Республика Мордовия,муниципальный район,territorial,305,1,"Города, меньше транспорта",1,1,False,тип зависит от варианта расчёта,,12696
306,Теньгушевский муниципальный район,Республика Мордовия,муниципальный район,territorial,306,2,"Сельские, меньше общепита",2,2,False,тип не зависит от варианта расчёта,,8971
307,Торбеевский муниципальный район,Республика Мордовия,муниципальный район,territorial,307,1,"Города, меньше транспорта",1,1,False,тип зависит от варианта расчёта,,18231
308,Чамзинский муниципальный район,Республика Мордовия,муниципальный район,territorial,308,3,"Города, меньше продуктов",3,3,False,тип зависит от варианта расчёта,,28433
309,городской округ город Якутск,Республика Саха (Якутия),городской округ,territorial,309,3,"Города, меньше продуктов",3,4,True,тип зависит от варианта расчёта,,387608
312,Алданский муниципальный район,Республика Саха (Якутия),муниципальный район,territorial,312,1,"Города, меньше транспорта",1,1,False,тип зависит от варианта расчёта,,39138
314,Амгинский муниципальный район,Республика Саха (Якутия),муниципальный район,territorial,314,1,"Города, меньше транспорта",1,1,False,тип зависит от варианта расчёта,,16695
316,Булунский муниципальный район,Республика Саха (Якутия),муниципальный район,territorial,316,3,"Города, меньше продуктов",3,3,False,тип не зависит от варианта расчёта,,8048
317,Верхневилюйский муниципальный район,Республика Саха (Якутия),муниципальный район,territorial,317,1,"Города, меньше транспорта",1,1,False,тип зависит от варианта расчёта,,20718
318,Верхнеколымский муниципальный район,Республика Саха (Якутия),муниципальный район,territorial,318,2,"Сельские, меньше общепита",2,2,False,тип зависит от варианта расчёта,,3648
319,Верхоянский муниципальный район,Республика Саха (Якутия),муниципальный район,territorial,319,1,"Города, меньше транспорта",1,1,False,тип зависит от варианта расчёта,,9988
320,Вилюйский муниципальный район,Республика Саха (Якутия),муниципальный район,territorial,320,1,"Города, меньше транспорта",1,1,False,тип зависит от варианта расчёта,,24982
321,Горный муниципальный район,Республика Саха (Якутия),муниципальный район,territorial,321,2,"Сельские, меньше общепита",2,1,False,тип не зависит от варианта расчёта,,11947
323,Кобяйский муниципальный район,Республика Саха (Якутия),муниципальный район,territorial,323,1,"Города, меньше транспорта",1,1,False,тип зависит от варианта расчёта,,11012
324,Нюрбинский муниципальный район,Республика Саха (Якутия),муниципальный район,territorial,324,1,"Города, меньше транспорта",1,1,False,тип зависит от варианта расчёта,,22721
325,Ленский муниципальный район,Республика Саха (Якутия),муниципальный район,territorial,325,1,"Города, меньше транспорта",1,1,False,тип зависит от варианта расчёта,,31732
326,Мегино-Кангаласский муниципальный район,Республика Саха (Якутия),муниципальный район,territorial,326,1,"Города, меньше транспорта",1,1,False,тип зависит от варианта расчёта,,32889
327,Мирнинский муниципальный район,Республика Саха (Якутия),муниципальный район,territorial,327,1,"Города, меньше транспорта",1,1,False,тип зависит от варианта расчёта,,71918
329,Намский муниципальный район,Республика Саха (Якутия),муниципальный район,territorial,329,1,"Города, меньше транспорта",1,3,False,тип зависит от варианта расчёта,,24943
330,Нерюнгринский муниципальный район,Республика Саха (Якутия),муниципальный район,territorial,330,1,"Города, меньше транспорта",1,1,False,тип зависит от варианта расчёта,,68527
331,Нижнеколымский муниципальный район,Республика Саха (Якутия),муниципальный район,territorial,331,3,"Города, меньше продуктов",3,3,False,тип не зависит от варианта расчёта,,4160
332,Оймяконский муниципальный район,Республика Саха (Якутия),муниципальный район,territorial,332,1,"Города, меньше транспорта",1,1,False,тип зависит от варианта расчёта,,7674
333,Олекминский муниципальный район,Республика Саха (Якутия),муниципальный район,territorial,333,1,"Города, меньше транспорта",1,1,False,тип зависит от варианта расчёта,,20394
334,Оленекский эвенкийский национальный муниципальный район,Республика Саха (Якутия),муниципальный район,territorial,334,3,"Города, меньше продуктов",1,3,True,тип зависит от варианта расчёта,,4430
335,Среднеколымский муниципальный район,Республика Саха (Якутия),муниципальный район,territorial,335,1,"Города, меньше транспорта",1,1,False,тип зависит от варианта расчёта,,6745
336,Сунтарский муниципальный район,Республика Саха (Якутия),муниципальный район,territorial,336,2,"Сельские, меньше общепита",2,2,False,тип не зависит от варианта расчёта,,22226
337,Таттинский муниципальный район,Республика Саха (Якутия),муниципальный район,territorial,337,1,"Города, меньше транспорта",1,1,False,тип зависит от варианта расчёта,,16724
338,Томпонский муниципальный район,Республика Саха (Якутия),муниципальный район,territorial,338,1,"Города, меньше транспорта",1,1,False,тип зависит от варианта расчёта,,10842
339,Усть-Алданский муниципальный район,Республика Саха (Якутия),муниципальный район,territorial,339,1,"Города, меньше транспорта",1,1,False,тип зависит от варианта расчёта,,21938
340,Усть-Майский муниципальный район,Республика Саха (Якутия),муниципальный район,territorial,340,2,"Сельские, меньше общепита",2,2,False,тип зависит от варианта расчёта,,7180
341,Усть-Янский муниципальный район,Республика Саха (Якутия),муниципальный район,territorial,341,1,"Города, меньше транспорта",1,1,False,тип зависит от варианта расчёта,,6688
342,Хангаласский муниципальный район,Республика Саха (Якутия),муниципальный район,territorial,342,1,"Города, меньше транспорта",1,1,False,тип зависит от варианта расчёта,,34260
343,Чурапчинский муниципальный район,Республика Саха (Якутия),муниципальный район,territorial,343,1,"Города, меньше транспорта",1,1,False,тип зависит от варианта расчёта,,21804
345,городской округ город Владикавказ,Республика Северная Осетия — Алания,городской округ,territorial,345,3,"Города, меньше продуктов",3,3,False,тип зависит от варианта расчёта,,309358
346,Алагирский муниципальный район,Республика Северная Осетия — Алания,муниципальный район,territorial,346,3,"Города, меньше продуктов",3,3,False,тип не зависит от варианта расчёта,,38229
347,Ардонский муниципальный район,Республика Северная Осетия — Алания,муниципальный район,territorial,347,1,"Города, меньше транспорта",1,1,False,тип зависит от варианта расчёта,,31304
348,Дигорский муниципальный район,Республика Северная Осетия — Алания,муниципальный район,territorial,348,2,"Сельские, меньше общепита",2,2,False,тип не зависит от варианта расчёта,,18606
349,Ирафский муниципальный район,Республика Северная Осетия — Алания,муниципальный район,territorial,349,2,"Сельские, меньше общепита",2,2,False,тип не зависит от варианта расчёта,,15554
351,Моздокский муниципальный район,Республика Северная Осетия — Алания,муниципальный район,territorial,351,1,"Города, меньше транспорта",1,1,False,тип зависит от варианта расчёта,,81941
352,Правобережный муниципальный район,Республика Северная Осетия — Алания,муниципальный район,territorial,352,1,"Города, меньше транспорта",1,1,False,тип зависит от варианта расчёта,,55643
354,городской округ город Казань,Республика Татарстан,городской округ,territorial,354,4,"Крупные города, меньше продуктов",4,4,False,тип не зависит от варианта расчёта,,1324214
355,городской округ город Набережные Челны,Республика Татарстан,городской округ,territorial,355,4,"Крупные города, меньше продуктов",3,4,True,тип не зависит от варианта расчёта,,546302
356,Агрызский муниципальный район,Республика Татарстан,муниципальный район,territorial,356,1,"Города, меньше транспорта",1,1,False,тип зависит от варианта расчёта,,34320
357,Азнакаевский муниципальный район,Республика Татарстан,муниципальный район,territorial,357,1,"Города, меньше транспорта",1,1,False,тип зависит от варианта расчёта,,56884
358,Аксубаевский муниципальный район,Республика Татарстан,муниципальный район,territorial,358,2,"Сельские, меньше общепита",2,2,False,тип зависит от варианта расчёта,,25938
359,Актанышский муниципальный район,Республика Татарстан,муниципальный район,territorial,359,1,"Города, меньше транспорта",1,1,False,тип не зависит от варианта расчёта,,27099
360,Алексеевский муниципальный район,Республика Татарстан,муниципальный район,territorial,360,2,"Сельские, меньше общепита",2,2,False,тип зависит от варианта расчёта,,24553
361,Алькеевский муниципальный район,Республика Татарстан,муниципальный район,territorial,361,2,"Сельские, меньше общепита",2,2,False,тип зависит от варианта расчёта,,18005
362,Альметьевский муниципальный район,Республика Татарстан,муниципальный район,territorial,362,3,"Города, меньше продуктов",3,3,False,тип зависит от варианта расчёта,,212590
363,Апастовский муниципальный район,Республика Татарстан,муниципальный район,territorial,363,1,"Города, меньше транспорта",1,1,False,тип зависит от варианта расчёта,,18600
364,Арский муниципальный район,Республика Татарстан,муниципальный район,territorial,364,1,"Города, меньше транспорта",1,1,False,тип зависит от варианта расчёта,,49633
365,Атнинский муниципальный район,Республика Татарстан,муниципальный район,territorial,365,1,"Города, меньше транспорта",1,1,False,тип не зависит от варианта расчёта,,12212
366,Бавлинский муниципальный район,Республика Татарстан,муниципальный район,territorial,366,1,"Города, меньше транспорта",1,1,False,тип не зависит от варианта расчёта,,32090
367,Балтасинский муниципальный район,Республика Татарстан,муниципальный район,territorial,367,2,"Сельские, меньше общепита",2,1,False,тип зависит от варианта расчёта,,32862
368,Бугульминский муниципальный район,Республика Татарстан,муниципальный район,territorial,368,3,"Города, меньше продуктов",3,3,False,тип не зависит от варианта расчёта,,98661
369,Буинский муниципальный район,Республика Татарстан,муниципальный район,territorial,369,1,"Города, меньше транспорта",1,1,False,тип зависит от варианта расчёта,,38928
370,Верхнеуслонский муниципальный район,Республика Татарстан,муниципальный район,territorial,370,3,"Города, меньше продуктов",3,3,False,тип не зависит от варианта расчёта,,17781
371,Высокогорский муниципальный район,Республика Татарстан,муниципальный район,territorial,371,3,"Города, меньше продуктов",3,3,False,тип зависит от варианта расчёта,,61441
372,Дрожжановский муниципальный район,Республика Татарстан,муниципальный район,territorial,372,2,"Сельские, меньше общепита",2,2,False,тип не зависит от варианта расчёта,,19950
373,Елабужский муниципальный район,Республика Татарстан,муниципальный район,territorial,373,3,"Города, меньше продуктов",3,3,False,тип зависит от варианта расчёта,,85784
374,Заинский муниципальный район,Республика Татарстан,муниципальный район,territorial,374,1,"Города, меньше транспорта",1,3,True,тип зависит от варианта расчёта,,51833
375,Зеленодольский муниципальный район,Республика Татарстан,муниципальный район,territorial,375,3,"Города, меньше продуктов",3,3,False,тип зависит от варианта расчёта,,170055
376,Кайбицкий муниципальный район,Республика Татарстан,муниципальный район,territorial,376,2,"Сельские, меньше общепита",2,2,False,тип не зависит от варианта расчёта,,12309
377,Камско-Устьинский муниципальный район,Республика Татарстан,муниципальный район,territorial,377,2,"Сельские, меньше общепита",2,2,False,тип зависит от варианта расчёта,,14058
378,Кукморский муниципальный район,Республика Татарстан,муниципальный район,territorial,378,1,"Города, меньше транспорта",1,1,False,тип зависит от варианта расчёта,,51176
379,Лаишевский муниципальный район,Республика Татарстан,муниципальный район,territorial,379,3,"Города, меньше продуктов",3,3,False,тип зависит от варианта расчёта,,73582
380,Лениногорский муниципальный район,Республика Татарстан,муниципальный район,territorial,380,3,"Города, меньше продуктов",3,3,False,тип зависит от варианта расчёта,,77457
381,Мамадышский муниципальный район,Республика Татарстан,муниципальный район,territorial,381,1,"Города, меньше транспорта",1,1,False,тип зависит от варианта расчёта,,39576
382,Менделеевский муниципальный район,Республика Татарстан,муниципальный район,territorial,382,1,"Города, меньше транспорта",1,1,False,тип зависит от варианта расчёта,,30140
383,Мензелинский муниципальный район,Республика Татарстан,муниципальный район,territorial,383,1,"Города, меньше транспорта",1,1,False,тип зависит от варианта расчёта,,26373
384,Муслюмовский муниципальный район,Республика Татарстан,муниципальный район,territorial,384,1,"Города, меньше транспорта",1,1,False,тип зависит от варианта расчёта,,18554
385,Нижнекамский муниципальный район,Республика Татарстан,муниципальный район,territorial,385,3,"Города, меньше продуктов",3,3,False,тип зависит от варианта расчёта,,276608
386,Новошешминский муниципальный район,Республика Татарстан,муниципальный район,territorial,386,2,"Сельские, меньше общепита",2,2,False,тип зависит от варианта расчёта,,12486
387,Нурлатский муниципальный район,Республика Татарстан,муниципальный район,territorial,387,1,"Города, меньше транспорта",1,1,False,тип зависит от варианта расчёта,,51375
388,Пестречинский муниципальный район,Республика Татарстан,муниципальный район,territorial,388,3,"Города, меньше продуктов",3,3,False,тип зависит от варианта расчёта,,67274
390,Сабинский муниципальный район,Республика Татарстан,муниципальный район,territorial,390,1,"Города, меньше транспорта",1,1,False,тип зависит от варианта расчёта,,30357
391,Сармановский муниципальный район,Республика Татарстан,муниципальный район,territorial,391,1,"Города, меньше транспорта",1,1,False,тип не зависит от варианта расчёта,,33498
392,Спасский муниципальный район,Республика Татарстан,муниципальный район,territorial,392,2,"Сельские, меньше общепита",2,2,False,тип зависит от варианта расчёта,,17886
393,Тетюшский муниципальный район,Республика Татарстан,муниципальный район,territorial,393,2,"Сельские, меньше общепита",2,2,False,тип зависит от варианта расчёта,,19640
395,Тюлячинский муниципальный район,Республика Татарстан,муниципальный район,territorial,395,2,"Сельские, меньше общепита",2,2,False,тип не зависит от варианта расчёта,,13468
396,Черемшанский муниципальный район,Республика Татарстан,муниципальный район,territorial,396,1,"Города, меньше транспорта",1,1,False,тип зависит от варианта расчёта,,17766
397,Чистопольский муниципальный район,Республика Татарстан,муниципальный район,territorial,397,1,"Города, меньше транспорта",1,1,False,тип зависит от варианта расчёта,,73031
398,Ютазинский муниципальный район,Республика Татарстан,муниципальный район,territorial,398,2,"Сельские, меньше общепита",2,2,False,тип зависит от варианта расчёта,,19376
401,Бай-Тайгинский муниципальный район,Республика Тыва,муниципальный район,territorial,401,1,"Города, меньше транспорта",1,1,False,тип зависит от варианта расчёта,,10364
402,Барун-Хемчикский муниципальный район,Республика Тыва,муниципальный район,territorial,402,1,"Города, меньше транспорта",1,1,False,тип зависит от варианта расчёта,,11580
403,Дзун-Хемчикский муниципальный район,Республика Тыва,муниципальный район,territorial,403,2,"Сельские, меньше общепита",1,2,False,тип не зависит от варианта расчёта,,18867
404,Каа-Хемский муниципальный район,Республика Тыва,муниципальный район,territorial,404,1,"Города, меньше транспорта",1,1,False,тип зависит от варианта расчёта,,11948
405,Кызылский муниципальный район,Республика Тыва,муниципальный район,territorial,405,3,"Города, меньше продуктов",3,3,False,тип зависит от варианта расчёта,,36480
408,Пий-Хемский муниципальный район,Республика Тыва,муниципальный район,territorial,408,2,"Сельские, меньше общепита",1,2,True,тип зависит от варианта расчёта,,10298
410,Тандинский муниципальный район,Республика Тыва,муниципальный район,territorial,410,3,"Города, меньше продуктов",1,3,True,тип зависит от варианта расчёта,,15032
413,Тоджинский муниципальный район,Республика Тыва,муниципальный район,territorial,413,1,"Города, меньше транспорта",1,1,False,тип зависит от варианта расчёта,,6788
414,Улуг-Хемский муниципальный район,Республика Тыва,муниципальный район,territorial,414,3,"Города, меньше продуктов",3,3,False,тип зависит от варианта расчёта,,19870
416,Чеди-Хольский муниципальный район,Республика Тыва,муниципальный район,territorial,416,1,"Города, меньше транспорта",1,1,False,тип зависит от варианта расчёта,,7540
418,городской округ город Ижевск,Удмуртская Республика,городской округ,territorial,418,4,"Крупные города, меньше продуктов",4,4,False,тип не зависит от варианта расчёта,,617536
419,городской округ город Воткинск,Удмуртская Республика,городской округ,territorial,419,3,"Города, меньше продуктов",3,3,False,тип зависит от варианта расчёта,,95587
420,городской округ город Глазов,Удмуртская Республика,городской округ,territorial,420,3,"Города, меньше продуктов",3,3,False,тип зависит от варианта расчёта,,85605
421,городской округ город Можга,Удмуртская Республика,городской округ,territorial,421,3,"Города, меньше продуктов",3,3,False,тип зависит от варианта расчёта,,43311
422,городской округ город Сарапул,Удмуртская Республика,городской округ,territorial,422,3,"Города, меньше продуктов",3,3,False,тип зависит от варианта расчёта,,88915
423,муниципальный округ Алнашский район,Удмуртская Республика,муниципальный округ,territorial,423,1,"Города, меньше транспорта",1,1,False,тип зависит от варианта расчёта,,19870
424,муниципальный округ Балезинский район,Удмуртская Республика,муниципальный округ,territorial,424,1,"Города, меньше транспорта",1,1,False,тип зависит от варианта расчёта,,26684
425,муниципальный округ Вавожский район,Удмуртская Республика,муниципальный округ,territorial,425,1,"Города, меньше транспорта",1,1,False,тип зависит от варианта расчёта,,13787
428,муниципальный округ Граховский район,Удмуртская Республика,муниципальный округ,territorial,428,2,"Сельские, меньше общепита",2,2,False,тип зависит от варианта расчёта,,8590
429,муниципальный округ Дебёсский район,Удмуртская Республика,муниципальный округ,territorial,429,1,"Города, меньше транспорта",1,1,False,тип зависит от варианта расчёта,,10741
430,муниципальный округ Завьяловский район,Удмуртская Республика,муниципальный округ,territorial,430,3,"Города, меньше продуктов",3,3,False,тип зависит от варианта расчёта,,84201
431,муниципальный округ Игринский район,Удмуртская Республика,муниципальный округ,territorial,431,1,"Города, меньше транспорта",1,1,False,тип зависит от варианта расчёта,,32382
432,муниципальный округ Камбарский район,Удмуртская Республика,муниципальный округ,territorial,432,1,"Города, меньше транспорта",1,1,False,тип зависит от варианта расчёта,,15551
433,муниципальный округ Каракулинский район,Удмуртская Республика,муниципальный округ,territorial,433,2,"Сельские, меньше общепита",2,2,False,тип зависит от варианта расчёта,,10059
434,муниципальный округ Кезский район,Удмуртская Республика,муниципальный округ,territorial,434,1,"Города, меньше транспорта",1,1,False,тип зависит от варианта расчёта,,17764
435,муниципальный округ Кизнерский район,Удмуртская Республика,муниципальный округ,territorial,435,1,"Города, меньше транспорта",1,1,False,тип зависит от варианта расчёта,,17424
436,муниципальный округ Киясовский район,Удмуртская Республика,муниципальный округ,territorial,436,1,"Города, меньше транспорта",1,1,False,тип зависит от варианта расчёта,,8459
437,муниципальный округ Красногорский район,Удмуртская Республика,муниципальный округ,territorial,437,2,"Сельские, меньше общепита",2,1,False,тип зависит от варианта расчёта,,7426
438,муниципальный округ Малопургинский район,Удмуртская Республика,муниципальный округ,territorial,438,1,"Города, меньше транспорта",1,1,False,тип зависит от варианта расчёта,,30923
440,муниципальный округ Сарапульский район,Удмуртская Республика,муниципальный округ,territorial,440,3,"Города, меньше продуктов",3,3,False,тип зависит от варианта расчёта,,23154
441,муниципальный округ Селтинский район,Удмуртская Республика,муниципальный округ,territorial,441,2,"Сельские, меньше общепита",2,2,False,тип не зависит от варианта расчёта,,10262
442,муниципальный округ Сюмсинский район,Удмуртская Республика,муниципальный округ,territorial,442,2,"Сельские, меньше общепита",2,2,False,тип не зависит от варианта расчёта,,9882
443,муниципальный округ Увинский район,Удмуртская Республика,муниципальный округ,territorial,443,1,"Города, меньше транспорта",1,1,False,тип зависит от варианта расчёта,,33612
444,муниципальный округ Шарканский район,Удмуртская Республика,муниципальный округ,territorial,444,1,"Города, меньше транспорта",1,1,False,тип зависит от варианта расчёта,,18866
445,муниципальный округ Юкаменский район,Удмуртская Республика,муниципальный округ,territorial,445,1,"Города, меньше транспорта",1,2,False,тип зависит от варианта расчёта,,7153
446,муниципальный округ Якшур-Бодьинский район,Удмуртская Республика,муниципальный округ,territorial,446,2,"Сельские, меньше общепита",1,2,False,тип зависит от варианта расчёта,,19340
447,муниципальный округ Ярский район,Удмуртская Республика,муниципальный округ,territorial,447,1,"Города, меньше транспорта",1,1,False,тип зависит от варианта расчёта,,10880
448,городской округ город Абакан,Республика Хакасия,городской округ,territorial,448,4,"Крупные города, меньше продуктов",4,4,False,тип не зависит от варианта расчёта,,185044
449,городской округ город Абаза,Республика Хакасия,городской округ,territorial,449,2,"Сельские, меньше общепита",2,1,True,тип зависит от варианта расчёта,,11892
450,городской округ город Саяногорск,Республика Хакасия,городской округ,territorial,450,3,"Города, меньше продуктов",1,3,False,тип не зависит от варианта расчёта,,55578
451,городской округ город Сорск,Республика Хакасия,городской округ,territorial,451,1,"Города, меньше транспорта",1,1,False,тип зависит от варианта расчёта,,10822
452,городской округ город Черногорск,Республика Хакасия,городской округ,territorial,452,3,"Города, меньше продуктов",3,3,False,тип зависит от варианта расчёта,,77956
453,Алтайский муниципальный район,Республика Хакасия,муниципальный район,territorial,453,1,"Города, меньше транспорта",1,1,False,тип зависит от варианта расчёта,,24164
455,Бейский муниципальный район,Республика Хакасия,муниципальный район,territorial,455,1,"Города, меньше транспорта",1,1,False,тип зависит от варианта расчёта,,16982
456,Боградский муниципальный район,Республика Хакасия,муниципальный район,territorial,456,2,"Сельские, меньше общепита",2,2,False,тип не зависит от варианта расчёта,,10942
457,Орджоникидзевский муниципальный район,Республика Хакасия,муниципальный район,territorial,457,2,"Сельские, меньше общепита",2,2,False,тип не зависит от варианта расчёта,,9532
458,Таштыпский муниципальный район,Республика Хакасия,муниципальный район,territorial,458,1,"Города, меньше транспорта",1,3,True,тип зависит от варианта расчёта,,15136
459,Усть-Абаканский муниципальный район,Республика Хакасия,муниципальный район,territorial,459,3,"Города, меньше продуктов",1,3,False,тип зависит от варианта расчёта,,46600
460,Ширинский муниципальный район,Республика Хакасия,муниципальный район,territorial,460,2,"Сельские, меньше общепита",2,2,False,тип зависит от варианта расчёта,,24098
478,городской округ город Чебоксары,Чувашская Республика,городской округ,territorial,478,4,"Крупные города, меньше продуктов",3,4,True,тип не зависит от варианта расчёта,,506832
479,городской округ город Алатырь,Чувашская Республика,городской округ,territorial,479,2,"Сельские, меньше общепита",2,1,True,тип не зависит от варианта расчёта,,31146
480,городской округ город Канаш,Чувашская Республика,городской округ,territorial,480,3,"Города, меньше продуктов",3,3,False,тип зависит от варианта расчёта,,43272
481,городской округ город Новочебоксарск,Чувашская Республика,городской округ,territorial,481,3,"Города, меньше продуктов",3,3,False,тип зависит от варианта расчёта,,120692
482,городской округ город Шумерля,Чувашская Республика,городской округ,territorial,482,1,"Города, меньше транспорта",1,1,False,тип зависит от варианта расчёта,,25781
484,Аликовский муниципальный округ,Чувашская Республика,муниципальный округ,territorial,484,1,"Города, меньше транспорта",1,1,False,тип зависит от варианта расчёта,,13384
485,Батыревский муниципальный округ,Чувашская Республика,муниципальный округ,territorial,485,1,"Города, меньше транспорта",1,1,False,тип зависит от варианта расчёта,,30551
486,Вурнарский муниципальный округ,Чувашская Республика,муниципальный округ,territorial,486,1,"Города, меньше транспорта",1,1,False,тип зависит от варианта расчёта,,28210
487,Ибресинский муниципальный округ,Чувашская Республика,муниципальный округ,territorial,487,1,"Города, меньше транспорта",1,1,False,тип зависит от варианта расчёта,,19729
489,Козловский муниципальный округ,Чувашская Республика,муниципальный округ,territorial,489,2,"Сельские, меньше общепита",2,1,True,тип зависит от варианта расчёта,,14688
490,Комсомольский муниципальный округ,Чувашская Республика,муниципальный округ,territorial,490,1,"Города, меньше транспорта",1,1,False,тип зависит от варианта расчёта,,20254
491,Красноармейский муниципальный округ,Чувашская Республика,муниципальный округ,territorial,491,1,"Города, меньше транспорта",1,1,False,тип зависит от варианта расчёта,,12328
492,Красночетайский муниципальный округ,Чувашская Республика,муниципальный округ,territorial,492,1,"Города, меньше транспорта",1,3,False,тип зависит от варианта расчёта,,13410
493,Мариинско-Посадский муниципальный округ,Чувашская Республика,муниципальный округ,territorial,493,1,"Города, меньше транспорта",1,1,False,тип зависит от варианта расчёта,,18339
494,Моргаушский муниципальный округ,Чувашская Республика,муниципальный округ,territorial,494,3,"Города, меньше продуктов",3,3,False,тип не зависит от варианта расчёта,,30537
495,Порецкий муниципальный округ,Чувашская Республика,муниципальный округ,territorial,495,2,"Сельские, меньше общепита",2,2,False,тип зависит от варианта расчёта,,10243
496,Урмарский муниципальный округ,Чувашская Республика,муниципальный округ,territorial,496,1,"Города, меньше транспорта",1,1,False,тип зависит от варианта расчёта,,19902
497,Цивильский муниципальный округ,Чувашская Республика,муниципальный округ,territorial,497,1,"Города, меньше транспорта",1,1,False,тип зависит от варианта расчёта,,30982
498,Чебоксарский муниципальный округ,Чувашская Республика,муниципальный округ,territorial,498,3,"Города, меньше продуктов",3,3,False,тип зависит от варианта расчёта,,61397
499,Шемуршинский муниципальный округ,Чувашская Республика,муниципальный округ,territorial,499,1,"Города, меньше транспорта",1,1,False,тип зависит от варианта расчёта,,11246
501,Ядринский муниципальный округ,Чувашская Республика,муниципальный округ,territorial,501,1,"Города, меньше транспорта",1,1,False,тип зависит от варианта расчёта,,22117
502,Яльчикский муниципальный округ,Чувашская Республика,муниципальный округ,territorial,502,1,"Города, меньше транспорта",1,1,False,тип зависит от варианта расчёта,,14779
503,Янтиковский муниципальный округ,Чувашская Республика,муниципальный округ,territorial,503,1,"Города, меньше транспорта",1,2,True,тип зависит от варианта расчёта,,11920
504,городской округ город Барнаул,Алтайский край,городской округ,territorial,504,4,"Крупные города, меньше продуктов",4,4,False,тип не зависит от варианта расчёта,,688210
505,городской округ город Алейск,Алтайский край,городской округ,territorial,505,3,"Города, меньше продуктов",3,3,False,тип зависит от варианта расчёта,,24474
506,городской округ город Белокуриха,Алтайский край,городской округ,territorial,506,3,"Города, меньше продуктов",3,3,False,тип зависит от варианта расчёта,,14876
507,городской округ город Бийск,Алтайский край,городской округ,territorial,507,4,"Крупные города, меньше продуктов",4,4,False,тип не зависит от варианта расчёта,,187922
508,городской округ город Заринск,Алтайский край,городской округ,territorial,508,3,"Города, меньше продуктов",3,4,False,тип зависит от варианта расчёта,,40030
509,городской округ город Новоалтайск,Алтайский край,городской округ,territorial,509,4,"Крупные города, меньше продуктов",4,4,False,тип не зависит от варианта расчёта,,73402
510,городской округ город Рубцовск,Алтайский край,городской округ,territorial,510,4,"Крупные города, меньше продуктов",3,3,False,тип не зависит от варианта расчёта,,122538
511,муниципальный округ город Славгород,Алтайский край,муниципальный округ,territorial,511,3,"Города, меньше продуктов",3,3,False,тип не зависит от варианта расчёта,,36654
512,городской округ город Яровое,Алтайский край,городской округ,territorial,512,1,"Города, меньше транспорта",1,1,False,тип зависит от варианта расчёта,,16467
515,Алтайский муниципальный район,Алтайский край,муниципальный район,territorial,515,3,"Города, меньше продуктов",3,3,False,тип зависит от варианта расчёта,,26238
516,Баевский муниципальный район,Алтайский край,муниципальный район,territorial,516,2,"Сельские, меньше общепита",2,2,False,тип не зависит от варианта расчёта,,7765
517,Бийский муниципальный район,Алтайский край,муниципальный район,territorial,517,3,"Города, меньше продуктов",3,3,False,тип зависит от варианта расчёта,,31411
518,Благовещенский муниципальный район,Алтайский край,муниципальный район,territorial,518,1,"Города, меньше транспорта",1,3,False,тип зависит от варианта расчёта,,25316
519,Бурлинский муниципальный район,Алтайский край,муниципальный район,territorial,519,1,"Города, меньше транспорта",1,1,False,тип зависит от варианта расчёта,,7488
520,Быстроистокский муниципальный район,Алтайский край,муниципальный район,territorial,520,2,"Сельские, меньше общепита",2,2,False,тип не зависит от варианта расчёта,,7058
521,Волчихинский муниципальный район,Алтайский край,муниципальный район,territorial,521,1,"Города, меньше транспорта",1,1,False,тип зависит от варианта расчёта,,14636
522,Егорьевский муниципальный район,Алтайский край,муниципальный район,territorial,522,1,"Города, меньше транспорта",1,1,False,тип зависит от варианта расчёта,,10619
523,Ельцовский муниципальный район,Алтайский край,муниципальный район,territorial,523,1,"Города, меньше транспорта",1,3,True,тип зависит от варианта расчёта,,4625
524,Завьяловский муниципальный район,Алтайский край,муниципальный район,territorial,524,1,"Города, меньше транспорта",1,1,False,тип зависит от варианта расчёта,,15348
525,Залесовский муниципальный округ,Алтайский край,муниципальный округ,territorial,525,2,"Сельские, меньше общепита",2,2,False,тип не зависит от варианта расчёта,,11162
527,Змеиногорский муниципальный район,Алтайский край,муниципальный район,territorial,527,3,"Города, меньше продуктов",3,3,False,тип не зависит от варианта расчёта,,15746
528,Калманский муниципальный район,Алтайский край,муниципальный район,territorial,528,1,"Города, меньше транспорта",1,1,False,тип зависит от варианта расчёта,,11585
529,Каменский муниципальный район,Алтайский край,муниципальный район,territorial,529,1,"Города, меньше транспорта",1,3,True,тип зависит от варианта расчёта,,39718
530,Ключевский муниципальный район,Алтайский край,муниципальный район,territorial,530,3,"Города, меньше продуктов",3,3,False,тип не зависит от варианта расчёта,,12260
531,Косихинский муниципальный район,Алтайский край,муниципальный район,territorial,531,1,"Города, меньше транспорта",1,1,False,тип зависит от варианта расчёта,,13194
532,Красногорский муниципальный район,Алтайский край,муниципальный район,territorial,532,1,"Города, меньше транспорта",1,1,False,тип зависит от варианта расчёта,,12636
533,Краснощёковский муниципальный район,Алтайский край,муниципальный район,territorial,533,1,"Города, меньше транспорта",1,1,False,тип зависит от варианта расчёта,,13472
534,Крутихинский муниципальный район,Алтайский край,муниципальный район,territorial,534,2,"Сельские, меньше общепита",2,2,False,тип не зависит от варианта расчёта,,7790
535,Кулундинский муниципальный район,Алтайский край,муниципальный район,territorial,535,1,"Города, меньше транспорта",1,1,False,тип зависит от варианта расчёта,,20232
536,Курьинский муниципальный район,Алтайский край,муниципальный район,territorial,536,1,"Города, меньше транспорта",1,1,False,тип зависит от варианта расчёта,,7979
537,Кытмановский муниципальный район,Алтайский край,муниципальный район,territorial,537,2,"Сельские, меньше общепита",2,2,False,тип зависит от варианта расчёта,,9459
538,Локтевский муниципальный район,Алтайский край,муниципальный район,territorial,538,1,"Города, меньше транспорта",1,1,False,тип зависит от варианта расчёта,,18942
539,Мамонтовский муниципальный район,Алтайский край,муниципальный район,territorial,539,1,"Города, меньше транспорта",1,1,False,тип зависит от варианта расчёта,,17422
540,Михайловский муниципальный район,Алтайский край,муниципальный район,territorial,540,1,"Города, меньше транспорта",1,1,False,тип зависит от варианта расчёта,,16242
541,Новичихинский муниципальный район,Алтайский край,муниципальный район,territorial,541,1,"Города, меньше транспорта",2,1,False,тип зависит от варианта расчёта,,7359
542,Зональный муниципальный район,Алтайский край,муниципальный район,territorial,542,1,"Города, меньше транспорта",1,1,False,тип зависит от варианта расчёта,,16214
543,Павловский муниципальный район,Алтайский край,муниципальный район,territorial,543,3,"Города, меньше продуктов",3,3,False,тип не зависит от варианта расчёта,,38232
544,Панкрушихинский муниципальный район,Алтайский край,муниципальный район,territorial,544,1,"Города, меньше транспорта",1,1,False,тип зависит от варианта расчёта,,9023
545,Первомайский муниципальный район,Алтайский край,муниципальный район,territorial,545,3,"Города, меньше продуктов",3,3,False,тип не зависит от варианта расчёта,,53556
546,Петропавловский муниципальный район,Алтайский край,муниципальный район,territorial,546,2,"Сельские, меньше общепита",2,2,False,тип зависит от варианта расчёта,,10127
547,Поспелихинский муниципальный район,Алтайский край,муниципальный район,territorial,547,1,"Города, меньше транспорта",1,1,False,тип зависит от варианта расчёта,,19341
548,Ребрихинский муниципальный район,Алтайский край,муниципальный район,territorial,548,1,"Города, меньше транспорта",1,1,False,тип не зависит от варианта расчёта,,18570
549,Родинский муниципальный район,Алтайский край,муниципальный район,territorial,549,2,"Сельские, меньше общепита",2,2,False,тип не зависит от варианта расчёта,,14245
550,Романовский муниципальный район,Алтайский край,муниципальный район,territorial,550,1,"Города, меньше транспорта",1,1,False,тип зависит от варианта расчёта,,10519
552,Смоленский муниципальный район,Алтайский край,муниципальный район,territorial,552,1,"Города, меньше транспорта",1,1,False,тип зависит от варианта расчёта,,19969
553,муниципальный округ Суетский район,Алтайский край,муниципальный округ,territorial,553,2,"Сельские, меньше общепита",2,2,False,тип зависит от варианта расчёта,,3208
554,Советский муниципальный район,Алтайский край,муниципальный район,territorial,554,1,"Города, меньше транспорта",1,3,True,тип зависит от варианта расчёта,,13479
555,Солонешенский муниципальный район,Алтайский край,муниципальный район,territorial,555,2,"Сельские, меньше общепита",2,2,False,тип не зависит от варианта расчёта,,7088
556,Солтонский муниципальный район,Алтайский край,муниципальный район,territorial,556,2,"Сельские, меньше общепита",2,2,False,тип не зависит от варианта расчёта,,5976
557,Шелаболихинский муниципальный район,Алтайский край,муниципальный район,territorial,557,2,"Сельские, меньше общепита",2,2,False,тип зависит от варианта расчёта,,10121
558,Табунский муниципальный район,Алтайский край,муниципальный район,territorial,558,2,"Сельские, меньше общепита",2,2,False,тип зависит от варианта расчёта,,7023
559,Тальменский муниципальный район,Алтайский край,муниципальный район,territorial,559,3,"Города, меньше продуктов",3,3,False,тип не зависит от варианта расчёта,,42172
560,Тогульский муниципальный район,Алтайский край,муниципальный район,territorial,560,1,"Города, меньше транспорта",1,1,False,тип зависит от варианта расчёта,,6098
561,Топчихинский муниципальный район,Алтайский край,муниципальный район,territorial,561,3,"Города, меньше продуктов",1,3,False,тип не зависит от варианта расчёта,,18005
562,Третьяковский муниципальный район,Алтайский край,муниципальный район,territorial,562,1,"Города, меньше транспорта",1,1,False,тип зависит от варианта расчёта,,10017
563,Троицкий муниципальный район,Алтайский край,муниципальный район,territorial,563,2,"Сельские, меньше общепита",1,2,True,тип зависит от варианта расчёта,,17610
564,Тюменцевский муниципальный район,Алтайский край,муниципальный район,territorial,564,1,"Города, меньше транспорта",1,1,False,тип зависит от варианта расчёта,,10715
565,Угловский муниципальный район,Алтайский край,муниципальный район,territorial,565,1,"Города, меньше транспорта",1,1,False,тип зависит от варианта расчёта,,8582
566,Усть-Калманский муниципальный район,Алтайский край,муниципальный район,territorial,566,2,"Сельские, меньше общепита",2,2,False,тип не зависит от варианта расчёта,,10674
567,Усть-Пристанский муниципальный район,Алтайский край,муниципальный район,territorial,567,2,"Сельские, меньше общепита",2,2,False,тип не зависит от варианта расчёта,,8989
568,Хабарский муниципальный район,Алтайский край,муниципальный район,territorial,568,1,"Города, меньше транспорта",1,1,False,тип зависит от варианта расчёта,,12092
569,Целинный муниципальный район,Алтайский край,муниципальный район,territorial,569,2,"Сельские, меньше общепита",2,1,True,тип не зависит от варианта расчёта,,12710
570,муниципальный округ Чарышский район,Алтайский край,муниципальный округ,territorial,570,1,"Города, меньше транспорта",2,1,True,тип зависит от варианта расчёта,,9194
571,Шипуновский муниципальный район,Алтайский край,муниципальный район,territorial,571,1,"Города, меньше транспорта",1,1,False,тип зависит от варианта расчёта,,23936
572,Немецкий национальный муниципальный район,Алтайский край,муниципальный район,territorial,572,1,"Города, меньше транспорта",1,1,False,тип не зависит от варианта расчёта,,14778
574,городской округ город Петровск-Забайкальский,Забайкальский край,городской округ,territorial,574,1,"Города, меньше транспорта",1,1,False,тип зависит от варианта расчёта,,14473
578,Балейский муниципальный район,Забайкальский край,муниципальный район,territorial,578,3,"Города, меньше продуктов",3,1,True,тип зависит от варианта расчёта,,15126
579,Борзинский муниципальный район,Забайкальский край,муниципальный район,territorial,579,3,"Города, меньше продуктов",3,3,False,тип не зависит от варианта расчёта,,43611
580,Газимуро-Заводский муниципальный округ,Забайкальский край,муниципальный округ,territorial,580,4,"Крупные города, меньше продуктов",3,4,True,тип зависит от варианта расчёта,,7817
581,Забайкальский муниципальный район,Забайкальский край,муниципальный район,territorial,581,3,"Города, меньше продуктов",3,3,False,тип не зависит от варианта расчёта,,19246
582,Каларский муниципальный округ,Забайкальский край,муниципальный округ,territorial,582,3,"Города, меньше продуктов",3,3,False,тип не зависит от варианта расчёта,,7362
583,Калганский муниципальный округ,Забайкальский край,муниципальный округ,territorial,583,2,"Сельские, меньше общепита",2,2,False,тип зависит от варианта расчёта,,5419
584,Карымский муниципальный район,Забайкальский край,муниципальный район,territorial,584,3,"Города, меньше продуктов",3,3,False,тип не зависит от варианта расчёта,,33399
585,муниципальный район Город Краснокаменск и Краснокаменский район,Забайкальский край,муниципальный район,territorial,585,3,"Города, меньше продуктов",1,3,False,тип не зависит от варианта расчёта,,55606
586,Красночикойский муниципальный район,Забайкальский край,муниципальный район,territorial,586,1,"Города, меньше транспорта",1,1,False,тип зависит от варианта расчёта,,15725
587,Кыринский муниципальный район,Забайкальский край,муниципальный район,territorial,587,2,"Сельские, меньше общепита",2,2,False,тип не зависит от варианта расчёта,,9845
588,Могочинский муниципальный округ,Забайкальский край,муниципальный округ,territorial,588,1,"Города, меньше транспорта",1,1,False,тип зависит от варианта расчёта,,20682
589,Нерчинский муниципальный район,Забайкальский край,муниципальный район,territorial,589,1,"Города, меньше транспорта",1,1,False,тип зависит от варианта расчёта,,26410
591,Оловяннинский муниципальный район,Забайкальский край,муниципальный район,territorial,591,1,"Города, меньше транспорта",2,1,True,тип зависит от варианта расчёта,,29542
592,Ононский муниципальный округ,Забайкальский край,муниципальный округ,territorial,592,2,"Сельские, меньше общепита",2,2,False,тип не зависит от варианта расчёта,,8132
593,Петровск-Забайкальский муниципальный район,Забайкальский край,муниципальный район,territorial,593,1,"Города, меньше транспорта",1,1,False,тип зависит от варианта расчёта,,21642
594,Приаргунский муниципальный округ,Забайкальский край,муниципальный округ,territorial,594,2,"Сельские, меньше общепита",2,1,True,тип не зависит от варианта расчёта,,14939
595,Сретенский муниципальный район,Забайкальский край,муниципальный район,territorial,595,2,"Сельские, меньше общепита",2,2,False,тип зависит от варианта расчёта,,17716
598,Улётовский муниципальный район,Забайкальский край,муниципальный район,territorial,598,2,"Сельские, меньше общепита",2,2,False,тип не зависит от варианта расчёта,,16740
599,Хилокский муниципальный район,Забайкальский край,муниципальный район,territorial,599,1,"Города, меньше транспорта",1,1,False,тип зависит от варианта расчёта,,24585
600,Чернышевский муниципальный район,Забайкальский край,муниципальный район,territorial,600,1,"Города, меньше транспорта",1,1,False,тип зависит от варианта расчёта,,28966
601,Читинский муниципальный район,Забайкальский край,муниципальный район,territorial,601,3,"Города, меньше продуктов",3,3,False,тип зависит от варианта расчёта,,72026
602,Шелопугинский муниципальный район,Забайкальский край,муниципальный район,territorial,602,2,"Сельские, меньше общепита",2,2,False,тип не зависит от варианта расчёта,,5461
603,Шилкинский муниципальный район,Забайкальский край,муниципальный район,territorial,603,1,"Города, меньше транспорта",1,1,False,тип зависит от варианта расчёта,,34875
604,городской округ поселок Агинское,Забайкальский край,городской округ,territorial,604,3,"Города, меньше продуктов",3,3,False,тип зависит от варианта расчёта,,16766
605,Агинский муниципальный район,Забайкальский край,муниципальный район,territorial,605,3,"Города, меньше продуктов",1,3,False,тип зависит от варианта расчёта,,15538
606,Дульдургинский муниципальный район,Забайкальский край,муниципальный район,territorial,606,2,"Сельские, меньше общепита",2,1,False,тип не зависит от варианта расчёта,,13600
607,Могойтуйский муниципальный район,Забайкальский край,муниципальный район,territorial,607,3,"Города, меньше продуктов",1,3,False,тип зависит от варианта расчёта,,22284
608,городской округ Петропавловск-Камчатский,Камчатский край,городской округ,territorial,608,3,"Города, меньше продуктов",3,3,False,тип зависит от варианта расчёта,,162849
612,Елизовский муниципальный район,Камчатский край,муниципальный район,territorial,612,3,"Города, меньше продуктов",3,3,False,тип зависит от варианта расчёта,,60182
613,Мильковский муниципальный округ,Камчатский край,муниципальный округ,territorial,613,2,"Сельские, меньше общепита",2,2,False,тип не зависит от варианта расчёта,,8623
614,Соболевский муниципальный район,Камчатский край,муниципальный район,territorial,614,1,"Города, меньше транспорта",1,1,False,тип зависит от варианта расчёта,,1963
615,Усть-Большерецкий муниципальный район,Камчатский край,муниципальный район,territorial,615,1,"Города, меньше транспорта",1,1,False,тип зависит от варианта расчёта,,6032
616,Усть-Камчатский муниципальный район,Камчатский край,муниципальный район,territorial,616,1,"Города, меньше транспорта",1,1,False,тип зависит от варианта расчёта,,8321
618,Карагинский муниципальный район,Камчатский край,муниципальный район,territorial,618,1,"Города, меньше транспорта",1,1,False,тип зависит от варианта расчёта,,3450
619,Олюторский муниципальный район,Камчатский край,муниципальный район,territorial,619,1,"Города, меньше транспорта",1,1,False,тип зависит от варианта расчёта,,3478
621,Тигильский муниципальный район,Камчатский край,муниципальный район,territorial,621,1,"Города, меньше транспорта",1,1,False,тип зависит от варианта расчёта,,3644
666,городской округ город Красноярск,Красноярский край,городской округ,territorial,666,4,"Крупные города, меньше продуктов",4,4,False,тип не зависит от варианта расчёта,,1209409
667,городской округ город Ачинск,Красноярский край,городской округ,territorial,667,3,"Города, меньше продуктов",3,3,False,тип зависит от варианта расчёта,,100712
668,городской округ город Боготол,Красноярский край,городской округ,territorial,668,1,"Города, меньше транспорта",1,1,False,тип зависит от варианта расчёта,,17377
669,городской округ город Бородино,Красноярский край,городской округ,territorial,669,1,"Города, меньше транспорта",1,1,False,тип зависит от варианта расчёта,,14862
670,городской округ город Дивногорск,Красноярский край,городской округ,territorial,670,3,"Города, меньше продуктов",3,3,False,тип не зависит от варианта расчёта,,31366
671,городской округ город Енисейск,Красноярский край,городской округ,territorial,671,1,"Города, меньше транспорта",1,1,False,тип зависит от варианта расчёта,,17856
674,городской округ город Канск,Красноярский край,городской округ,territorial,674,3,"Города, меньше продуктов",3,3,False,тип зависит от варианта расчёта,,85384
675,городской округ город Лесосибирск,Красноярский край,городской округ,territorial,675,3,"Города, меньше продуктов",3,3,False,тип не зависит от варианта расчёта,,58510
676,городской округ город Минусинск,Красноярский край,городской округ,territorial,676,3,"Города, меньше продуктов",3,3,False,тип зависит от варианта расчёта,,71008
677,городской округ город Назарово,Красноярский край,городской округ,territorial,677,3,"Города, меньше продуктов",1,3,True,тип не зависит от варианта расчёта,,44016
678,городской округ город Норильск,Красноярский край,городской округ,territorial,678,4,"Крупные города, меньше продуктов",4,4,False,тип зависит от варианта расчёта,,176948
679,городской округ город Сосновоборск,Красноярский край,городской округ,territorial,679,3,"Города, меньше продуктов",3,3,False,тип зависит от варианта расчёта,,40866
680,городской округ город Шарыпово,Красноярский край,городской округ,territorial,680,3,"Города, меньше продуктов",3,3,False,тип не зависит от варианта расчёта,,40510
683,Абанский муниципальный район,Красноярский край,муниципальный район,territorial,683,1,"Города, меньше транспорта",1,1,False,тип зависит от варианта расчёта,,17578
685,Балахтинский муниципальный район,Красноярский край,муниципальный район,territorial,685,3,"Города, меньше продуктов",1,3,False,тип зависит от варианта расчёта,,17690
686,Березовский муниципальный район,Красноярский край,муниципальный район,territorial,686,3,"Города, меньше продуктов",3,3,False,тип зависит от варианта расчёта,,40746
687,Бирилюсский муниципальный район,Красноярский край,муниципальный район,territorial,687,2,"Сельские, меньше общепита",2,2,False,тип не зависит от варианта расчёта,,7843
689,Богучанский муниципальный район,Красноярский край,муниципальный район,territorial,689,1,"Города, меньше транспорта",1,1,False,тип зависит от варианта расчёта,,41946
690,Большемуртинский муниципальный район,Красноярский край,муниципальный район,territorial,690,2,"Сельские, меньше общепита",2,1,True,тип зависит от варианта расчёта,,13418
691,Большеулуйский муниципальный район,Красноярский край,муниципальный район,territorial,691,1,"Города, меньше транспорта",2,1,True,тип зависит от варианта расчёта,,6588
692,Дзержинский муниципальный район,Красноярский край,муниципальный район,territorial,692,2,"Сельские, меньше общепита",2,2,False,тип не зависит от варианта расчёта,,11283
693,Емельяновский муниципальный район,Красноярский край,муниципальный район,territorial,693,4,"Крупные города, меньше продуктов",3,4,False,тип не зависит от варианта расчёта,,55718
694,Енисейский муниципальный район,Красноярский край,муниципальный район,territorial,694,1,"Города, меньше транспорта",1,1,False,тип зависит от варианта расчёта,,21108
695,Ермаковский муниципальный район,Красноярский край,муниципальный район,territorial,695,1,"Города, меньше транспорта",2,1,True,тип зависит от варианта расчёта,,17287
696,Идринский муниципальный район,Красноярский край,муниципальный район,territorial,696,2,"Сельские, меньше общепита",2,2,False,тип не зависит от варианта расчёта,,10200
697,Иланский муниципальный район,Красноярский край,муниципальный район,territorial,697,1,"Города, меньше транспорта",1,1,False,тип зависит от варианта расчёта,,22326
698,Ирбейский муниципальный район,Красноярский край,муниципальный район,territorial,698,2,"Сельские, меньше общепита",2,2,False,тип не зависит от варианта расчёта,,12534
699,Казачинский муниципальный район,Красноярский край,муниципальный район,territorial,699,2,"Сельские, меньше общепита",2,2,False,тип не зависит от варианта расчёта,,8456
701,Каратузский муниципальный район,Красноярский край,муниципальный район,territorial,701,2,"Сельские, меньше общепита",2,2,False,тип не зависит от варианта расчёта,,13059
702,Кежемский муниципальный район,Красноярский край,муниципальный район,territorial,702,1,"Города, меньше транспорта",1,1,False,тип зависит от варианта расчёта,,16398
703,Козульский муниципальный район,Красноярский край,муниципальный район,territorial,703,2,"Сельские, меньше общепита",2,2,False,тип зависит от варианта расчёта,,11719
704,Краснотуранский муниципальный район,Красноярский край,муниципальный район,territorial,704,2,"Сельские, меньше общепита",2,2,False,тип зависит от варианта расчёта,,12762
705,Курагинский муниципальный район,Красноярский край,муниципальный район,territorial,705,2,"Сельские, меньше общепита",2,1,True,тип зависит от варианта расчёта,,39054
706,Манский муниципальный район,Красноярский край,муниципальный район,territorial,706,2,"Сельские, меньше общепита",2,2,False,тип не зависит от варианта расчёта,,13418
708,Мотыгинский муниципальный район,Красноярский край,муниципальный район,territorial,708,1,"Города, меньше транспорта",1,1,False,тип зависит от варианта расчёта,,11916
710,Нижнеингашский муниципальный район,Красноярский край,муниципальный район,territorial,710,2,"Сельские, меньше общепита",2,2,False,тип не зависит от варианта расчёта,,23308
711,Новоселовский муниципальный район,Красноярский край,муниципальный район,territorial,711,2,"Сельские, меньше общепита",2,2,False,тип зависит от варианта расчёта,,10538
712,Партизанский муниципальный район,Красноярский край,муниципальный район,territorial,712,2,"Сельские, меньше общепита",2,2,False,тип не зависит от варианта расчёта,,7895
713,Пировский муниципальный округ,Красноярский край,муниципальный округ,territorial,713,2,"Сельские, меньше общепита",2,2,False,тип не зависит от варианта расчёта,,5659
714,Рыбинский муниципальный район,Красноярский край,муниципальный район,territorial,714,1,"Города, меньше транспорта",1,1,False,тип зависит от варианта расчёта,,29207
715,Саянский муниципальный район,Красноярский край,муниципальный район,territorial,715,2,"Сельские, меньше общепита",2,2,False,тип не зависит от варианта расчёта,,8972
716,Северо-Енисейский муниципальный район,Красноярский край,муниципальный район,territorial,716,3,"Города, меньше продуктов",3,3,False,тип зависит от варианта расчёта,,8240
717,Сухобузимский муниципальный район,Красноярский край,муниципальный район,territorial,717,2,"Сельские, меньше общепита",2,2,False,тип зависит от варианта расчёта,,18790
718,Таймырский Долгано-Ненецкий муниципальный район,Красноярский край,муниципальный район,territorial,718,3,"Города, меньше продуктов",3,3,False,тип не зависит от варианта расчёта,,29653
719,Тасеевский муниципальный район,Красноярский край,муниципальный район,territorial,719,2,"Сельские, меньше общепита",2,2,False,тип не зависит от варианта расчёта,,9855
720,Туруханский муниципальный район,Красноярский край,муниципальный район,territorial,720,3,"Города, меньше продуктов",3,4,True,тип зависит от варианта расчёта,,12670
721,Тюхтетский муниципальный округ,Красноярский край,муниципальный округ,territorial,721,2,"Сельские, меньше общепита",1,2,True,тип не зависит от варианта расчёта,,7441
722,Ужурский муниципальный район,Красноярский край,муниципальный район,territorial,722,1,"Города, меньше транспорта",1,1,False,тип зависит от варианта расчёта,,27324
723,Уярский муниципальный район,Красноярский край,муниципальный район,territorial,723,1,"Города, меньше транспорта",1,1,False,тип зависит от варианта расчёта,,17850
725,Шушенский муниципальный район,Красноярский край,муниципальный район,territorial,725,1,"Города, меньше транспорта",1,1,False,тип зависит от варианта расчёта,,30136
726,Эвенкийский муниципальный район,Красноярский край,муниципальный район,territorial,726,3,"Города, меньше продуктов",3,3,False,тип зависит от варианта расчёта,,13194
727,городской округ Пермский,Пермский край,городской округ,territorial,727,4,"Крупные города, меньше продуктов",4,4,False,тип не зависит от варианта расчёта,,1027216
731,городской округ Лысьвенский,Пермский край,городской округ,territorial,731,3,"Города, меньше продуктов",3,3,False,тип зависит от варианта расчёта,,60831
734,муниципальный округ Александровский,Пермский край,муниципальный округ,territorial,734,2,"Сельские, меньше общепита",1,1,False,тип зависит от варианта расчёта,,22440
735,муниципальный округ Бардымский,Пермский край,муниципальный округ,territorial,735,1,"Города, меньше транспорта",1,1,False,тип зависит от варианта расчёта,,26156
736,муниципальный округ Березовский,Пермский край,муниципальный округ,territorial,736,2,"Сельские, меньше общепита",2,2,False,тип не зависит от варианта расчёта,,13416
737,муниципальный округ Большесосновский,Пермский край,муниципальный округ,territorial,737,1,"Города, меньше транспорта",1,2,False,тип зависит от варианта расчёта,,11657
738,городской округ Верещагинский,Пермский край,городской округ,territorial,738,1,"Города, меньше транспорта",1,1,False,тип зависит от варианта расчёта,,38839
739,городской округ Горнозаводский,Пермский край,городской округ,territorial,739,1,"Города, меньше транспорта",1,1,False,тип зависит от варианта расчёта,,21483
741,городской округ Добрянский,Пермский край,городской округ,territorial,741,3,"Города, меньше продуктов",3,3,False,тип не зависит от варианта расчёта,,47623
742,муниципальный округ Еловский,Пермский край,муниципальный округ,territorial,742,2,"Сельские, меньше общепита",2,2,False,тип не зависит от варианта расчёта,,8476
743,городской округ Ильинский,Пермский край,городской округ,territorial,743,2,"Сельские, меньше общепита",2,2,False,тип зависит от варианта расчёта,,17034
744,муниципальный округ Карагайский,Пермский край,муниципальный округ,territorial,744,1,"Города, меньше транспорта",1,1,False,тип зависит от варианта расчёта,,19844
745,городской округ город Кизел,Пермский край,городской округ,territorial,745,1,"Города, меньше транспорта",1,1,False,тип зависит от варианта расчёта,,16967
746,муниципальный округ Кишертский,Пермский край,муниципальный округ,territorial,746,2,"Сельские, меньше общепита",2,2,False,тип зависит от варианта расчёта,,10794
747,городской округ Красновишерский,Пермский край,городской округ,territorial,747,1,"Города, меньше транспорта",1,1,False,тип зависит от варианта расчёта,,17062
748,городской округ Краснокамский,Пермский край,городской округ,territorial,748,3,"Города, меньше продуктов",3,3,False,тип зависит от варианта расчёта,,66302
749,муниципальный округ Куединский,Пермский край,муниципальный округ,territorial,749,2,"Сельские, меньше общепита",2,2,False,тип зависит от варианта расчёта,,22847
751,городской округ Нытвенский,Пермский край,городской округ,territorial,751,1,"Города, меньше транспорта",1,1,False,тип зависит от варианта расчёта,,37530
752,городской округ Октябрьский,Пермский край,городской округ,territorial,752,1,"Города, меньше транспорта",2,1,False,тип зависит от варианта расчёта,,23770
753,муниципальный округ Ординский,Пермский край,муниципальный округ,territorial,753,2,"Сельские, меньше общепита",2,2,False,тип зависит от варианта расчёта,,13914
754,городской округ Осинский,Пермский край,городской округ,territorial,754,3,"Города, меньше продуктов",3,3,False,тип зависит от варианта расчёта,,26093
755,городской округ Оханский,Пермский край,городской округ,territorial,755,2,"Сельские, меньше общепита",1,2,False,тип зависит от варианта расчёта,,13936
756,городской округ Очерский,Пермский край,городской округ,territorial,756,1,"Города, меньше транспорта",1,1,False,тип зависит от варианта расчёта,,22194
757,муниципальный округ Пермский,Пермский край,муниципальный округ,territorial,757,4,"Крупные города, меньше продуктов",4,4,False,тип не зависит от варианта расчёта,,128922
758,муниципальный округ Сивинский,Пермский край,муниципальный округ,territorial,758,2,"Сельские, меньше общепита",1,2,True,тип зависит от варианта расчёта,,11750
760,городской округ Суксунский,Пермский край,городской округ,territorial,760,2,"Сельские, меньше общепита",2,2,False,тип не зависит от варианта расчёта,,18026
761,муниципальный округ Уинский,Пермский край,муниципальный округ,territorial,761,2,"Сельские, меньше общепита",2,2,False,тип не зависит от варианта расчёта,,9651
763,городской округ Чайковский,Пермский край,городской округ,territorial,763,3,"Города, меньше продуктов",3,3,False,тип зависит от варианта расчёта,,93380
764,муниципальный округ Частинский,Пермский край,муниципальный округ,territorial,764,1,"Города, меньше транспорта",1,2,True,тип не зависит от варианта расчёта,,11730
765,городской округ Чердынский,Пермский край,городской округ,territorial,765,2,"Сельские, меньше общепита",2,2,False,тип не зависит от варианта расчёта,,14584
766,городской округ Чернушинский,Пермский край,городской округ,territorial,766,3,"Города, меньше продуктов",1,3,True,тип зависит от варианта расчёта,,50359
767,городской округ Чусовской,Пермский край,городской округ,territorial,767,3,"Города, меньше продуктов",1,3,False,тип не зависит от варианта расчёта,,63380
769,муниципальный округ Гайнский,Пермский край,муниципальный округ,territorial,769,2,"Сельские, меньше общепита",2,2,False,тип зависит от варианта расчёта,,11563
770,муниципальный округ Косинский,Пермский край,муниципальный округ,territorial,770,2,"Сельские, меньше общепита",2,1,True,тип не зависит от варианта расчёта,,5484
771,муниципальный округ Кочевский,Пермский край,муниципальный округ,territorial,771,1,"Города, меньше транспорта",1,1,False,тип зависит от варианта расчёта,,9206
773,муниципальный округ Юрлинский,Пермский край,муниципальный округ,territorial,773,1,"Города, меньше транспорта",2,1,False,тип зависит от варианта расчёта,,8378
774,муниципальный округ Юсьвинский,Пермский край,муниципальный округ,territorial,774,1,"Города, меньше транспорта",1,2,True,тип не зависит от варианта расчёта,,16091
775,городской округ Владивостокский,Приморский край,городской округ,territorial,775,4,"Крупные города, меньше продуктов",4,4,False,тип не зависит от варианта расчёта,,624206
776,городской округ Арсеньевский,Приморский край,городской округ,territorial,776,3,"Города, меньше продуктов",3,3,False,тип зависит от варианта расчёта,,46779
777,городской округ Артемовский,Приморский край,городской округ,territorial,777,3,"Города, меньше продуктов",3,3,False,тип зависит от варианта расчёта,,117700
778,городской округ Большой Камень,Приморский край,городской округ,territorial,778,3,"Города, меньше продуктов",3,3,False,тип зависит от варианта расчёта,,42342
779,городской округ Дальнегорский,Приморский край,городской округ,territorial,779,1,"Города, меньше транспорта",2,1,True,тип зависит от варианта расчёта,,38266
780,городской округ Дальнереченский,Приморский край,городской округ,territorial,780,1,"Города, меньше транспорта",1,1,False,тип зависит от варианта расчёта,,24441
781,городской округ Лесозаводский,Приморский край,городской округ,territorial,781,1,"Города, меньше транспорта",1,1,False,тип зависит от варианта расчёта,,39492
782,городской округ Находкинский,Приморский край,городской округ,territorial,782,3,"Города, меньше продуктов",3,3,False,тип зависит от варианта расчёта,,135104
783,городской округ Партизанский,Приморский край,городской округ,territorial,783,1,"Города, меньше транспорта",1,1,False,тип зависит от варианта расчёта,,38971
784,городской округ Спасск-Дальний,Приморский край,городской округ,territorial,784,1,"Города, меньше транспорта",1,1,False,тип зависит от варианта расчёта,,34596
785,городской округ Уссурийский,Приморский край,городской округ,territorial,785,4,"Крупные города, меньше продуктов",3,4,True,тип не зависит от варианта расчёта,,204764
787,Анучинский муниципальный округ,Приморский край,муниципальный округ,territorial,787,2,"Сельские, меньше общепита",2,2,False,тип не зависит от варианта расчёта,,12109
788,Дальнереченский муниципальный район,Приморский край,муниципальный район,territorial,788,3,"Города, меньше продуктов",3,3,False,тип зависит от варианта расчёта,,7696
789,Кавалеровский муниципальный округ,Приморский край,муниципальный округ,territorial,789,1,"Города, меньше транспорта",1,1,False,тип зависит от варианта расчёта,,20556
790,Кировский муниципальный район,Приморский край,муниципальный район,territorial,790,1,"Города, меньше транспорта",1,1,False,тип зависит от варианта расчёта,,17166
791,Красноармейский муниципальный округ,Приморский край,муниципальный округ,territorial,791,2,"Сельские, меньше общепита",2,2,False,тип зависит от варианта расчёта,,13742
792,Лазовский муниципальный округ,Приморский край,муниципальный округ,territorial,792,2,"Сельские, меньше общепита",2,2,False,тип зависит от варианта расчёта,,11578
793,Михайловский муниципальный район,Приморский край,муниципальный район,territorial,793,1,"Города, меньше транспорта",1,1,False,тип не зависит от варианта расчёта,,28482
794,Надеждинский муниципальный район,Приморский край,муниципальный район,territorial,794,3,"Города, меньше продуктов",3,3,False,тип зависит от варианта расчёта,,42371
795,Октябрьский муниципальный округ,Приморский край,муниципальный округ,territorial,795,1,"Города, меньше транспорта",1,1,False,тип зависит от варианта расчёта,,22609
796,Ольгинский муниципальный округ,Приморский край,муниципальный округ,territorial,796,2,"Сельские, меньше общепита",2,2,False,тип не зависит от варианта расчёта,,7140
797,Партизанский муниципальный округ,Приморский край,муниципальный округ,territorial,797,1,"Города, меньше транспорта",1,1,False,тип зависит от варианта расчёта,,29692
798,Пограничный муниципальный округ,Приморский край,муниципальный округ,territorial,798,1,"Города, меньше транспорта",1,1,False,тип зависит от варианта расчёта,,18060
799,Пожарский муниципальный округ,Приморский край,муниципальный округ,territorial,799,1,"Города, меньше транспорта",1,1,False,тип не зависит от варианта расчёта,,23910
800,Спасский муниципальный район,Приморский край,муниципальный район,territorial,800,1,"Города, меньше транспорта",1,1,False,тип зависит от варианта расчёта,,19611
801,Тернейский муниципальный округ,Приморский край,муниципальный округ,territorial,801,2,"Сельские, меньше общепита",1,2,False,тип зависит от варианта расчёта,,9660
802,Ханкайский муниципальный округ,Приморский край,муниципальный округ,territorial,802,1,"Города, меньше транспорта",2,1,True,тип не зависит от варианта расчёта,,16890
803,Хасанский муниципальный округ,Приморский край,муниципальный округ,territorial,803,1,"Города, меньше транспорта",1,1,False,тип зависит от варианта расчёта,,24296
804,Хорольский муниципальный округ,Приморский край,муниципальный округ,territorial,804,2,"Сельские, меньше общепита",2,2,False,тип не зависит от варианта расчёта,,24276
805,Черниговский муниципальный округ,Приморский край,муниципальный округ,territorial,805,1,"Города, меньше транспорта",1,1,False,тип зависит от варианта расчёта,,25735
806,Чугуевский муниципальный округ,Приморский край,муниципальный округ,territorial,806,1,"Города, меньше транспорта",1,1,False,тип зависит от варианта расчёта,,20948
807,Шкотовский муниципальный округ,Приморский край,муниципальный округ,territorial,807,1,"Города, меньше транспорта",1,1,False,тип зависит от варианта расчёта,,21030
808,Яковлевский муниципальный округ,Приморский край,муниципальный округ,territorial,808,2,"Сельские, меньше общепита",2,2,False,тип зависит от варианта расчёта,,11880
809,городской округ город Ставрополь,Ставропольский край,городской округ,territorial,809,4,"Крупные города, меньше продуктов",4,4,False,тип не зависит от варианта расчёта,,557402
810,Благодарненский муниципальный округ,Ставропольский край,муниципальный округ,territorial,810,1,"Города, меньше транспорта",1,1,False,тип зависит от варианта расчёта,,57014
811,Георгиевский муниципальный округ,Ставропольский край,муниципальный округ,territorial,811,3,"Города, меньше продуктов",3,3,False,тип зависит от варианта расчёта,,157898
812,городской округ город-курорт Ессентуки,Ставропольский край,городской округ,territorial,812,4,"Крупные города, меньше продуктов",3,3,False,тип не зависит от варианта расчёта,,123138
813,городской округ город-курорт Железноводск,Ставропольский край,городской округ,territorial,813,3,"Города, меньше продуктов",3,3,False,тип зависит от варианта расчёта,,50082
814,Изобильненский муниципальный округ,Ставропольский край,муниципальный округ,territorial,814,1,"Города, меньше транспорта",1,1,False,тип зависит от варианта расчёта,,104095
815,Ипатовский муниципальный округ,Ставропольский край,муниципальный округ,territorial,815,1,"Города, меньше транспорта",1,1,False,тип не зависит от варианта расчёта,,56684
817,Кировский муниципальный округ,Ставропольский край,муниципальный округ,territorial,817,1,"Города, меньше транспорта",1,1,False,тип зависит от варианта расчёта,,66369
818,городской округ город Лермонтов,Ставропольский край,городской округ,territorial,818,3,"Города, меньше продуктов",3,3,False,тип не зависит от варианта расчёта,,24717
819,Минераловодский муниципальный округ,Ставропольский край,муниципальный округ,territorial,819,3,"Города, меньше продуктов",3,3,False,тип зависит от варианта расчёта,,130865
820,городской округ город Невинномысск,Ставропольский край,городской округ,territorial,820,3,"Города, меньше продуктов",3,3,False,тип зависит от варианта расчёта,,114556
821,Нефтекумский муниципальный округ,Ставропольский край,муниципальный округ,territorial,821,1,"Города, меньше транспорта",1,1,False,тип не зависит от варианта расчёта,,59801
822,Новоалександровский муниципальный округ,Ставропольский край,муниципальный округ,territorial,822,2,"Сельские, меньше общепита",2,2,False,тип зависит от варианта расчёта,,62246
823,Петровский муниципальный округ,Ставропольский край,муниципальный округ,territorial,823,1,"Города, меньше транспорта",1,1,False,тип зависит от варианта расчёта,,68240
824,городской округ город-курорт Пятигорск,Ставропольский край,городской округ,territorial,824,4,"Крупные города, меньше продуктов",4,4,False,тип не зависит от варианта расчёта,,211692
825,Советский муниципальный округ,Ставропольский край,муниципальный округ,territorial,825,1,"Города, меньше транспорта",1,1,False,тип не зависит от варианта расчёта,,57692
826,Александровский муниципальный округ,Ставропольский край,муниципальный округ,territorial,826,2,"Сельские, меньше общепита",2,2,False,тип не зависит от варианта расчёта,,46217
827,Андроповский муниципальный округ,Ставропольский край,муниципальный округ,territorial,827,2,"Сельские, меньше общепита",2,2,False,тип не зависит от варианта расчёта,,33305
828,Апанасенковский муниципальный округ,Ставропольский край,муниципальный округ,territorial,828,2,"Сельские, меньше общепита",2,2,False,тип зависит от варианта расчёта,,29279
829,Арзгирский муниципальный округ,Ставропольский край,муниципальный округ,territorial,829,2,"Сельские, меньше общепита",2,2,False,тип не зависит от варианта расчёта,,22666
830,Будённовский муниципальный округ,Ставропольский край,муниципальный округ,territorial,830,1,"Города, меньше транспорта",1,1,False,тип зависит от варианта расчёта,,106466
831,Грачёвский муниципальный округ,Ставропольский край,муниципальный округ,territorial,831,2,"Сельские, меньше общепита",2,2,False,тип зависит от варианта расчёта,,37958
832,Кочубеевский муниципальный округ,Ставропольский край,муниципальный округ,territorial,832,1,"Города, меньше транспорта",1,1,False,тип зависит от варианта расчёта,,77707
833,Красногвардейский муниципальный округ,Ставропольский край,муниципальный округ,territorial,833,1,"Города, меньше транспорта",1,1,False,тип не зависит от варианта расчёта,,35678
834,Курский муниципальный округ,Ставропольский край,муниципальный округ,territorial,834,2,"Сельские, меньше общепита",2,1,False,тип не зависит от варианта расчёта,,52260
835,Левокумский муниципальный округ,Ставропольский край,муниципальный округ,territorial,835,2,"Сельские, меньше общепита",2,2,False,тип не зависит от варианта расчёта,,34715
836,Новоселицкий муниципальный округ,Ставропольский край,муниципальный округ,territorial,836,2,"Сельские, меньше общепита",2,2,False,тип зависит от варианта расчёта,,24490
838,Степновский муниципальный округ,Ставропольский край,муниципальный округ,territorial,838,2,"Сельские, меньше общепита",2,2,False,тип зависит от варианта расчёта,,20369
839,Труновский муниципальный округ,Ставропольский край,муниципальный округ,territorial,839,2,"Сельские, меньше общепита",2,2,True,тип зависит от варианта расчёта,,32211
840,Туркменский муниципальный округ,Ставропольский край,муниципальный округ,territorial,840,2,"Сельские, меньше общепита",2,2,False,тип зависит от варианта расчёта,,22025
841,Шпаковский муниципальный округ,Ставропольский край,муниципальный округ,territorial,841,3,"Города, меньше продуктов",3,3,False,тип зависит от варианта расчёта,,165229
842,городской округ город Хабаровск,Хабаровский край,городской округ,territorial,842,4,"Крупные города, меньше продуктов",4,4,False,тип не зависит от варианта расчёта,,615585
843,городской округ город Комсомольск-на-Амуре,Хабаровский край,городской округ,territorial,843,3,"Города, меньше продуктов",3,3,False,тип зависит от варианта расчёта,,234602
844,Амурский муниципальный район,Хабаровский край,муниципальный район,territorial,844,1,"Города, меньше транспорта",1,1,False,тип зависит от варианта расчёта,,55700
846,Бикинский муниципальный район,Хабаровский край,муниципальный район,territorial,846,1,"Города, меньше транспорта",1,1,False,тип зависит от варианта расчёта,,21058
847,Ванинский муниципальный район,Хабаровский край,муниципальный район,territorial,847,1,"Города, меньше транспорта",1,1,False,тип зависит от варианта расчёта,,33368
848,Верхнебуреинский муниципальный район,Хабаровский край,муниципальный район,territorial,848,1,"Города, меньше транспорта",1,1,False,тип зависит от варианта расчёта,,24548
849,Вяземский муниципальный район,Хабаровский край,муниципальный район,territorial,849,2,"Сельские, меньше общепита",2,2,False,тип не зависит от варианта расчёта,,19100
851,муниципальный район имени Лазо,Хабаровский край,муниципальный район,territorial,851,2,"Сельские, меньше общепита",2,2,False,тип не зависит от варианта расчёта,,37652
852,Нанайский муниципальный район,Хабаровский край,муниципальный район,territorial,852,1,"Города, меньше транспорта",2,1,False,тип зависит от варианта расчёта,,13918
853,Николаевский муниципальный район,Хабаровский край,муниципальный район,territorial,853,1,"Города, меньше транспорта",1,1,False,тип не зависит от варианта расчёта,,23255
854,Охотский муниципальный округ,Хабаровский край,муниципальный округ,territorial,854,1,"Города, меньше транспорта",1,1,False,тип зависит от варианта расчёта,,6190
855,муниципальный район имени Полины Осипенко,Хабаровский край,муниципальный район,territorial,855,1,"Города, меньше транспорта",1,1,False,тип зависит от варианта расчёта,,3518
856,Советско-Гаванский муниципальный район,Хабаровский край,муниципальный район,territorial,856,1,"Города, меньше транспорта",1,1,False,тип зависит от варианта расчёта,,36134
857,Солнечный муниципальный район,Хабаровский край,муниципальный район,territorial,857,1,"Города, меньше транспорта",1,1,False,тип не зависит от варианта расчёта,,26768
859,Ульчский муниципальный район,Хабаровский край,муниципальный район,territorial,859,2,"Сельские, меньше общепита",2,2,False,тип не зависит от варианта расчёта,,13872
860,Хабаровский муниципальный район,Хабаровский край,муниципальный район,territorial,860,4,"Крупные города, меньше продуктов",4,4,False,тип не зависит от варианта расчёта,,82570
870,Архаринский муниципальный округ,Амурская область,муниципальный округ,territorial,870,2,"Сельские, меньше общепита",2,2,False,тип не зависит от варианта расчёта,,12343
871,Белогорский муниципальный округ,Амурская область,муниципальный округ,territorial,871,1,"Города, меньше транспорта",1,1,False,тип зависит от варианта расчёта,,16954
872,Благовещенский муниципальный округ,Амурская область,муниципальный округ,territorial,872,4,"Крупные города, меньше продуктов",3,4,True,тип не зависит от варианта расчёта,,36039
873,Бурейский муниципальный округ,Амурская область,муниципальный округ,territorial,873,1,"Города, меньше транспорта",1,1,False,тип зависит от варианта расчёта,,16418
874,Завитинский муниципальный округ,Амурская область,муниципальный округ,territorial,874,2,"Сельские, меньше общепита",2,1,True,тип зависит от варианта расчёта,,11459
875,Зейский муниципальный округ,Амурская область,муниципальный округ,territorial,875,3,"Города, меньше продуктов",3,3,False,тип зависит от варианта расчёта,,11154
876,Ивановский муниципальный округ,Амурская область,муниципальный округ,territorial,876,1,"Города, меньше транспорта",1,1,False,тип зависит от варианта расчёта,,20755
877,Константиновский муниципальный район,Амурская область,муниципальный район,territorial,877,2,"Сельские, меньше общепита",2,2,False,тип зависит от варианта расчёта,,10544
878,Магдагачинский муниципальный район,Амурская область,муниципальный район,territorial,878,1,"Города, меньше транспорта",1,1,False,тип зависит от варианта расчёта,,16336
879,Мазановский муниципальный район,Амурская область,муниципальный район,territorial,879,1,"Города, меньше транспорта",1,1,False,тип зависит от варианта расчёта,,9104
880,Михайловский муниципальный район,Амурская область,муниципальный район,territorial,880,2,"Сельские, меньше общепита",2,2,False,тип не зависит от варианта расчёта,,12146
881,Октябрьский муниципальный район,Амурская область,муниципальный район,territorial,881,1,"Города, меньше транспорта",1,1,False,тип зависит от варианта расчёта,,18255
882,Ромненский муниципальный округ,Амурская область,муниципальный округ,territorial,882,2,"Сельские, меньше общепита",2,2,False,тип не зависит от варианта расчёта,,7156
883,Свободненский муниципальный район,Амурская область,муниципальный район,territorial,883,3,"Города, меньше продуктов",3,3,False,тип не зависит от варианта расчёта,,13924
884,Селемджинский муниципальный район,Амурская область,муниципальный район,territorial,884,3,"Города, меньше продуктов",3,1,False,тип зависит от варианта расчёта,,7115
885,Серышевский муниципальный округ,Амурская область,муниципальный округ,territorial,885,1,"Города, меньше транспорта",2,1,True,тип зависит от варианта расчёта,,20792
886,Сковородинский муниципальный округ,Амурская область,муниципальный округ,territorial,886,1,"Города, меньше транспорта",1,1,False,тип зависит от варианта расчёта,,19568
888,Тындинский муниципальный округ,Амурская область,муниципальный округ,territorial,888,3,"Города, меньше продуктов",1,3,False,тип зависит от варианта расчёта,,13324
889,Шимановский муниципальный округ,Амурская область,муниципальный округ,territorial,889,1,"Города, меньше транспорта",1,1,False,тип зависит от варианта расчёта,,4916
890,городской округ город Архангельск,Архангельская область,городской округ,territorial,890,4,"Крупные города, меньше продуктов",4,4,False,тип не зависит от варианта расчёта,,300498
891,городской округ город Коряжма,Архангельская область,городской округ,territorial,891,3,"Города, меньше продуктов",3,3,False,тип не зависит от варианта расчёта,,33541
892,городской округ Котлас,Архангельская область,городской округ,territorial,892,3,"Города, меньше продуктов",3,3,False,тип зависит от варианта расчёта,,66606
895,городской округ город Новодвинск,Архангельская область,городской округ,territorial,895,1,"Города, меньше транспорта",1,1,False,тип зависит от варианта расчёта,,32502
896,городской округ Северодвинск,Архангельская область,городской округ,territorial,896,4,"Крупные города, меньше продуктов",4,4,False,тип не зависит от варианта расчёта,,156156
897,Вельский муниципальный район,Архангельская область,муниципальный район,territorial,897,1,"Города, меньше транспорта",1,3,True,тип зависит от варианта расчёта,,44613
898,Верхнетоемский муниципальный округ,Архангельская область,муниципальный округ,territorial,898,2,"Сельские, меньше общепита",2,2,False,тип зависит от варианта расчёта,,10733
899,муниципальный округ Вилегодский,Архангельская область,муниципальный округ,territorial,899,1,"Города, меньше транспорта",1,1,False,тип зависит от варианта расчёта,,8495
900,Виноградовский муниципальный округ,Архангельская область,муниципальный округ,territorial,900,2,"Сельские, меньше общепита",2,2,False,тип не зависит от варианта расчёта,,12278
901,муниципальный округ Каргопольский,Архангельская область,муниципальный округ,territorial,901,1,"Города, меньше транспорта",2,1,True,тип зависит от варианта расчёта,,14562
902,Коношский муниципальный район,Архангельская область,муниципальный район,territorial,902,1,"Города, меньше транспорта",1,1,False,тип зависит от варианта расчёта,,17670
903,Котласский муниципальный округ,Архангельская область,муниципальный округ,territorial,903,1,"Города, меньше транспорта",1,1,False,тип зависит от варианта расчёта,,16986
904,Красноборский муниципальный округ,Архангельская область,муниципальный округ,territorial,904,2,"Сельские, меньше общепита",2,2,False,тип не зависит от варианта расчёта,,9876
905,Ленский муниципальный район,Архангельская область,муниципальный район,territorial,905,1,"Города, меньше транспорта",1,1,False,тип зависит от варианта расчёта,,9568
907,Мезенский муниципальный округ,Архангельская область,муниципальный округ,territorial,907,2,"Сельские, меньше общепита",1,2,False,тип зависит от варианта расчёта,,7028
908,Няндомский муниципальный округ,Архангельская область,муниципальный округ,territorial,908,1,"Города, меньше транспорта",1,1,False,тип зависит от варианта расчёта,,22510
909,Онежский муниципальный район,Архангельская область,муниципальный район,territorial,909,1,"Города, меньше транспорта",1,1,False,тип зависит от варианта расчёта,,23142
911,Плесецкий муниципальный округ,Архангельская область,муниципальный округ,territorial,911,1,"Города, меньше транспорта",1,1,False,тип зависит от варианта расчёта,,32816
912,Приморский муниципальный округ,Архангельская область,муниципальный округ,territorial,912,3,"Города, меньше продуктов",3,3,False,тип зависит от варианта расчёта,,28845
913,Устьянский муниципальный округ,Архангельская область,муниципальный округ,territorial,913,1,"Города, меньше транспорта",1,1,False,тип зависит от варианта расчёта,,23130
914,Холмогорский муниципальный округ,Архангельская область,муниципальный округ,territorial,914,2,"Сельские, меньше общепита",2,2,False,тип зависит от варианта расчёта,,17826
915,Шенкурский муниципальный округ,Архангельская область,муниципальный округ,territorial,915,2,"Сельские, меньше общепита",2,2,False,тип не зависит от варианта расчёта,,10331
916,городской округ город Нарьян-Мар,Ненецкий автономный округ,городской округ,territorial,916,1,"Города, меньше транспорта",1,1,False,тип зависит от варианта расчёта,,24161
917,муниципальный район Заполярный район,Ненецкий автономный округ,муниципальный район,territorial,917,1,"Города, меньше транспорта",1,1,False,тип зависит от варианта расчёта,,17904
918,городской округ город Астрахань,Астраханская область,городской округ,territorial,918,4,"Крупные города, меньше продуктов",4,4,False,тип не зависит от варианта расчёта,,465757
920,Ахтубинский муниципальный район,Астраханская область,муниципальный район,territorial,920,1,"Города, меньше транспорта",1,1,False,тип зависит от варианта расчёта,,56816
922,Енотаевский муниципальный район,Астраханская область,муниципальный район,territorial,922,2,"Сельские, меньше общепита",2,1,True,тип не зависит от варианта расчёта,,25020
923,Икрянинский муниципальный район,Астраханская область,муниципальный район,territorial,923,2,"Сельские, меньше общепита",1,2,False,тип зависит от варианта расчёта,,47522
924,Камызякский муниципальный район,Астраханская область,муниципальный район,territorial,924,2,"Сельские, меньше общепита",2,2,True,тип зависит от варианта расчёта,,46710
925,Красноярский муниципальный район,Астраханская область,муниципальный район,territorial,925,1,"Города, меньше транспорта",1,1,False,тип зависит от варианта расчёта,,35788
926,Лиманский муниципальный район,Астраханская область,муниципальный район,territorial,926,2,"Сельские, меньше общепита",2,2,False,тип не зависит от варианта расчёта,,27655
927,Наримановский муниципальный район,Астраханская область,муниципальный район,territorial,927,4,"Крупные города, меньше продуктов",3,4,True,тип не зависит от варианта расчёта,,47480
928,Приволжский муниципальный район,Астраханская область,муниципальный район,territorial,928,4,"Крупные города, меньше продуктов",3,4,False,тип не зависит от варианта расчёта,,67496
929,Харабалинский муниципальный район,Астраханская область,муниципальный район,territorial,929,1,"Города, меньше транспорта",1,1,False,тип зависит от варианта расчёта,,39379
930,Черноярский муниципальный район,Астраханская область,муниципальный район,territorial,930,2,"Сельские, меньше общепита",2,2,False,тип не зависит от варианта расчёта,,19320
986,городской округ город Владимир,Владимирская область,городской округ,territorial,986,3,"Города, меньше продуктов",3,3,False,тип зависит от варианта расчёта,,345464
987,городской округ город Гусь-Хрустальный,Владимирская область,городской округ,territorial,987,3,"Города, меньше продуктов",1,3,True,тип зависит от варианта расчёта,,50845
988,городской округ город Ковров,Владимирская область,городской округ,territorial,988,3,"Города, меньше продуктов",3,3,False,тип зависит от варианта расчёта,,128355
989,городской округ округ Муром,Владимирская область,городской округ,territorial,989,3,"Города, меньше продуктов",3,3,False,тип зависит от варианта расчёта,,118902
991,Александровский муниципальный район,Владимирская область,муниципальный район,territorial,991,3,"Города, меньше продуктов",3,3,False,тип зависит от варианта расчёта,,101994
992,Вязниковский муниципальный район,Владимирская область,муниципальный район,territorial,992,1,"Города, меньше транспорта",1,1,False,тип зависит от варианта расчёта,,66180
993,Гороховецкий муниципальный район,Владимирская область,муниципальный район,territorial,993,2,"Сельские, меньше общепита",2,2,False,тип не зависит от варианта расчёта,,19720
994,Гусь-Хрустальный муниципальный район,Владимирская область,муниципальный район,territorial,994,2,"Сельские, меньше общепита",1,1,False,тип зависит от варианта расчёта,,38466
995,Камешковский муниципальный район,Владимирская область,муниципальный район,territorial,995,1,"Города, меньше транспорта",1,1,False,тип зависит от варианта расчёта,,30390
996,Киржачский муниципальный район,Владимирская область,муниципальный район,territorial,996,3,"Города, меньше продуктов",1,3,True,тип зависит от варианта расчёта,,37912
998,Кольчугинский муниципальный район,Владимирская область,муниципальный район,territorial,998,1,"Города, меньше транспорта",1,3,True,тип зависит от варианта расчёта,,46902
999,Меленковский муниципальный район,Владимирская область,муниципальный район,territorial,999,2,"Сельские, меньше общепита",2,2,False,тип не зависит от варианта расчёта,,31041
1001,Петушинский муниципальный район,Владимирская область,муниципальный район,territorial,1001,3,"Города, меньше продуктов",3,3,False,тип зависит от варианта расчёта,,57912
1002,Селивановский муниципальный район,Владимирская область,муниципальный район,territorial,1002,2,"Сельские, меньше общепита",2,2,False,тип зависит от варианта расчёта,,16632
1003,Собинский муниципальный район,Владимирская область,муниципальный район,territorial,1003,1,"Города, меньше транспорта",1,1,False,тип зависит от варианта расчёта,,48200
1004,Судогодский муниципальный район,Владимирская область,муниципальный район,territorial,1004,2,"Сельские, меньше общепита",2,2,False,тип не зависит от варианта расчёта,,33851
1005,Суздальский муниципальный район,Владимирская область,муниципальный район,territorial,1005,1,"Города, меньше транспорта",1,1,False,тип зависит от варианта расчёта,,46444
1006,Юрьев-Польский муниципальный район,Владимирская область,муниципальный район,territorial,1006,1,"Города, меньше транспорта",1,1,False,тип зависит от варианта расчёта,,30542
1007,городской округ город-герой Волгоград,Волгоградская область,городской округ,territorial,1007,4,"Крупные города, меньше продуктов",4,4,False,тип не зависит от варианта расчёта,,1015558
1008,городской округ город Волжский,Волгоградская область,городской округ,territorial,1008,4,"Крупные города, меньше продуктов",4,4,False,тип не зависит от варианта расчёта,,314127
1009,городской округ город Камышин,Волгоградская область,городской округ,territorial,1009,3,"Города, меньше продуктов",3,3,False,тип зависит от варианта расчёта,,104704
1010,городской округ город Михайловка,Волгоградская область,городской округ,territorial,1010,3,"Города, меньше продуктов",3,3,False,тип зависит от варианта расчёта,,82002
1011,городской округ город Урюпинск,Волгоградская область,городской округ,territorial,1011,3,"Города, меньше продуктов",3,3,False,тип зависит от варианта расчёта,,34934
1012,городской округ город Фролово,Волгоградская область,городской округ,territorial,1012,1,"Города, меньше транспорта",1,1,False,тип зависит от варианта расчёта,,34053
1013,Алексеевский муниципальный район,Волгоградская область,муниципальный район,territorial,1013,2,"Сельские, меньше общепита",2,2,False,тип зависит от варианта расчёта,,14741
1014,Быковский муниципальный район,Волгоградская область,муниципальный район,territorial,1014,1,"Города, меньше транспорта",1,1,False,тип зависит от варианта расчёта,,24590
1015,Городищенский муниципальный район,Волгоградская область,муниципальный район,territorial,1015,3,"Города, меньше продуктов",3,3,False,тип не зависит от варианта расчёта,,59888
1016,Даниловский муниципальный район,Волгоградская область,муниципальный район,territorial,1016,2,"Сельские, меньше общепита",2,1,True,тип зависит от варианта расчёта,,12052
1017,Дубовский муниципальный район,Волгоградская область,муниципальный район,territorial,1017,1,"Города, меньше транспорта",1,1,False,тип зависит от варианта расчёта,,28580
1018,Еланский муниципальный район,Волгоградская область,муниципальный район,territorial,1018,1,"Города, меньше транспорта",1,1,False,тип зависит от варианта расчёта,,27794
1019,Жирновский муниципальный район,Волгоградская область,муниципальный район,territorial,1019,1,"Города, меньше транспорта",1,1,False,тип зависит от варианта расчёта,,35712
1020,Иловлинский муниципальный район,Волгоградская область,муниципальный район,territorial,1020,3,"Города, меньше продуктов",3,3,False,тип не зависит от варианта расчёта,,30488
1021,Калачевский муниципальный район,Волгоградская область,муниципальный район,territorial,1021,3,"Города, меньше продуктов",3,3,False,тип не зависит от варианта расчёта,,50251
1023,Киквидзенский муниципальный район,Волгоградская область,муниципальный район,territorial,1023,2,"Сельские, меньше общепита",2,2,False,тип не зависит от варианта расчёта,,14450
1024,Клетский муниципальный район,Волгоградская область,муниципальный район,territorial,1024,2,"Сельские, меньше общепита",2,2,False,тип зависит от варианта расчёта,,15778
1025,Котельниковский муниципальный район,Волгоградская область,муниципальный район,territorial,1025,1,"Города, меньше транспорта",1,1,False,тип зависит от варианта расчёта,,36822
1026,Котовский муниципальный район,Волгоградская область,муниципальный район,territorial,1026,1,"Города, меньше транспорта",3,1,True,тип зависит от варианта расчёта,,28426
1027,Кумылженский муниципальный район,Волгоградская область,муниципальный район,territorial,1027,2,"Сельские, меньше общепита",2,1,True,тип не зависит от варианта расчёта,,17400
1028,Ленинский муниципальный район,Волгоградская область,муниципальный район,territorial,1028,2,"Сельские, меньше общепита",1,2,True,тип не зависит от варианта расчёта,,27030
1029,Нехаевский муниципальный район,Волгоградская область,муниципальный район,territorial,1029,2,"Сельские, меньше общепита",2,2,False,тип не зависит от варианта расчёта,,12700
1030,Николаевский муниципальный район,Волгоградская область,муниципальный район,territorial,1030,1,"Города, меньше транспорта",1,1,False,тип не зависит от варианта расчёта,,28061
1031,Новоаннинский муниципальный район,Волгоградская область,муниципальный район,territorial,1031,1,"Города, меньше транспорта",1,1,False,тип зависит от варианта расчёта,,31254
1032,Новониколаевский муниципальный район,Волгоградская область,муниципальный район,territorial,1032,1,"Города, меньше транспорта",1,1,False,тип зависит от варианта расчёта,,19289
1033,Октябрьский муниципальный район,Волгоградская область,муниципальный район,territorial,1033,2,"Сельские, меньше общепита",1,2,True,тип не зависит от варианта расчёта,,19918
1034,Ольховский муниципальный район,Волгоградская область,муниципальный район,territorial,1034,1,"Города, меньше транспорта",1,1,False,тип зависит от варианта расчёта,,15696
1035,Палласовский муниципальный район,Волгоградская область,муниципальный район,territorial,1035,1,"Города, меньше транспорта",1,1,False,тип зависит от варианта расчёта,,37692
1036,Руднянский муниципальный район,Волгоградская область,муниципальный район,territorial,1036,1,"Города, меньше транспорта",2,1,True,тип зависит от варианта расчёта,,13968
1037,Светлоярский муниципальный район,Волгоградская область,муниципальный район,territorial,1037,3,"Города, меньше продуктов",3,3,False,тип не зависит от варианта расчёта,,32940
1038,Серафимовичский муниципальный район,Волгоградская область,муниципальный район,territorial,1038,2,"Сельские, меньше общепита",2,1,True,тип не зависит от варианта расчёта,,21631
1039,Среднеахтубинский муниципальный район,Волгоградская область,муниципальный район,territorial,1039,3,"Города, меньше продуктов",3,3,False,тип не зависит от варианта расчёта,,61392
1040,Старополтавский муниципальный район,Волгоградская область,муниципальный район,territorial,1040,1,"Города, меньше транспорта",1,1,False,тип зависит от варианта расчёта,,16544
1041,Суровикинский муниципальный район,Волгоградская область,муниципальный район,territorial,1041,1,"Города, меньше транспорта",1,1,False,тип зависит от варианта расчёта,,32938
1044,Чернышковский муниципальный район,Волгоградская область,муниципальный район,territorial,1044,2,"Сельские, меньше общепита",2,2,False,тип зависит от варианта расчёта,,12895
1047,Бабаевский муниципальный округ,Вологодская область,муниципальный округ,territorial,1047,1,"Города, меньше транспорта",1,1,False,тип зависит от варианта расчёта,,18684
1048,Бабушкинский муниципальный округ,Вологодская область,муниципальный округ,territorial,1048,1,"Города, меньше транспорта",1,1,False,тип зависит от варианта расчёта,,9411
1049,Белозерский муниципальный округ,Вологодская область,муниципальный округ,territorial,1049,4,"Крупные города, меньше продуктов",4,4,False,тип зависит от варианта расчёта,,13122
1051,Великоустюгский муниципальный округ,Вологодская область,муниципальный округ,territorial,1051,3,"Города, меньше продуктов",3,3,False,тип зависит от варианта расчёта,,49016
1052,Верховажский муниципальный округ,Вологодская область,муниципальный округ,territorial,1052,2,"Сельские, меньше общепита",2,1,True,тип не зависит от варианта расчёта,,12358
1053,Вожегодский муниципальный округ,Вологодская область,муниципальный округ,territorial,1053,1,"Города, меньше транспорта",1,1,False,тип зависит от варианта расчёта,,13535
1054,Вологодский муниципальный округ,Вологодская область,муниципальный округ,territorial,1054,3,"Города, меньше продуктов",3,3,False,тип зависит от варианта расчёта,,52031
1055,Вытегорский муниципальный район,Вологодская область,муниципальный район,territorial,1055,1,"Города, меньше транспорта",1,1,False,тип зависит от варианта расчёта,,21802
1056,Грязовецкий муниципальный округ,Вологодская область,муниципальный округ,territorial,1056,1,"Города, меньше транспорта",1,1,False,тип зависит от варианта расчёта,,31529
1057,Кадуйский муниципальный округ,Вологодская область,муниципальный округ,territorial,1057,1,"Города, меньше транспорта",1,1,False,тип зависит от варианта расчёта,,16374
1058,Кирилловский муниципальный округ,Вологодская область,муниципальный округ,territorial,1058,1,"Города, меньше транспорта",1,1,False,тип зависит от варианта расчёта,,13916
1059,Кичменгско-Городецкий муниципальный округ,Вологодская область,муниципальный округ,territorial,1059,1,"Города, меньше транспорта",2,3,True,тип зависит от варианта расчёта,,14178
1060,Междуреченский муниципальный округ,Вологодская область,муниципальный округ,territorial,1060,2,"Сельские, меньше общепита",2,2,False,тип зависит от варианта расчёта,,4787
1061,Никольский муниципальный округ,Вологодская область,муниципальный округ,territorial,1061,1,"Города, меньше транспорта",2,1,False,тип зависит от варианта расчёта,,18516
1062,Нюксенский муниципальный округ,Вологодская область,муниципальный округ,territorial,1062,2,"Сельские, меньше общепита",2,1,False,тип не зависит от варианта расчёта,,8372
1063,Сокольский муниципальный округ,Вологодская область,муниципальный округ,territorial,1063,3,"Города, меньше продуктов",3,3,False,тип не зависит от варианта расчёта,,44396
1064,Сямженский муниципальный округ,Вологодская область,муниципальный округ,territorial,1064,2,"Сельские, меньше общепита",2,2,False,тип зависит от варианта расчёта,,7942
1065,Тарногский муниципальный округ,Вологодская область,муниципальный округ,territorial,1065,2,"Сельские, меньше общепита",2,2,False,тип не зависит от варианта расчёта,,10316
1066,Тотемский муниципальный округ,Вологодская область,муниципальный округ,territorial,1066,1,"Города, меньше транспорта",1,3,True,тип зависит от варианта расчёта,,21862
1067,Усть-Кубинский муниципальный округ,Вологодская область,муниципальный округ,territorial,1067,2,"Сельские, меньше общепита",2,2,False,тип не зависит от варианта расчёта,,7218
1068,Устюженский муниципальный округ,Вологодская область,муниципальный округ,territorial,1068,1,"Города, меньше транспорта",1,1,False,тип зависит от варианта расчёта,,15089
1069,Харовский муниципальный округ,Вологодская область,муниципальный округ,territorial,1069,2,"Сельские, меньше общепита",2,2,False,тип зависит от варианта расчёта,,12716
1070,Чагодощенский муниципальный округ,Вологодская область,муниципальный округ,territorial,1070,1,"Города, меньше транспорта",1,1,False,тип зависит от варианта расчёта,,10826
1071,Череповецкий муниципальный район,Вологодская область,муниципальный район,territorial,1071,4,"Крупные города, меньше продуктов",3,3,False,тип не зависит от варианта расчёта,,39255
1072,Шекснинский муниципальный район,Вологодская область,муниципальный район,territorial,1072,3,"Города, меньше продуктов",3,3,False,тип не зависит от варианта расчёта,,28774
1107,городской округ Иваново,Ивановская область,городской округ,territorial,1107,4,"Крупные города, меньше продуктов",4,4,False,тип не зависит от варианта расчёта,,357586
1108,городской округ Вичуга,Ивановская область,городской округ,territorial,1108,1,"Города, меньше транспорта",1,1,False,тип зависит от варианта расчёта,,29426
1109,городской округ Кинешма,Ивановская область,городской округ,territorial,1109,3,"Города, меньше продуктов",3,3,False,тип зависит от варианта расчёта,,74500
1110,городской округ Кохма,Ивановская область,городской округ,territorial,1110,3,"Города, меньше продуктов",3,3,False,тип зависит от варианта расчёта,,30057
1111,городской округ Тейково,Ивановская область,городской округ,territorial,1111,3,"Города, меньше продуктов",3,3,False,тип зависит от варианта расчёта,,30452
1112,городской округ Шуя,Ивановская область,городской округ,territorial,1112,3,"Города, меньше продуктов",3,3,False,тип зависит от варианта расчёта,,53142
1113,Вичугский муниципальный район,Ивановская область,муниципальный район,territorial,1113,2,"Сельские, меньше общепита",2,1,True,тип зависит от варианта расчёта,,15584
1115,Гаврилово-Посадский муниципальный район,Ивановская область,муниципальный район,territorial,1115,2,"Сельские, меньше общепита",2,2,False,тип зависит от варианта расчёта,,11810
1116,Заволжский муниципальный район,Ивановская область,муниципальный район,territorial,1116,1,"Города, меньше транспорта",1,1,False,тип зависит от варианта расчёта,,12023
1117,Ивановский муниципальный район,Ивановская область,муниципальный район,territorial,1117,4,"Крупные города, меньше продуктов",4,4,False,тип не зависит от варианта расчёта,,40518
1118,Ильинский муниципальный район,Ивановская область,муниципальный район,territorial,1118,2,"Сельские, меньше общепита",2,2,False,тип не зависит от варианта расчёта,,7342
1119,Кинешемский муниципальный район,Ивановская область,муниципальный район,territorial,1119,1,"Города, меньше транспорта",1,1,False,тип зависит от варианта расчёта,,17248
1120,Комсомольский муниципальный район,Ивановская область,муниципальный район,territorial,1120,1,"Города, меньше транспорта",1,1,False,тип зависит от варианта расчёта,,19484
1121,Лежневский муниципальный район,Ивановская область,муниципальный район,territorial,1121,1,"Города, меньше транспорта",1,1,False,тип зависит от варианта расчёта,,14750
1122,Лухский муниципальный район,Ивановская область,муниципальный район,territorial,1122,2,"Сельские, меньше общепита",2,2,False,тип не зависит от варианта расчёта,,7336
1123,Палехский муниципальный район,Ивановская область,муниципальный район,territorial,1123,2,"Сельские, меньше общепита",2,2,False,тип зависит от варианта расчёта,,8424
1124,Пестяковский муниципальный район,Ивановская область,муниципальный район,territorial,1124,2,"Сельские, меньше общепита",2,2,False,тип не зависит от варианта расчёта,,4702
1125,Приволжский муниципальный район,Ивановская область,муниципальный район,territorial,1125,1,"Города, меньше транспорта",1,1,False,тип зависит от варианта расчёта,,21438
1126,Пучежский муниципальный район,Ивановская область,муниципальный район,territorial,1126,2,"Сельские, меньше общепита",2,2,False,тип не зависит от варианта расчёта,,10450
1127,Родниковский муниципальный район,Ивановская область,муниципальный район,territorial,1127,1,"Города, меньше транспорта",1,1,False,тип зависит от варианта расчёта,,29753
1128,Савинский муниципальный район,Ивановская область,муниципальный район,territorial,1128,2,"Сельские, меньше общепита",2,1,True,тип зависит от варианта расчёта,,9617
1129,Тейковский муниципальный район,Ивановская область,муниципальный район,territorial,1129,1,"Города, меньше транспорта",1,1,False,тип зависит от варианта расчёта,,9868
1130,Фурмановский муниципальный район,Ивановская область,муниципальный район,territorial,1130,3,"Города, меньше продуктов",3,3,False,тип не зависит от варианта расчёта,,33412
1131,Шуйский муниципальный район,Ивановская область,муниципальный район,territorial,1131,3,"Города, меньше продуктов",3,3,False,тип зависит от варианта расчёта,,19057
1132,Южский муниципальный район,Ивановская область,муниципальный район,territorial,1132,1,"Города, меньше транспорта",1,1,False,тип зависит от варианта расчёта,,18966
1133,Юрьевецкий муниципальный район,Ивановская область,муниципальный район,territorial,1133,2,"Сельские, меньше общепита",2,2,False,тип не зависит от варианта расчёта,,11340
1134,городской округ город Иркутск,Иркутская область,городской округ,territorial,1134,4,"Крупные города, меньше продуктов",4,4,False,тип не зависит от варианта расчёта,,606038
1135,городской округ Ангарский,Иркутская область,городской округ,territorial,1135,3,"Города, меньше продуктов",3,3,False,тип зависит от варианта расчёта,,223029
1136,городской округ город Братск,Иркутская область,городской округ,territorial,1136,3,"Города, меньше продуктов",3,3,False,тип зависит от варианта расчёта,,219731
1137,городской округ Зима,Иркутская область,городской округ,territorial,1137,1,"Города, меньше транспорта",1,1,False,тип зависит от варианта расчёта,,29779
1138,городской округ город Саянск,Иркутская область,городской округ,territorial,1138,1,"Города, меньше транспорта",1,1,False,тип зависит от варианта расчёта,,35724
1139,городской округ город Тулун,Иркутская область,городской округ,territorial,1139,1,"Города, меньше транспорта",1,1,False,тип зависит от варианта расчёта,,37474
1140,городской округ город Усолье-Сибирское,Иркутская область,городской округ,territorial,1140,3,"Города, меньше продуктов",3,3,False,тип зависит от варианта расчёта,,72144
1141,городской округ город Усть-Илимск,Иркутская область,городской округ,territorial,1141,3,"Города, меньше продуктов",3,3,False,тип не зависит от варианта расчёта,,77398
1142,городской округ город Черемхово,Иркутская область,городской округ,territorial,1142,1,"Города, меньше транспорта",1,1,False,тип зависит от варианта расчёта,,53020
1143,городской округ город Свирск,Иркутская область,городской округ,territorial,1143,1,"Города, меньше транспорта",1,1,False,тип зависит от варианта расчёта,,15200
1144,Балаганский муниципальный район,Иркутская область,муниципальный район,territorial,1144,2,"Сельские, меньше общепита",2,2,False,тип не зависит от варианта расчёта,,8547
1146,Братский муниципальный район,Иркутская область,муниципальный район,territorial,1146,1,"Города, меньше транспорта",1,1,False,тип зависит от варианта расчёта,,46910
1147,Жигаловский муниципальный район,Иркутская область,муниципальный район,territorial,1147,3,"Города, меньше продуктов",1,3,True,тип зависит от варианта расчёта,,9366
1148,Заларинский муниципальный район,Иркутская область,муниципальный район,territorial,1148,2,"Сельские, меньше общепита",2,2,False,тип не зависит от варианта расчёта,,26131
1149,Зиминский муниципальный район,Иркутская область,муниципальный район,territorial,1149,2,"Сельские, меньше общепита",1,2,False,тип не зависит от варианта расчёта,,12018
1150,Иркутский муниципальный район,Иркутская область,муниципальный район,territorial,1150,4,"Крупные города, меньше продуктов",4,4,False,тип не зависит от варианта расчёта,,169992
1151,Казачинско-Ленский муниципальный район,Иркутская область,муниципальный район,territorial,1151,1,"Города, меньше транспорта",1,1,False,тип зависит от варианта расчёта,,14904
1152,Катангский муниципальный район,Иркутская область,муниципальный район,territorial,1152,1,"Города, меньше транспорта",1,1,False,тип зависит от варианта расчёта,,3000
1153,Качугский муниципальный район,Иркутская область,муниципальный район,territorial,1153,1,"Города, меньше транспорта",3,1,True,тип зависит от варианта расчёта,,14973
1154,Киренский муниципальный район,Иркутская область,муниципальный район,territorial,1154,1,"Города, меньше транспорта",1,1,False,тип не зависит от варианта расчёта,,15850
1155,Куйтунский муниципальный район,Иркутская область,муниципальный район,territorial,1155,2,"Сельские, меньше общепита",2,2,False,тип не зависит от варианта расчёта,,26705
1157,Нижнеилимский муниципальный район,Иркутская область,муниципальный район,territorial,1157,1,"Города, меньше транспорта",1,1,False,тип зависит от варианта расчёта,,41537
1158,Нижнеудинский муниципальный район,Иркутская область,муниципальный район,territorial,1158,1,"Города, меньше транспорта",1,1,False,тип зависит от варианта расчёта,,51359
1159,Ольхонский муниципальный район,Иркутская область,муниципальный район,territorial,1159,1,"Города, меньше транспорта",1,1,False,тип зависит от варианта расчёта,,10472
1160,Слюдянский муниципальный район,Иркутская область,муниципальный район,territorial,1160,1,"Города, меньше транспорта",1,1,False,тип зависит от варианта расчёта,,38338
1161,Тайшетский муниципальный район,Иркутская область,муниципальный район,territorial,1161,1,"Города, меньше транспорта",1,1,False,тип зависит от варианта расчёта,,69252
1163,Усольский муниципальный район,Иркутская область,муниципальный район,territorial,1163,1,"Города, меньше транспорта",1,1,False,тип зависит от варианта расчёта,,47561
1164,Усть-Илимский муниципальный район,Иркутская область,муниципальный район,territorial,1164,1,"Города, меньше транспорта",1,1,False,тип не зависит от варианта расчёта,,12570
1165,Усть-Кутский муниципальный район,Иркутская область,муниципальный район,territorial,1165,3,"Города, меньше продуктов",3,3,False,тип зависит от варианта расчёта,,41750
1166,Усть-Удинский муниципальный район,Иркутская область,муниципальный район,territorial,1166,2,"Сельские, меньше общепита",2,2,False,тип не зависит от варианта расчёта,,13220
1167,Черемховский муниципальный район,Иркутская область,муниципальный район,territorial,1167,2,"Сельские, меньше общепита",2,2,False,тип зависит от варианта расчёта,,28074
1168,Чунский муниципальный район,Иркутская область,муниципальный район,territorial,1168,1,"Города, меньше транспорта",1,1,False,тип зависит от варианта расчёта,,26243
1169,Шелеховский муниципальный район,Иркутская область,муниципальный район,territorial,1169,3,"Города, меньше продуктов",3,3,False,тип зависит от варианта расчёта,,63474
1170,Аларский муниципальный район,Иркутская область,муниципальный район,territorial,1170,1,"Города, меньше транспорта",1,1,False,тип зависит от варианта расчёта,,22227
1171,Баяндаевский муниципальный район,Иркутская область,муниципальный район,territorial,1171,1,"Города, меньше транспорта",1,1,False,тип зависит от варианта расчёта,,11506
1172,Боханский муниципальный район,Иркутская область,муниципальный район,territorial,1172,1,"Города, меньше транспорта",1,1,False,тип зависит от варианта расчёта,,25145
1173,Нукутский муниципальный район,Иркутская область,муниципальный район,territorial,1173,2,"Сельские, меньше общепита",2,2,False,тип не зависит от варианта расчёта,,14785
1174,Осинский муниципальный район,Иркутская область,муниципальный район,territorial,1174,1,"Города, меньше транспорта",1,1,False,тип зависит от варианта расчёта,,20680
1175,Эхирит-Булагатский муниципальный район,Иркутская область,муниципальный район,territorial,1175,1,"Города, меньше транспорта",1,1,False,тип зависит от варианта расчёта,,29627
1176,городской округ город Калининград,Калининградская область,городской округ,territorial,1176,4,"Крупные города, меньше продуктов",3,4,True,тип не зависит от варианта расчёта,,489137
1178,городской округ Мамоновский,Калининградская область,городской округ,territorial,1178,2,"Сельские, меньше общепита",2,2,False,тип не зависит от варианта расчёта,,8424
1179,городской округ Пионерский,Калининградская область,городской округ,territorial,1179,1,"Города, меньше транспорта",1,1,False,тип зависит от варианта расчёта,,12788
1180,городской округ Светловский,Калининградская область,городской округ,territorial,1180,1,"Города, меньше транспорта",1,1,False,тип зависит от варианта расчёта,,27418
1181,городской округ Советский,Калининградская область,городской округ,territorial,1181,1,"Города, меньше транспорта",1,1,False,тип зависит от варианта расчёта,,38372
1184,городской округ Балтийский,Калининградская область,городской округ,territorial,1184,3,"Города, меньше продуктов",3,3,False,тип не зависит от варианта расчёта,,29360
1185,муниципальный округ Гвардейский,Калининградская область,муниципальный округ,territorial,1185,1,"Города, меньше транспорта",1,1,False,тип зависит от варианта расчёта,,28862
1186,муниципальный округ Гурьевский,Калининградская область,муниципальный округ,territorial,1186,3,"Города, меньше продуктов",3,3,False,тип зависит от варианта расчёта,,111476
1187,городской округ Гусевский,Калининградская область,городской округ,territorial,1187,1,"Города, меньше транспорта",1,1,False,тип зависит от варианта расчёта,,37324
1188,муниципальный округ Зеленоградский,Калининградская область,муниципальный округ,territorial,1188,3,"Города, меньше продуктов",3,3,False,тип зависит от варианта расчёта,,39604
1189,муниципальный округ Краснознаменский,Калининградская область,муниципальный округ,territorial,1189,2,"Сельские, меньше общепита",2,2,False,тип не зависит от варианта расчёта,,10743
1190,городской округ Светлогорский,Калининградская область,городской округ,territorial,1190,3,"Города, меньше продуктов",3,3,False,тип зависит от варианта расчёта,,21260
1191,муниципальный округ Неманский,Калининградская область,муниципальный округ,territorial,1191,1,"Города, меньше транспорта",1,1,False,тип зависит от варианта расчёта,,15151
1192,муниципальный округ Нестеровский,Калининградская область,муниципальный округ,territorial,1192,2,"Сельские, меньше общепита",2,2,False,тип зависит от варианта расчёта,,11534
1193,муниципальный округ Озерский,Калининградская область,муниципальный округ,territorial,1193,1,"Города, меньше транспорта",1,1,False,тип зависит от варианта расчёта,,12466
1194,муниципальный округ Полесский,Калининградская область,муниципальный округ,territorial,1194,1,"Города, меньше транспорта",1,1,False,тип зависит от варианта расчёта,,16906
1195,муниципальный округ Правдинский,Калининградская область,муниципальный округ,territorial,1195,2,"Сельские, меньше общепита",2,2,False,тип зависит от варианта расчёта,,17988
1196,муниципальный округ Славский,Калининградская область,муниципальный округ,territorial,1196,2,"Сельские, меньше общепита",2,2,False,тип зависит от варианта расчёта,,15487
1197,муниципальный округ Черняховский,Калининградская область,муниципальный округ,territorial,1197,1,"Города, меньше транспорта",1,1,False,тип зависит от варианта расчёта,,45138
1198,городской округ город Калуга,Калужская область,городской округ,territorial,1198,4,"Крупные города, меньше продуктов",4,4,False,тип не зависит от варианта расчёта,,348770
1200,Бабынинский муниципальный район,Калужская область,муниципальный район,territorial,1200,1,"Города, меньше транспорта",1,1,False,тип зависит от варианта расчёта,,20678
1201,Барятинский муниципальный район,Калужская область,муниципальный район,territorial,1201,2,"Сельские, меньше общепита",2,2,False,тип не зависит от варианта расчёта,,5452
1203,Дзержинский муниципальный район,Калужская область,муниципальный район,territorial,1203,1,"Города, меньше транспорта",1,1,False,тип зависит от варианта расчёта,,56216
1204,Думиничский муниципальный район,Калужская область,муниципальный район,territorial,1204,2,"Сельские, меньше общепита",2,2,False,тип не зависит от варианта расчёта,,13227
1205,Жиздринский муниципальный район,Калужская область,муниципальный район,territorial,1205,2,"Сельские, меньше общепита",2,1,True,тип не зависит от варианта расчёта,,9771
1206,Жуковский муниципальный район,Калужская область,муниципальный район,territorial,1206,3,"Города, меньше продуктов",3,3,False,тип не зависит от варианта расчёта,,59764
1207,Кировский муниципальный район,Калужская область,муниципальный район,territorial,1207,3,"Города, меньше продуктов",3,3,False,тип зависит от варианта расчёта,,37472
1208,Износковский муниципальный район,Калужская область,муниципальный район,territorial,1208,2,"Сельские, меньше общепита",2,2,False,тип не зависит от варианта расчёта,,6369
1209,Козельский муниципальный район,Калужская область,муниципальный район,territorial,1209,1,"Города, меньше транспорта",1,1,False,тип зависит от варианта расчёта,,38101
1210,Куйбышевский муниципальный район,Калужская область,муниципальный район,territorial,1210,1,"Города, меньше транспорта",1,1,False,тип зависит от варианта расчёта,,7270
1211,Людиновский муниципальный район,Калужская область,муниципальный район,territorial,1211,3,"Города, меньше продуктов",3,3,False,тип не зависит от варианта расчёта,,37956
1212,Малоярославецкий муниципальный район,Калужская область,муниципальный район,territorial,1212,3,"Города, меньше продуктов",3,3,False,тип зависит от варианта расчёта,,70190
1213,Медынский муниципальный район,Калужская область,муниципальный район,territorial,1213,1,"Города, меньше транспорта",1,1,False,тип зависит от варианта расчёта,,12264
1214,Мещовский муниципальный район,Калужская область,муниципальный район,territorial,1214,2,"Сельские, меньше общепита",2,2,False,тип не зависит от варианта расчёта,,11264
1215,Мосальский муниципальный район,Калужская область,муниципальный район,territorial,1215,1,"Города, меньше транспорта",1,1,False,тип не зависит от варианта расчёта,,9000
1217,Спас-Деменский муниципальный район,Калужская область,муниципальный район,territorial,1217,1,"Города, меньше транспорта",1,1,False,тип зависит от варианта расчёта,,7302
1218,Сухиничский муниципальный район,Калужская область,муниципальный район,territorial,1218,1,"Города, меньше транспорта",1,1,False,тип зависит от варианта расчёта,,22122
1219,Тарусский муниципальный район,Калужская область,муниципальный район,territorial,1219,1,"Города, меньше транспорта",1,1,False,тип зависит от варианта расчёта,,16356
1220,Ульяновский муниципальный район,Калужская область,муниципальный район,territorial,1220,2,"Сельские, меньше общепита",2,2,False,тип не зависит от варианта расчёта,,6885
1221,Ферзиковский муниципальный район,Калужская область,муниципальный район,territorial,1221,3,"Города, меньше продуктов",3,3,False,тип зависит от варианта расчёта,,18260
1222,Хвастовичский муниципальный район,Калужская область,муниципальный район,territorial,1222,2,"Сельские, меньше общепита",2,2,False,тип зависит от варианта расчёта,,9700
1223,Юхновский муниципальный район,Калужская область,муниципальный район,territorial,1223,1,"Города, меньше транспорта",2,1,False,тип зависит от варианта расчёта,,12582
1224,городской округ Кемеровский,Кемеровская область,городской округ,territorial,1224,3,"Города, меньше продуктов",3,3,False,тип зависит от варианта расчёта,,544600
1225,городской округ Анжеро-Судженский,Кемеровская область,городской округ,territorial,1225,1,"Города, меньше транспорта",1,1,False,тип зависит от варианта расчёта,,69293
1226,городской округ Беловский,Кемеровская область,городской округ,territorial,1226,3,"Города, меньше продуктов",1,3,True,тип зависит от варианта расчёта,,119175
1227,городской округ Березовский,Кемеровская область,городской округ,territorial,1227,1,"Города, меньше транспорта",1,1,False,тип зависит от варианта расчёта,,45757
1228,городской округ Калтанский,Кемеровская область,городской округ,territorial,1228,1,"Города, меньше транспорта",1,1,False,тип зависит от варианта расчёта,,29026
1229,городской округ Киселевский,Кемеровская область,городской округ,territorial,1229,3,"Города, меньше продуктов",3,3,False,тип зависит от варианта расчёта,,85300
1230,городской округ Ленинск-Кузнецкий,Кемеровская область,городской округ,territorial,1230,3,"Города, меньше продуктов",3,3,False,тип зависит от варианта расчёта,,90570
1231,городской округ Междуреченский,Кемеровская область,городской округ,territorial,1231,3,"Города, меньше продуктов",3,3,False,тип зависит от варианта расчёта,,96216
1232,городской округ Мысковский,Кемеровская область,городской округ,territorial,1232,1,"Города, меньше транспорта",1,1,False,тип зависит от варианта расчёта,,41229
1233,городской округ Новокузнецкий,Кемеровская область,городской округ,territorial,1233,3,"Города, меньше продуктов",3,3,False,тип зависит от варианта расчёта,,531186
1234,городской округ Осинниковский,Кемеровская область,городской округ,territorial,1234,3,"Города, меньше продуктов",3,3,False,тип не зависит от варианта расчёта,,43655
1235,городской округ Полысаевский,Кемеровская область,городской округ,territorial,1235,1,"Города, меньше транспорта",1,1,False,тип зависит от варианта расчёта,,27901
1236,городской округ Прокопьевский,Кемеровская область,городской округ,territorial,1236,3,"Города, меньше продуктов",3,3,False,тип зависит от варианта расчёта,,172618
1237,городской округ Тайгинский,Кемеровская область,городской округ,territorial,1237,1,"Города, меньше транспорта",1,1,False,тип зависит от варианта расчёта,,23065
1238,городской округ Юргинский,Кемеровская область,городской округ,territorial,1238,3,"Города, меньше продуктов",3,3,False,тип зависит от варианта расчёта,,78009
1240,Беловский муниципальный округ,Кемеровская область,муниципальный округ,territorial,1240,1,"Города, меньше транспорта",1,1,False,тип зависит от варианта расчёта,,24823
1241,Гурьевский муниципальный округ,Кемеровская область,муниципальный округ,territorial,1241,1,"Города, меньше транспорта",1,1,False,тип зависит от варианта расчёта,,36402
1242,Ижморский муниципальный округ,Кемеровская область,муниципальный округ,territorial,1242,2,"Сельские, меньше общепита",2,2,False,тип не зависит от варианта расчёта,,9689
1243,Кемеровский муниципальный округ,Кемеровская область,муниципальный округ,territorial,1243,3,"Города, меньше продуктов",3,3,False,тип зависит от варианта расчёта,,45263
1244,Крапивинский муниципальный округ,Кемеровская область,муниципальный округ,territorial,1244,2,"Сельские, меньше общепита",2,2,False,тип зависит от варианта расчёта,,21713
1246,Мариинский муниципальный округ,Кемеровская область,муниципальный округ,territorial,1246,1,"Города, меньше транспорта",1,1,False,тип зависит от варианта расчёта,,50597
1249,Промышленновский муниципальный округ,Кемеровская область,муниципальный округ,territorial,1249,1,"Города, меньше транспорта",2,1,False,тип зависит от варианта расчёта,,45477
1250,Таштагольский муниципальный район,Кемеровская область,муниципальный район,territorial,1250,1,"Города, меньше транспорта",1,1,False,тип зависит от варианта расчёта,,48876
1251,Тисульский муниципальный округ,Кемеровская область,муниципальный округ,territorial,1251,2,"Сельские, меньше общепита",2,2,False,тип не зависит от варианта расчёта,,17957
1252,Топкинский муниципальный округ,Кемеровская область,муниципальный округ,territorial,1252,1,"Города, меньше транспорта",1,1,False,тип зависит от варианта расчёта,,40525
1253,Тяжинский муниципальный округ,Кемеровская область,муниципальный округ,territorial,1253,2,"Сельские, меньше общепита",2,2,False,тип не зависит от варианта расчёта,,18381
1254,Чебулинский муниципальный округ,Кемеровская область,муниципальный округ,territorial,1254,1,"Города, меньше транспорта",1,1,False,тип зависит от варианта расчёта,,12997
1256,Яйский муниципальный округ,Кемеровская область,муниципальный округ,territorial,1256,2,"Сельские, меньше общепита",2,1,True,тип не зависит от варианта расчёта,,15502
1257,Яшкинский муниципальный округ,Кемеровская область,муниципальный округ,territorial,1257,2,"Сельские, меньше общепита",2,2,False,тип не зависит от варианта расчёта,,26089
1258,городской округ город Киров,Кировская область,городской округ,territorial,1258,4,"Крупные города, меньше продуктов",4,4,False,тип не зависит от варианта расчёта,,500722
1259,городской округ город Вятские Поляны,Кировская область,городской округ,territorial,1259,3,"Города, меньше продуктов",3,3,False,тип зависит от варианта расчёта,,28748
1260,городской округ город Кирово-Чепецк,Кировская область,городской округ,territorial,1260,4,"Крупные города, меньше продуктов",3,4,True,тип не зависит от варианта расчёта,,64275
1261,городской округ город Котельнич,Кировская область,городской округ,territorial,1261,3,"Города, меньше продуктов",1,3,True,тип зависит от варианта расчёта,,19346
1262,городской округ город Слободской,Кировская область,городской округ,territorial,1262,3,"Города, меньше продуктов",3,3,False,тип зависит от варианта расчёта,,28352
1264,муниципальный округ Арбажский,Кировская область,муниципальный округ,territorial,1264,2,"Сельские, меньше общепита",2,2,False,тип не зависит от варианта расчёта,,4175
1265,муниципальный округ Афанасьевский,Кировская область,муниципальный округ,territorial,1265,3,"Города, меньше продуктов",3,3,False,тип не зависит от варианта расчёта,,10424
1266,Белохолуницкий муниципальный район,Кировская область,муниципальный район,territorial,1266,1,"Города, меньше транспорта",1,1,False,тип зависит от варианта расчёта,,15020
1267,муниципальный округ Богородский,Кировская область,муниципальный округ,territorial,1267,1,"Города, меньше транспорта",1,2,True,тип зависит от варианта расчёта,,3104
1268,муниципальный округ Верхнекамский,Кировская область,муниципальный округ,territorial,1268,1,"Города, меньше транспорта",1,1,False,тип зависит от варианта расчёта,,19367
1269,Верхошижемский муниципальный район,Кировская область,муниципальный район,territorial,1269,2,"Сельские, меньше общепита",2,2,False,тип зависит от варианта расчёта,,6700
1270,Вятскополянский муниципальный район,Кировская область,муниципальный район,territorial,1270,1,"Города, меньше транспорта",1,3,True,тип зависит от варианта расчёта,,22298
1271,Даровской муниципальный район,Кировская область,муниципальный район,territorial,1271,2,"Сельские, меньше общепита",2,2,False,тип не зависит от варианта расчёта,,8016
1272,Зуевский муниципальный район,Кировская область,муниципальный район,territorial,1272,1,"Города, меньше транспорта",1,1,False,тип не зависит от варианта расчёта,,16244
1273,муниципальный округ Кикнурский,Кировская область,муниципальный округ,territorial,1273,2,"Сельские, меньше общепита",2,1,False,тип не зависит от варианта расчёта,,6294
1274,Кильмезский муниципальный район,Кировская область,муниципальный район,territorial,1274,2,"Сельские, меньше общепита",2,1,True,тип не зависит от варианта расчёта,,9504
1275,Кирово-Чепецкий муниципальный район,Кировская область,муниципальный район,territorial,1275,3,"Города, меньше продуктов",3,3,False,тип зависит от варианта расчёта,,19919
1276,Котельничский муниципальный район,Кировская область,муниципальный район,territorial,1276,1,"Города, меньше транспорта",1,1,False,тип зависит от варианта расчёта,,9848
1277,Куменский муниципальный район,Кировская область,муниципальный район,territorial,1277,1,"Города, меньше транспорта",2,1,True,тип не зависит от варианта расчёта,,13931
1278,муниципальный округ Лебяжский,Кировская область,муниципальный округ,territorial,1278,1,"Города, меньше транспорта",1,1,False,тип зависит от варианта расчёта,,5200
1279,муниципальный округ Лузский,Кировская область,муниципальный округ,territorial,1279,1,"Города, меньше транспорта",1,1,False,тип зависит от варианта расчёта,,12288
1280,Малмыжский муниципальный район,Кировская область,муниципальный район,territorial,1280,1,"Города, меньше транспорта",2,1,False,тип зависит от варианта расчёта,,19606
1281,муниципальный округ Мурашинский,Кировская область,муниципальный округ,territorial,1281,1,"Города, меньше транспорта",1,1,False,тип зависит от варианта расчёта,,8640
1282,Нагорский муниципальный район,Кировская область,муниципальный район,territorial,1282,2,"Сельские, меньше общепита",1,2,False,тип не зависит от варианта расчёта,,6126
1284,Нолинский муниципальный район,Кировская область,муниципальный район,territorial,1284,1,"Города, меньше транспорта",1,3,True,тип зависит от варианта расчёта,,15083
1285,Омутнинский муниципальный район,Кировская область,муниципальный район,territorial,1285,3,"Города, меньше продуктов",3,3,False,тип не зависит от варианта расчёта,,32957
1286,муниципальный округ Опаринский,Кировская область,муниципальный округ,territorial,1286,2,"Сельские, меньше общепита",2,2,False,тип зависит от варианта расчёта,,6428
1287,Оричевский муниципальный район,Кировская область,муниципальный район,territorial,1287,1,"Города, меньше транспорта",1,1,False,тип зависит от варианта расчёта,,24328
1288,Орловский муниципальный район,Кировская область,муниципальный район,territorial,1288,2,"Сельские, меньше общепита",2,2,False,тип зависит от варианта расчёта,,9078
1289,муниципальный округ Пижанский,Кировская область,муниципальный округ,territorial,1289,1,"Города, меньше транспорта",1,3,True,тип зависит от варианта расчёта,,7812
1290,Подосиновский муниципальный район,Кировская область,муниципальный район,territorial,1290,1,"Города, меньше транспорта",1,1,False,тип зависит от варианта расчёта,,11053
1291,муниципальный округ Санчурский,Кировская область,муниципальный округ,territorial,1291,1,"Города, меньше транспорта",1,1,False,тип зависит от варианта расчёта,,6818
1292,муниципальный округ Свечинский,Кировская область,муниципальный округ,territorial,1292,1,"Города, меньше транспорта",1,1,False,тип зависит от варианта расчёта,,5655
1293,Слободской муниципальный район,Кировская область,муниципальный район,territorial,1293,3,"Города, меньше продуктов",3,3,False,тип не зависит от варианта расчёта,,32213
1294,Советский муниципальный район,Кировская область,муниципальный район,territorial,1294,3,"Города, меньше продуктов",3,3,False,тип не зависит от варианта расчёта,,21294
1295,Сунский муниципальный район,Кировская область,муниципальный район,territorial,1295,1,"Города, меньше транспорта",1,1,False,тип не зависит от варианта расчёта,,4774
1296,Тужинский муниципальный район,Кировская область,муниципальный район,territorial,1296,2,"Сельские, меньше общепита",2,1,True,тип не зависит от варианта расчёта,,5398
1297,муниципальный округ Унинский,Кировская область,муниципальный округ,territorial,1297,2,"Сельские, меньше общепита",2,2,True,тип не зависит от варианта расчёта,,5652
1298,Уржумский муниципальный район,Кировская область,муниципальный район,territorial,1298,1,"Города, меньше транспорта",1,1,False,тип зависит от варианта расчёта,,19206
1299,муниципальный округ Фаленский,Кировская область,муниципальный округ,territorial,1299,1,"Города, меньше транспорта",2,1,True,тип зависит от варианта расчёта,,7050
1300,Шабалинский муниципальный район,Кировская область,муниципальный район,territorial,1300,1,"Города, меньше транспорта",2,3,False,тип зависит от варианта расчёта,,7074
1301,Юрьянский муниципальный район,Кировская область,муниципальный район,territorial,1301,1,"Города, меньше транспорта",1,1,False,тип зависит от варианта расчёта,,15710
1302,Яранский муниципальный район,Кировская область,муниципальный район,territorial,1302,3,"Города, меньше продуктов",3,3,False,тип зависит от варианта расчёта,,19050
1303,городской округ город Кострома,Костромская область,городской округ,territorial,1303,4,"Крупные города, меньше продуктов",4,4,False,тип не зависит от варианта расчёта,,265356
1304,городской округ город Буй,Костромская область,городской округ,territorial,1304,3,"Города, меньше продуктов",3,3,False,тип не зависит от варианта расчёта,,19788
1305,городской округ город Волгореченск,Костромская область,городской округ,territorial,1305,3,"Города, меньше продуктов",3,3,False,тип не зависит от варианта расчёта,,14022
1306,городской округ город Галич,Костромская область,городской округ,territorial,1306,3,"Города, меньше продуктов",1,3,True,тип зависит от варианта расчёта,,12423
1308,городской округ город Шарья,Костромская область,городской округ,territorial,1308,3,"Города, меньше продуктов",3,3,False,тип не зависит от варианта расчёта,,29922
1309,Антроповский муниципальный район,Костромская область,муниципальный район,territorial,1309,2,"Сельские, меньше общепита",2,2,False,тип не зависит от варианта расчёта,,4935
1310,Буйский муниципальный район,Костромская область,муниципальный район,territorial,1310,1,"Города, меньше транспорта",1,3,True,тип зависит от варианта расчёта,,8562
1311,Вохомский муниципальный район,Костромская область,муниципальный район,territorial,1311,1,"Города, меньше транспорта",1,1,False,тип зависит от варианта расчёта,,6462
1312,Галичский муниципальный район,Костромская область,муниципальный район,territorial,1312,1,"Города, меньше транспорта",1,1,False,тип зависит от варианта расчёта,,6198
1313,Кадыйский муниципальный район,Костромская область,муниципальный район,territorial,1313,2,"Сельские, меньше общепита",2,2,False,тип не зависит от варианта расчёта,,5684
1314,Кологривский муниципальный округ,Костромская область,муниципальный округ,territorial,1314,2,"Сельские, меньше общепита",2,2,False,тип не зависит от варианта расчёта,,3864
1315,Костромской муниципальный район,Костромская область,муниципальный район,territorial,1315,4,"Крупные города, меньше продуктов",4,4,False,тип не зависит от варианта расчёта,,40416
1316,Красносельский муниципальный район,Костромская область,муниципальный район,territorial,1316,3,"Города, меньше продуктов",3,3,False,тип зависит от варианта расчёта,,15880
1317,Макарьевский муниципальный район,Костромская область,муниципальный район,territorial,1317,2,"Сельские, меньше общепита",2,2,False,тип не зависит от варианта расчёта,,9820
1319,Межевской муниципальный округ,Костромская область,муниципальный округ,territorial,1319,2,"Сельские, меньше общепита",2,2,False,тип не зависит от варианта расчёта,,2644
1320,Нейский муниципальный округ,Костромская область,муниципальный округ,territorial,1320,2,"Сельские, меньше общепита",2,1,True,тип не зависит от варианта расчёта,,9810
1321,муниципальный район город Нерехта и Нерехтский район,Костромская область,муниципальный район,territorial,1321,3,"Города, меньше продуктов",3,3,False,тип не зависит от варианта расчёта,,27702
1322,Октябрьский муниципальный район,Костромская область,муниципальный район,territorial,1322,1,"Города, меньше транспорта",1,1,False,тип зависит от варианта расчёта,,3202
1323,Островский муниципальный округ,Костромская область,муниципальный округ,territorial,1323,2,"Сельские, меньше общепита",2,1,False,тип не зависит от варианта расчёта,,8678
1324,Павинский муниципальный округ,Костромская область,муниципальный округ,territorial,1324,2,"Сельские, меньше общепита",2,1,True,тип не зависит от варианта расчёта,,2904
1325,Парфеньевский муниципальный округ,Костромская область,муниципальный округ,territorial,1325,2,"Сельские, меньше общепита",2,2,False,тип не зависит от варианта расчёта,,4260
1326,Поназыревский муниципальный округ,Костромская область,муниципальный округ,territorial,1326,1,"Города, меньше транспорта",1,3,True,тип зависит от варианта расчёта,,4540
1327,Пыщугский муниципальный округ,Костромская область,муниципальный округ,territorial,1327,1,"Города, меньше транспорта",1,1,False,тип зависит от варианта расчёта,,3243
1328,Солигаличский муниципальный округ,Костромская область,муниципальный округ,territorial,1328,1,"Города, меньше транспорта",1,1,False,тип зависит от варианта расчёта,,7443
1329,Судиславский муниципальный район,Костромская область,муниципальный район,territorial,1329,1,"Города, меньше транспорта",1,1,False,тип зависит от варианта расчёта,,10684
1330,Сусанинский муниципальный район,Костромская область,муниципальный район,territorial,1330,1,"Города, меньше транспорта",1,1,False,тип зависит от варианта расчёта,,5462
1331,Чухломский муниципальный район,Костромская область,муниципальный район,territorial,1331,2,"Сельские, меньше общепита",2,2,False,тип не зависит от варианта расчёта,,7605
1333,городской округ город Курган,Курганская область,городской округ,territorial,1333,4,"Крупные города, меньше продуктов",4,4,False,тип не зависит от варианта расчёта,,301558
1334,городской округ город Шадринск,Курганская область,городской округ,territorial,1334,4,"Крупные города, меньше продуктов",4,4,False,тип зависит от варианта расчёта,,67476
1335,Альменевский муниципальный округ,Курганская область,муниципальный округ,territorial,1335,2,"Сельские, меньше общепита",2,1,True,тип не зависит от варианта расчёта,,7315
1336,Белозерский муниципальный округ,Курганская область,муниципальный округ,territorial,1336,2,"Сельские, меньше общепита",2,2,False,тип не зависит от варианта расчёта,,12584
1337,Варгашинский муниципальный округ,Курганская область,муниципальный округ,territorial,1337,1,"Города, меньше транспорта",1,1,False,тип зависит от варианта расчёта,,15350
1338,Далматовский муниципальный округ,Курганская область,муниципальный округ,territorial,1338,1,"Города, меньше транспорта",1,1,False,тип зависит от варианта расчёта,,21978
1339,Звериноголовский муниципальный округ,Курганская область,муниципальный округ,territorial,1339,1,"Города, меньше транспорта",2,3,False,тип зависит от варианта расчёта,,6508
1340,Каргапольский муниципальный округ,Курганская область,муниципальный округ,territorial,1340,1,"Города, меньше транспорта",1,1,False,тип зависит от варианта расчёта,,25174
1341,Катайский муниципальный округ,Курганская область,муниципальный округ,territorial,1341,3,"Города, меньше продуктов",3,3,False,тип не зависит от варианта расчёта,,18374
1343,Куртамышский муниципальный округ,Курганская область,муниципальный округ,territorial,1343,1,"Города, меньше транспорта",1,1,False,тип зависит от варианта расчёта,,24035
1344,Лебяжьевский муниципальный округ,Курганская область,муниципальный округ,territorial,1344,2,"Сельские, меньше общепита",2,2,False,тип не зависит от варианта расчёта,,10798
1345,муниципальный округ Макушинский,Курганская область,муниципальный округ,territorial,1345,1,"Города, меньше транспорта",1,1,False,тип зависит от варианта расчёта,,11842
1346,Мишкинский муниципальный округ,Курганская область,муниципальный округ,territorial,1346,1,"Города, меньше транспорта",1,1,False,тип зависит от варианта расчёта,,12351
1347,Мокроусовский муниципальный округ,Курганская область,муниципальный округ,territorial,1347,2,"Сельские, меньше общепита",2,1,True,тип зависит от варианта расчёта,,8891
1348,Петуховский муниципальный округ,Курганская область,муниципальный округ,territorial,1348,1,"Города, меньше транспорта",1,1,False,тип зависит от варианта расчёта,,13454
1349,Половинский муниципальный округ,Курганская область,муниципальный округ,territorial,1349,2,"Сельские, меньше общепита",1,2,True,тип не зависит от варианта расчёта,,7609
1350,Притобольный муниципальный округ,Курганская область,муниципальный округ,territorial,1350,2,"Сельские, меньше общепита",2,2,False,тип не зависит от варианта расчёта,,9436
1351,Сафакулевский муниципальный округ,Курганская область,муниципальный округ,territorial,1351,3,"Города, меньше продуктов",1,3,True,тип зависит от варианта расчёта,,10310
1352,Целинный муниципальный округ,Курганская область,муниципальный округ,territorial,1352,2,"Сельские, меньше общепита",2,2,False,тип не зависит от варианта расчёта,,11648
1353,Частоозерский муниципальный округ,Курганская область,муниципальный округ,territorial,1353,1,"Города, меньше транспорта",3,1,False,тип зависит от варианта расчёта,,4518
1355,Шатровский муниципальный округ,Курганская область,муниципальный округ,territorial,1355,1,"Города, меньше транспорта",1,3,True,тип зависит от варианта расчёта,,13560
1356,муниципальный округ Шумихинский,Курганская область,муниципальный округ,territorial,1356,3,"Города, меньше продуктов",3,3,False,тип не зависит от варианта расчёта,,23370
1357,Щучанский муниципальный округ,Курганская область,муниципальный округ,territorial,1357,1,"Города, меньше транспорта",1,3,True,тип зависит от варианта расчёта,,15707
1358,Юргамышский муниципальный округ,Курганская область,муниципальный округ,territorial,1358,1,"Города, меньше транспорта",1,1,False,тип зависит от варианта расчёта,,15528
1392,Бокситогорский муниципальный район,Ленинградская область,муниципальный район,territorial,1392,2,"Сельские, меньше общепита",2,2,False,тип зависит от варианта расчёта,,50495
1393,Волосовский муниципальный район,Ленинградская область,муниципальный район,territorial,1393,2,"Сельские, меньше общепита",2,2,False,тип зависит от варианта расчёта,,50314
1394,Волховский муниципальный район,Ленинградская область,муниципальный район,territorial,1394,1,"Города, меньше транспорта",1,1,False,тип зависит от варианта расчёта,,78412
1395,Всеволожский муниципальный район,Ленинградская область,муниципальный район,territorial,1395,3,"Города, меньше продуктов",3,3,False,тип зависит от варианта расчёта,,580071
1396,Выборгский муниципальный район,Ленинградская область,муниципальный район,territorial,1396,1,"Города, меньше транспорта",1,1,False,тип зависит от варианта расчёта,,194314
1397,Гатчинский муниципальный район,Ленинградская область,муниципальный район,territorial,1397,1,"Города, меньше транспорта",1,1,False,тип зависит от варианта расчёта,,261818
1398,Кингисеппский муниципальный район,Ленинградская область,муниципальный район,territorial,1398,1,"Города, меньше транспорта",1,1,False,тип зависит от варианта расчёта,,86596
1399,Киришский муниципальный район,Ленинградская область,муниципальный район,territorial,1399,1,"Города, меньше транспорта",1,1,False,тип зависит от варианта расчёта,,58715
1400,Кировский муниципальный район,Ленинградская область,муниципальный район,territorial,1400,1,"Города, меньше транспорта",1,1,False,тип зависит от варианта расчёта,,108349
1401,Лодейнопольский муниципальный район,Ленинградская область,муниципальный район,territorial,1401,1,"Города, меньше транспорта",1,1,False,тип зависит от варианта расчёта,,27094
1402,Ломоносовский муниципальный район,Ленинградская область,муниципальный район,territorial,1402,3,"Города, меньше продуктов",3,3,False,тип зависит от варианта расчёта,,92351
1403,Лужский муниципальный район,Ленинградская область,муниципальный район,territorial,1403,1,"Города, меньше транспорта",1,1,False,тип зависит от варианта расчёта,,73911
1404,Подпорожский муниципальный район,Ленинградская область,муниципальный район,territorial,1404,2,"Сельские, меньше общепита",2,2,False,тип не зависит от варианта расчёта,,24944
1405,Приозерский муниципальный район,Ленинградская область,муниципальный район,territorial,1405,2,"Сельские, меньше общепита",2,1,True,тип не зависит от варианта расчёта,,56562
1406,Сланцевский муниципальный район,Ленинградская область,муниципальный район,territorial,1406,1,"Города, меньше транспорта",1,1,False,тип зависит от варианта расчёта,,44063
1407,Тихвинский муниципальный район,Ленинградская область,муниципальный район,territorial,1407,1,"Города, меньше транспорта",1,1,False,тип зависит от варианта расчёта,,65689
1408,Тосненский муниципальный район,Ленинградская область,муниципальный район,territorial,1408,1,"Города, меньше транспорта",1,1,False,тип зависит от варианта расчёта,,130317
1409,городской округ Сосновоборский,Ленинградская область,городской округ,territorial,1409,1,"Города, меньше транспорта",1,1,False,тип зависит от варианта расчёта,,63604
1410,городской округ город Липецк,Липецкая область,городской округ,territorial,1410,4,"Крупные города, меньше продуктов",4,4,False,тип не зависит от варианта расчёта,,484150
1411,городской округ город Елец,Липецкая область,городской округ,territorial,1411,3,"Города, меньше продуктов",3,3,False,тип зависит от варианта расчёта,,94332
1412,Воловский муниципальный район,Липецкая область,муниципальный район,territorial,1412,2,"Сельские, меньше общепита",2,2,False,тип зависит от варианта расчёта,,12180
1413,Грязинский муниципальный район,Липецкая область,муниципальный район,territorial,1413,3,"Города, меньше продуктов",3,3,False,тип не зависит от варианта расчёта,,77352
1414,Данковский муниципальный район,Липецкая область,муниципальный район,territorial,1414,1,"Города, меньше транспорта",1,1,False,тип зависит от варианта расчёта,,31294
1415,Добринский муниципальный район,Липецкая область,муниципальный район,territorial,1415,1,"Города, меньше транспорта",1,1,False,тип зависит от варианта расчёта,,32018
1416,Добровский муниципальный район,Липецкая область,муниципальный район,territorial,1416,1,"Города, меньше транспорта",1,1,False,тип не зависит от варианта расчёта,,26915
1417,Долгоруковский муниципальный район,Липецкая область,муниципальный район,territorial,1417,2,"Сельские, меньше общепита",2,1,True,тип зависит от варианта расчёта,,15604
1419,Задонский муниципальный район,Липецкая область,муниципальный район,territorial,1419,1,"Города, меньше транспорта",2,1,False,тип зависит от варианта расчёта,,33090
1420,Измалковский муниципальный район,Липецкая область,муниципальный район,territorial,1420,2,"Сельские, меньше общепита",2,2,False,тип зависит от варианта расчёта,,14712
1421,Краснинский муниципальный район,Липецкая область,муниципальный район,territorial,1421,1,"Города, меньше транспорта",1,1,False,тип зависит от варианта расчёта,,13088
1422,Лебедянский муниципальный район,Липецкая область,муниципальный район,territorial,1422,3,"Города, меньше продуктов",3,3,False,тип не зависит от варианта расчёта,,38620
1423,Лев-Толстовский муниципальный район,Липецкая область,муниципальный район,territorial,1423,1,"Города, меньше транспорта",1,1,False,тип не зависит от варианта расчёта,,16017
1425,Становлянский муниципальный район,Липецкая область,муниципальный район,territorial,1425,1,"Города, меньше транспорта",3,1,True,тип зависит от варианта расчёта,,16440
1426,Тербунский муниципальный район,Липецкая область,муниципальный район,territorial,1426,1,"Города, меньше транспорта",2,1,True,тип зависит от варианта расчёта,,20360
1427,Усманский муниципальный район,Липецкая область,муниципальный район,territorial,1427,3,"Города, меньше продуктов",3,3,False,тип зависит от варианта расчёта,,49022
1428,Хлевенский муниципальный район,Липецкая область,муниципальный район,territorial,1428,1,"Города, меньше транспорта",1,1,False,тип зависит от варианта расчёта,,18181
1429,Чаплыгинский муниципальный район,Липецкая область,муниципальный район,territorial,1429,1,"Города, меньше транспорта",1,1,False,тип не зависит от варианта расчёта,,29712
1430,городской округ город Магадан,Магаданская область,городской округ,territorial,1430,3,"Города, меньше продуктов",3,3,False,тип зависит от варианта расчёта,,95480
1431,муниципальный округ Ольский,Магаданская область,муниципальный округ,territorial,1431,1,"Города, меньше транспорта",1,1,False,тип зависит от варианта расчёта,,8605
1438,муниципальный округ Ягоднинский,Магаданская область,муниципальный округ,territorial,1438,1,"Города, меньше транспорта",1,1,False,тип не зависит от варианта расчёта,,5900
1439,городской округ Балашиха,Московская область,городской округ,territorial,1439,3,"Города, меньше продуктов",3,3,False,тип зависит от варианта расчёта,,561644
1440,городской округ Бронницы,Московская область,городской округ,territorial,1440,1,"Города, меньше транспорта",1,1,False,тип зависит от варианта расчёта,,21016
1443,городской округ Дзержинский,Московская область,городской округ,territorial,1443,3,"Города, меньше продуктов",3,3,False,тип зависит от варианта расчёта,,57371
1444,городской округ Долгопрудный,Московская область,городской округ,territorial,1444,3,"Города, меньше продуктов",3,3,False,тип зависит от варианта расчёта,,118924
1445,городской округ Домодедово,Московская область,городской округ,territorial,1445,1,"Города, меньше транспорта",1,1,False,тип зависит от варианта расчёта,,228804
1446,городской округ Дубна,Московская область,городской округ,territorial,1446,1,"Города, меньше транспорта",1,1,False,тип зависит от варианта расчёта,,74128
1447,городской округ Егорьевск,Московская область,городской округ,territorial,1447,1,"Города, меньше транспорта",1,1,False,тип зависит от варианта расчёта,,111644
1448,городской округ Жуковский,Московская область,городской округ,territorial,1448,3,"Города, меньше продуктов",3,3,False,тип зависит от варианта расчёта,,109957
1449,городской округ Зарайск,Московская область,городской округ,territorial,1449,2,"Сельские, меньше общепита",2,2,False,тип зависит от варианта расчёта,,36531
1453,городской округ Истра,Московская область,городской округ,territorial,1453,1,"Города, меньше транспорта",1,1,False,тип зависит от варианта расчёта,,171704
1454,городской округ Кашира,Московская область,городской округ,territorial,1454,1,"Города, меньше транспорта",1,1,False,тип зависит от варианта расчёта,,65920
1456,городской округ Королёв,Московская область,городской округ,territorial,1456,3,"Города, меньше продуктов",3,3,False,тип зависит от варианта расчёта,,226242
1457,городской округ Котельники,Московская область,городской округ,territorial,1457,3,"Города, меньше продуктов",3,3,False,тип зависит от варианта расчёта,,73800
1459,городской округ Красногорск,Московская область,городской округ,territorial,1459,3,"Города, меньше продуктов",3,3,False,тип зависит от варианта расчёта,,340928
1461,городской округ Лобня,Московская область,городской округ,territorial,1461,3,"Города, меньше продуктов",1,3,True,тип зависит от варианта расчёта,,81748
1463,городской округ Луховицы,Московская область,городской округ,territorial,1463,1,"Города, меньше транспорта",1,1,False,тип зависит от варианта расчёта,,61202
1464,городской округ Лыткарино,Московская область,городской округ,territorial,1464,1,"Города, меньше транспорта",1,1,False,тип зависит от варианта расчёта,,66728
1465,городской округ Люберцы,Московская область,городской округ,territorial,1465,3,"Города, меньше продуктов",3,3,False,тип зависит от варианта расчёта,,378032
1467,городской округ Мытищи,Московская область,городской округ,territorial,1467,3,"Города, меньше продуктов",3,3,False,тип зависит от варианта расчёта,,311904
1468,городской округ Наро-Фоминский,Московская область,городской округ,territorial,1468,1,"Города, меньше транспорта",1,1,False,тип зависит от варианта расчёта,,200126
1472,городской округ Подольск,Московская область,городской округ,territorial,1472,1,"Города, меньше транспорта",1,1,False,тип зависит от варианта расчёта,,351193
1473,городской округ Протвино,Московская область,городской округ,territorial,1473,1,"Города, меньше транспорта",1,1,False,тип зависит от варианта расчёта,,37221
1474,городской округ Пущино,Московская область,городской округ,territorial,1474,2,"Сельские, меньше общепита",1,1,False,тип зависит от варианта расчёта,,19342
1475,городской округ Реутов,Московская область,городской округ,territorial,1475,3,"Города, меньше продуктов",3,3,False,тип зависит от варианта расчёта,,115068
1477,городской округ Рузский,Московская область,городской округ,territorial,1477,2,"Сельские, меньше общепита",2,1,True,тип не зависит от варианта расчёта,,80176
1478,городской округ Серебряные Пруды,Московская область,городской округ,territorial,1478,2,"Сельские, меньше общепита",2,2,False,тип зависит от варианта расчёта,,23302
1480,городской округ Ступино,Московская область,городской округ,territorial,1480,1,"Города, меньше транспорта",1,1,False,тип зависит от варианта расчёта,,118290
1481,городской округ Фрязино,Московская область,городской округ,territorial,1481,1,"Города, меньше транспорта",1,1,False,тип зависит от варианта расчёта,,58616
1483,городской округ Черноголовка,Московская область,городской округ,territorial,1483,1,"Города, меньше транспорта",1,1,False,тип зависит от варианта расчёта,,21226
1484,городской округ Чехов,Московская область,городской округ,territorial,1484,1,"Города, меньше транспорта",1,1,False,тип зависит от варианта расчёта,,147849
1486,городской округ Шаховская,Московская область,городской округ,territorial,1486,2,"Сельские, меньше общепита",2,2,False,тип зависит от варианта расчёта,,29831
1488,городской округ Электросталь,Московская область,городской округ,territorial,1488,1,"Города, меньше транспорта",1,1,False,тип зависит от варианта расчёта,,151359
1489,городской округ Волоколамский,Московская область,городской округ,territorial,1489,2,"Сельские, меньше общепита",2,1,False,тип не зависит от варианта расчёта,,64537
1490,городской округ Воскресенск,Московская область,городской округ,territorial,1490,1,"Города, меньше транспорта",1,1,False,тип зависит от варианта расчёта,,161308
1491,городской округ Дмитровский,Московская область,городской округ,territorial,1491,1,"Города, меньше транспорта",1,1,False,тип зависит от варианта расчёта,,165877
1492,городской округ Клин,Московская область,городской округ,territorial,1492,1,"Города, меньше транспорта",1,1,False,тип зависит от варианта расчёта,,149179
1493,городской округ Ленинский,Московская область,городской округ,territorial,1493,3,"Города, меньше продуктов",3,3,False,тип зависит от варианта расчёта,,334670
1494,городской округ Лотошино,Московская область,городской округ,territorial,1494,2,"Сельские, меньше общепита",2,2,False,тип зависит от варианта расчёта,,21868
1495,городской округ Можайский,Московская область,городской округ,territorial,1495,1,"Города, меньше транспорта",2,1,True,тип зависит от варианта расчёта,,92970
1496,городской округ Богородский,Московская область,городской округ,territorial,1496,1,"Города, меньше транспорта",1,1,False,тип зависит от варианта расчёта,,221470
1500,городской округ Раменский,Московская область,городской округ,territorial,1500,1,"Города, меньше транспорта",1,1,False,тип зависит от варианта расчёта,,332074
1501,городской округ Сергиево-Посадский,Московская область,городской округ,territorial,1501,1,"Города, меньше транспорта",1,1,False,тип зависит от варианта расчёта,,208404
1504,городской округ Талдомский,Московская область,городской округ,territorial,1504,2,"Сельские, меньше общепита",2,2,False,тип зависит от варианта расчёта,,64422
1506,городской округ город Мурманск,Мурманская область,городской округ,territorial,1506,3,"Города, меньше продуктов",3,3,False,тип зависит от варианта расчёта,,265510
1507,муниципальный округ город Апатиты,Мурманская область,муниципальный округ,territorial,1507,3,"Города, меньше продуктов",3,3,False,тип зависит от варианта расчёта,,48352
1508,муниципальный округ город Кировск,Мурманская область,муниципальный округ,territorial,1508,3,"Города, меньше продуктов",3,3,False,тип зависит от варианта расчёта,,25870
1509,муниципальный округ город Мончегорск,Мурманская область,муниципальный округ,territorial,1509,1,"Города, меньше транспорта",1,1,False,тип зависит от варианта расчёта,,41246
1510,муниципальный округ город Оленегорск,Мурманская область,муниципальный округ,territorial,1510,1,"Города, меньше транспорта",1,1,False,тип зависит от варианта расчёта,,27842
1511,муниципальный округ город Полярные Зори,Мурманская область,муниципальный округ,territorial,1511,1,"Города, меньше транспорта",1,1,False,тип зависит от варианта расчёта,,15620
1512,Ковдорский муниципальный округ,Мурманская область,муниципальный округ,territorial,1512,1,"Города, меньше транспорта",1,1,False,тип зависит от варианта расчёта,,16621
1518,Кандалакшский муниципальный район,Мурманская область,муниципальный район,territorial,1518,1,"Города, меньше транспорта",1,1,False,тип зависит от варианта расчёта,,39148
1519,Кольский муниципальный район,Мурманская область,муниципальный район,territorial,1519,1,"Города, меньше транспорта",1,1,False,тип зависит от варианта расчёта,,33025
1520,Ловозерский муниципальный район,Мурманская область,муниципальный район,territorial,1520,2,"Сельские, меньше общепита",2,2,False,тип зависит от варианта расчёта,,8662
1521,Печенгский муниципальный округ,Мурманская область,муниципальный округ,territorial,1521,1,"Города, меньше транспорта",1,1,False,тип зависит от варианта расчёта,,29275
1522,Терский муниципальный район,Мурманская область,муниципальный район,territorial,1522,2,"Сельские, меньше общепита",2,2,False,тип не зависит от варианта расчёта,,4649
1523,городской округ город Нижний Новгород,Нижегородская область,городской округ,territorial,1523,4,"Крупные города, меньше продуктов",4,4,False,тип не зависит от варианта расчёта,,1225437
1525,городской округ город Бор,Нижегородская область,городской округ,territorial,1525,4,"Крупные города, меньше продуктов",3,4,True,тип не зависит от варианта расчёта,,117420
1526,городской округ город Выкса,Нижегородская область,городской округ,territorial,1526,3,"Города, меньше продуктов",3,3,False,тип зависит от варианта расчёта,,72372
1527,городской округ город Дзержинск,Нижегородская область,городской округ,territorial,1527,4,"Крупные города, меньше продуктов",4,4,False,тип не зависит от варианта расчёта,,224289
1528,городской округ город Кулебаки,Нижегородская область,городской округ,territorial,1528,1,"Города, меньше транспорта",1,1,False,тип зависит от варианта расчёта,,44780
1529,городской округ Навашинский,Нижегородская область,городской округ,territorial,1529,1,"Города, меньше транспорта",1,1,False,тип зависит от варианта расчёта,,20514
1530,городской округ Перевозский,Нижегородская область,городской округ,territorial,1530,1,"Города, меньше транспорта",1,1,False,тип зависит от варианта расчёта,,15949
1532,городской округ Семеновский,Нижегородская область,городской округ,territorial,1532,1,"Города, меньше транспорта",1,1,False,тип зависит от варианта расчёта,,45262
1533,городской округ город Шахунья,Нижегородская область,городской округ,territorial,1533,1,"Города, меньше транспорта",1,1,False,тип зависит от варианта расчёта,,28195
1534,городской округ город Первомайск,Нижегородская область,городской округ,territorial,1534,2,"Сельские, меньше общепита",2,2,False,тип зависит от варианта расчёта,,16973
1535,городской округ Сокольский,Нижегородская область,городской округ,territorial,1535,1,"Города, меньше транспорта",1,1,False,тип зависит от варианта расчёта,,10756
1536,городской округ город Чкаловск,Нижегородская область,городской округ,territorial,1536,1,"Города, меньше транспорта",1,1,False,тип зависит от варианта расчёта,,18880
1537,Ардатовский муниципальный округ,Нижегородская область,муниципальный округ,territorial,1537,1,"Города, меньше транспорта",1,1,False,тип зависит от варианта расчёта,,22149
1539,Балахнинский муниципальный округ,Нижегородская область,муниципальный округ,territorial,1539,3,"Города, меньше продуктов",3,3,False,тип зависит от варианта расчёта,,71858
1540,Богородский муниципальный округ,Нижегородская область,муниципальный округ,territorial,1540,3,"Города, меньше продуктов",3,3,False,тип зависит от варианта расчёта,,57734
1541,Большеболдинский муниципальный округ,Нижегородская область,муниципальный округ,territorial,1541,2,"Сельские, меньше общепита",2,2,False,тип не зависит от варианта расчёта,,10117
1542,Большемурашкинский муниципальный округ,Нижегородская область,муниципальный округ,territorial,1542,2,"Сельские, меньше общепита",1,2,True,тип зависит от варианта расчёта,,10212
1543,Бутурлинский муниципальный округ,Нижегородская область,муниципальный округ,territorial,1543,1,"Города, меньше транспорта",2,1,True,тип зависит от варианта расчёта,,12838
1544,Вадский муниципальный округ,Нижегородская область,муниципальный округ,territorial,1544,2,"Сельские, меньше общепита",1,2,False,тип не зависит от варианта расчёта,,13222
1545,Варнавинский муниципальный округ,Нижегородская область,муниципальный округ,territorial,1545,2,"Сельские, меньше общепита",2,2,False,тип не зависит от варианта расчёта,,9560
1546,Вачский муниципальный округ,Нижегородская область,муниципальный округ,territorial,1546,2,"Сельские, меньше общепита",2,2,False,тип зависит от варианта расчёта,,16622
1547,Ветлужский муниципальный округ,Нижегородская область,муниципальный округ,territorial,1547,2,"Сельские, меньше общепита",2,2,False,тип не зависит от варианта расчёта,,12440
1548,Вознесенский муниципальный округ,Нижегородская область,муниципальный округ,territorial,1548,2,"Сельские, меньше общепита",2,2,False,тип не зависит от варианта расчёта,,14220
1549,Володарский муниципальный округ,Нижегородская область,муниципальный округ,territorial,1549,3,"Города, меньше продуктов",3,3,False,тип не зависит от варианта расчёта,,47818
1550,городской округ Воротынский,Нижегородская область,городской округ,territorial,1550,1,"Города, меньше транспорта",1,1,False,тип зависит от варианта расчёта,,13252
1551,Воскресенский муниципальный округ,Нижегородская область,муниципальный округ,territorial,1551,2,"Сельские, меньше общепита",2,2,False,тип не зависит от варианта расчёта,,15936
1552,Гагинский муниципальный округ,Нижегородская область,муниципальный округ,territorial,1552,2,"Сельские, меньше общепита",2,2,False,тип зависит от варианта расчёта,,9578
1553,Городецкий муниципальный округ,Нижегородская область,муниципальный округ,territorial,1553,3,"Города, меньше продуктов",3,3,False,тип зависит от варианта расчёта,,79820
1554,Дальнеконстантиновский муниципальный округ,Нижегородская область,муниципальный округ,territorial,1554,1,"Города, меньше транспорта",1,1,False,тип зависит от варианта расчёта,,20252
1555,Дивеевский муниципальный округ,Нижегородская область,муниципальный округ,territorial,1555,1,"Города, меньше транспорта",2,1,True,тип зависит от варианта расчёта,,14868
1556,Княгининский муниципальный округ,Нижегородская область,муниципальный округ,territorial,1556,1,"Города, меньше транспорта",1,1,False,тип зависит от варианта расчёта,,10732
1557,Ковернинский муниципальный округ,Нижегородская область,муниципальный округ,territorial,1557,1,"Города, меньше транспорта",1,1,False,тип зависит от варианта расчёта,,17014
1558,Краснобаковский муниципальный округ,Нижегородская область,муниципальный округ,territorial,1558,1,"Города, меньше транспорта",1,1,False,тип зависит от варианта расчёта,,18406
1559,Краснооктябрьский муниципальный округ,Нижегородская область,муниципальный округ,territorial,1559,2,"Сельские, меньше общепита",2,2,False,тип не зависит от варианта расчёта,,8517
1560,Кстовский муниципальный округ,Нижегородская область,муниципальный округ,territorial,1560,4,"Крупные города, меньше продуктов",4,4,False,тип не зависит от варианта расчёта,,121373
1561,Лукояновский муниципальный округ,Нижегородская область,муниципальный округ,territorial,1561,2,"Сельские, меньше общепита",2,2,False,тип не зависит от варианта расчёта,,25578
1562,Лысковский муниципальный округ,Нижегородская область,муниципальный округ,territorial,1562,3,"Города, меньше продуктов",1,3,True,тип не зависит от варианта расчёта,,33883
1563,Павловский муниципальный округ,Нижегородская область,муниципальный округ,territorial,1563,3,"Города, меньше продуктов",3,3,False,тип зависит от варианта расчёта,,91406
1564,Пильнинский муниципальный округ,Нижегородская область,муниципальный округ,territorial,1564,2,"Сельские, меньше общепита",2,2,False,тип не зависит от варианта расчёта,,17981
1565,Починковский муниципальный округ,Нижегородская область,муниципальный округ,territorial,1565,1,"Города, меньше транспорта",1,1,False,тип зависит от варианта расчёта,,25230
1566,Сергачский муниципальный округ,Нижегородская область,муниципальный округ,territorial,1566,1,"Города, меньше транспорта",1,1,False,тип зависит от варианта расчёта,,26600
1567,Сеченовский муниципальный округ,Нижегородская область,муниципальный округ,territorial,1567,2,"Сельские, меньше общепита",2,2,False,тип не зависит от варианта расчёта,,13362
1568,Сосновский муниципальный округ,Нижегородская область,муниципальный округ,territorial,1568,1,"Города, меньше транспорта",1,1,False,тип зависит от варианта расчёта,,16080
1569,Спасский муниципальный округ,Нижегородская область,муниципальный округ,territorial,1569,2,"Сельские, меньше общепита",2,1,True,тип не зависит от варианта расчёта,,9311
1570,Тонкинский муниципальный округ,Нижегородская область,муниципальный округ,territorial,1570,1,"Города, меньше транспорта",1,1,False,тип зависит от варианта расчёта,,6960
1571,Тоншаевский муниципальный округ,Нижегородская область,муниципальный округ,territorial,1571,1,"Города, меньше транспорта",1,1,False,тип зависит от варианта расчёта,,14281
1572,Уренский муниципальный округ,Нижегородская область,муниципальный округ,territorial,1572,1,"Города, меньше транспорта",1,3,True,тип зависит от варианта расчёта,,27798
1573,Шарангский муниципальный округ,Нижегородская область,муниципальный округ,territorial,1573,1,"Города, меньше транспорта",1,1,False,тип зависит от варианта расчёта,,11268
1574,Шатковский муниципальный округ,Нижегородская область,муниципальный округ,territorial,1574,1,"Города, меньше транспорта",1,1,False,тип зависит от варианта расчёта,,22486
1575,городской округ Великий Новгород,Новгородская область,городской округ,territorial,1575,4,"Крупные города, меньше продуктов",4,4,False,тип не зависит от варианта расчёта,,222504
1577,Боровичский муниципальный район,Новгородская область,муниципальный район,territorial,1577,3,"Города, меньше продуктов",3,3,False,тип зависит от варианта расчёта,,59920
1578,Валдайский муниципальный район,Новгородская область,муниципальный район,territorial,1578,3,"Города, меньше продуктов",3,3,False,тип не зависит от варианта расчёта,,21568
1579,муниципальный округ Волотовский,Новгородская область,муниципальный округ,territorial,1579,2,"Сельские, меньше общепита",2,2,False,тип не зависит от варианта расчёта,,4014
1580,муниципальный округ Демянский,Новгородская область,муниципальный округ,territorial,1580,2,"Сельские, меньше общепита",2,2,False,тип не зависит от варианта расчёта,,9448
1581,муниципальный округ Крестецкий,Новгородская область,муниципальный округ,territorial,1581,1,"Города, меньше транспорта",1,1,False,тип зависит от варианта расчёта,,11096
1582,Любытинский муниципальный район,Новгородская область,муниципальный район,territorial,1582,2,"Сельские, меньше общепита",2,2,False,тип не зависит от варианта расчёта,,6971
1583,Маловишерский муниципальный район,Новгородская область,муниципальный район,territorial,1583,1,"Города, меньше транспорта",1,1,False,тип зависит от варианта расчёта,,12952
1584,муниципальный округ Марёвский,Новгородская область,муниципальный округ,territorial,1584,2,"Сельские, меньше общепита",2,2,False,тип не зависит от варианта расчёта,,3156
1585,муниципальный округ Мошенской,Новгородская область,муниципальный округ,territorial,1585,1,"Города, меньше транспорта",2,1,False,тип зависит от варианта расчёта,,5525
1586,Новгородский муниципальный район,Новгородская область,муниципальный район,territorial,1586,4,"Крупные города, меньше продуктов",4,4,False,тип не зависит от варианта расчёта,,63989
1587,Окуловский муниципальный район,Новгородская область,муниципальный район,territorial,1587,1,"Города, меньше транспорта",1,1,False,тип зависит от варианта расчёта,,17856
1588,Парфинский муниципальный район,Новгородская область,муниципальный район,territorial,1588,1,"Города, меньше транспорта",1,1,False,тип зависит от варианта расчёта,,11476
1589,муниципальный округ Пестовский,Новгородская область,муниципальный округ,territorial,1589,3,"Города, меньше продуктов",1,3,False,тип не зависит от варианта расчёта,,18147
1590,Поддорский муниципальный район,Новгородская область,муниципальный район,territorial,1590,2,"Сельские, меньше общепита",2,2,False,тип не зависит от варианта расчёта,,3178
1591,муниципальный округ Солецкий,Новгородская область,муниципальный округ,territorial,1591,1,"Города, меньше транспорта",1,1,False,тип зависит от варианта расчёта,,10634
1592,Старорусский муниципальный район,Новгородская область,муниципальный район,territorial,1592,3,"Города, меньше продуктов",3,3,False,тип не зависит от варианта расчёта,,37072
1593,муниципальный округ Хвойнинский,Новгородская область,муниципальный округ,territorial,1593,1,"Города, меньше транспорта",1,1,False,тип зависит от варианта расчёта,,13002
1594,Холмский муниципальный район,Новгородская область,муниципальный район,territorial,1594,2,"Сельские, меньше общепита",2,2,False,тип не зависит от варианта расчёта,,4594
1595,Чудовский муниципальный район,Новгородская область,муниципальный район,territorial,1595,3,"Города, меньше продуктов",1,3,False,тип не зависит от варианта расчёта,,18261
1596,Шимский муниципальный район,Новгородская область,муниципальный район,territorial,1596,1,"Города, меньше транспорта",1,1,False,тип зависит от варианта расчёта,,9054
1597,городской округ город Новосибирск,Новосибирская область,городской округ,territorial,1597,4,"Крупные города, меньше продуктов",4,4,False,тип не зависит от варианта расчёта,,1633851
1598,городской округ город Бердск,Новосибирская область,городской округ,territorial,1598,4,"Крупные города, меньше продуктов",4,3,False,тип не зависит от варианта расчёта,,102760
1599,городской округ город Искитим,Новосибирская область,городской округ,territorial,1599,3,"Города, меньше продуктов",3,3,False,тип зависит от варианта расчёта,,56654
1600,городской округ город Обь,Новосибирская область,городской округ,territorial,1600,4,"Крупные города, меньше продуктов",3,4,False,тип не зависит от варианта расчёта,,31050
1601,городской округ рабочий поселок Кольцово,Новосибирская область,городской округ,territorial,1601,4,"Крупные города, меньше продуктов",4,4,False,тип не зависит от варианта расчёта,,20883
1602,Баганский муниципальный район,Новосибирская область,муниципальный район,territorial,1602,2,"Сельские, меньше общепита",2,2,False,тип зависит от варианта расчёта,,13948
1603,Барабинский муниципальный район,Новосибирская область,муниципальный район,territorial,1603,3,"Города, меньше продуктов",3,3,False,тип зависит от варианта расчёта,,38628
1604,Болотнинский муниципальный район,Новосибирская область,муниципальный район,territorial,1604,1,"Города, меньше транспорта",1,1,False,тип зависит от варианта расчёта,,25205
1605,Венгеровский муниципальный район,Новосибирская область,муниципальный район,territorial,1605,2,"Сельские, меньше общепита",2,2,False,тип зависит от варианта расчёта,,14721
1606,Доволенский муниципальный район,Новосибирская область,муниципальный район,territorial,1606,1,"Города, меньше транспорта",1,1,False,тип зависит от варианта расчёта,,12663
1607,Здвинский муниципальный район,Новосибирская область,муниципальный район,territorial,1607,2,"Сельские, меньше общепита",2,2,False,тип не зависит от варианта расчёта,,11725
1608,Искитимский муниципальный район,Новосибирская область,муниципальный район,territorial,1608,1,"Города, меньше транспорта",1,3,False,тип зависит от варианта расчёта,,58382
1609,Карасукский муниципальный район,Новосибирская область,муниципальный район,territorial,1609,1,"Города, меньше транспорта",1,1,False,тип зависит от варианта расчёта,,38279
1610,Каргатский муниципальный район,Новосибирская область,муниципальный район,territorial,1610,1,"Города, меньше транспорта",1,1,False,тип не зависит от варианта расчёта,,14001
1611,Колыванский муниципальный район,Новосибирская область,муниципальный район,territorial,1611,1,"Города, меньше транспорта",1,1,False,тип не зависит от варианта расчёта,,24293
1612,Коченевский муниципальный район,Новосибирская область,муниципальный район,territorial,1612,1,"Города, меньше транспорта",1,1,False,тип зависит от варианта расчёта,,45219
1613,Кочковский муниципальный район,Новосибирская область,муниципальный район,territorial,1613,2,"Сельские, меньше общепита",2,2,False,тип зависит от варианта расчёта,,11493
1614,Краснозерский муниципальный район,Новосибирская область,муниципальный район,territorial,1614,2,"Сельские, меньше общепита",2,2,False,тип зависит от варианта расчёта,,27453
1615,Куйбышевский муниципальный район,Новосибирская область,муниципальный район,territorial,1615,3,"Города, меньше продуктов",3,3,False,тип зависит от варианта расчёта,,53654
1616,Купинский муниципальный район,Новосибирская область,муниципальный район,territorial,1616,1,"Города, меньше транспорта",1,1,False,тип зависит от варианта расчёта,,25382
1617,Кыштовский муниципальный район,Новосибирская область,муниципальный район,territorial,1617,2,"Сельские, меньше общепита",2,2,False,тип не зависит от варианта расчёта,,8984
1618,Маслянинский муниципальный район,Новосибирская область,муниципальный район,territorial,1618,1,"Города, меньше транспорта",1,1,False,тип зависит от варианта расчёта,,23528
1619,Мошковский муниципальный район,Новосибирская область,муниципальный район,territorial,1619,3,"Города, меньше продуктов",1,3,True,тип не зависит от варианта расчёта,,40479
1620,Новосибирский муниципальный район,Новосибирская область,муниципальный район,territorial,1620,4,"Крупные города, меньше продуктов",4,4,False,тип не зависит от варианта расчёта,,170131
1621,Ордынский муниципальный район,Новосибирская область,муниципальный район,territorial,1621,1,"Города, меньше транспорта",1,1,False,тип зависит от варианта расчёта,,33623
1622,Северный муниципальный район,Новосибирская область,муниципальный район,territorial,1622,1,"Города, меньше транспорта",1,1,False,тип зависит от варианта расчёта,,7319
1623,Сузунский муниципальный район,Новосибирская область,муниципальный район,territorial,1623,1,"Города, меньше транспорта",1,3,True,тип зависит от варианта расчёта,,31042
1624,Татарский муниципальный район,Новосибирская область,муниципальный район,territorial,1624,1,"Города, меньше транспорта",1,1,False,тип зависит от варианта расчёта,,36645
1625,Тогучинский муниципальный район,Новосибирская область,муниципальный район,territorial,1625,1,"Города, меньше транспорта",1,1,False,тип зависит от варианта расчёта,,53463
1626,Убинский муниципальный район,Новосибирская область,муниципальный район,territorial,1626,2,"Сельские, меньше общепита",2,1,True,тип не зависит от варианта расчёта,,11277
1627,Усть-Таркский муниципальный район,Новосибирская область,муниципальный район,territorial,1627,2,"Сельские, меньше общепита",2,2,False,тип зависит от варианта расчёта,,10681
1628,Чановский муниципальный район,Новосибирская область,муниципальный район,territorial,1628,1,"Города, меньше транспорта",1,1,False,тип зависит от варианта расчёта,,20323
1629,Черепановский муниципальный район,Новосибирская область,муниципальный район,territorial,1629,1,"Города, меньше транспорта",1,1,False,тип зависит от варианта расчёта,,49025
1630,Чистоозерный муниципальный район,Новосибирская область,муниципальный район,territorial,1630,1,"Города, меньше транспорта",1,1,False,тип зависит от варианта расчёта,,13809
1631,Чулымский муниципальный район,Новосибирская область,муниципальный район,territorial,1631,1,"Города, меньше транспорта",1,1,False,тип зависит от варианта расчёта,,18959
1632,городской округ город Омск,Омская область,городской округ,territorial,1632,4,"Крупные города, меньше продуктов",4,4,False,тип не зависит от варианта расчёта,,1102926
1633,Азовский немецкий национальный муниципальный район,Омская область,муниципальный район,territorial,1633,3,"Города, меньше продуктов",3,3,False,тип зависит от варианта расчёта,,25282
1634,Большереченский муниципальный район,Омская область,муниципальный район,territorial,1634,3,"Города, меньше продуктов",3,3,False,тип не зависит от варианта расчёта,,21326
1635,Большеуковский муниципальный район,Омская область,муниципальный район,territorial,1635,2,"Сельские, меньше общепита",2,2,False,тип не зависит от варианта расчёта,,5769
1636,Горьковский муниципальный район,Омская область,муниципальный район,territorial,1636,1,"Города, меньше транспорта",1,1,False,тип зависит от варианта расчёта,,17922
1637,Знаменский муниципальный район,Омская область,муниципальный район,territorial,1637,2,"Сельские, меньше общепита",2,1,True,тип не зависит от варианта расчёта,,9732
1638,Исилькульский муниципальный район,Омская область,муниципальный район,territorial,1638,1,"Города, меньше транспорта",1,1,False,тип зависит от варианта расчёта,,35030
1639,Калачинский муниципальный район,Омская область,муниципальный район,territorial,1639,1,"Города, меньше транспорта",1,1,False,тип зависит от варианта расчёта,,35203
1640,Колосовский муниципальный район,Омская область,муниципальный район,territorial,1640,2,"Сельские, меньше общепита",2,2,False,тип не зависит от варианта расчёта,,8674
1641,Кормиловский муниципальный район,Омская область,муниципальный район,territorial,1641,1,"Города, меньше транспорта",1,1,False,тип зависит от варианта расчёта,,23012
1642,Крутинский муниципальный район,Омская область,муниципальный район,territorial,1642,1,"Города, меньше транспорта",2,1,False,тип зависит от варианта расчёта,,12573
1643,Любинский муниципальный район,Омская область,муниципальный район,territorial,1643,3,"Города, меньше продуктов",3,3,False,тип не зависит от варианта расчёта,,37960
1644,Марьяновский муниципальный район,Омская область,муниципальный район,territorial,1644,1,"Города, меньше транспорта",1,1,False,тип зависит от варианта расчёта,,25205
1645,Москаленский муниципальный район,Омская область,муниципальный район,territorial,1645,1,"Города, меньше транспорта",1,1,False,тип зависит от варианта расчёта,,26231
1646,Муромцевский муниципальный район,Омская область,муниципальный район,territorial,1646,1,"Города, меньше транспорта",1,1,False,тип зависит от варианта расчёта,,16806
1647,Называевский муниципальный район,Омская область,муниципальный район,territorial,1647,2,"Сельские, меньше общепита",2,2,False,тип не зависит от варианта расчёта,,17586
1648,Нижнеомский муниципальный район,Омская область,муниципальный район,territorial,1648,2,"Сельские, меньше общепита",2,2,False,тип не зависит от варианта расчёта,,12082
1649,Нововаршавский муниципальный район,Омская область,муниципальный район,territorial,1649,1,"Города, меньше транспорта",1,1,False,тип зависит от варианта расчёта,,20228
1650,Одесский муниципальный район,Омская область,муниципальный район,territorial,1650,1,"Города, меньше транспорта",1,1,False,тип зависит от варианта расчёта,,15806
1651,Оконешниковский муниципальный район,Омская область,муниципальный район,territorial,1651,2,"Сельские, меньше общепита",2,2,False,тип не зависит от варианта расчёта,,11664
1652,Омский муниципальный район,Омская область,муниципальный район,territorial,1652,4,"Крупные города, меньше продуктов",4,4,False,тип не зависит от варианта расчёта,,100551
1653,Павлоградский муниципальный район,Омская область,муниципальный район,territorial,1653,1,"Города, меньше транспорта",1,1,False,тип не зависит от варианта расчёта,,17378
1654,Полтавский муниципальный район,Омская область,муниципальный район,territorial,1654,1,"Города, меньше транспорта",1,1,False,тип зависит от варианта расчёта,,17986
1655,Русско-Полянский муниципальный район,Омская область,муниципальный район,territorial,1655,2,"Сельские, меньше общепита",2,2,False,тип зависит от варианта расчёта,,15458
1656,Саргатский муниципальный район,Омская область,муниципальный район,territorial,1656,1,"Города, меньше транспорта",1,1,False,тип зависит от варианта расчёта,,15700
1657,Седельниковский муниципальный район,Омская область,муниципальный район,territorial,1657,2,"Сельские, меньше общепита",2,2,False,тип не зависит от варианта расчёта,,8077
1658,Таврический муниципальный район,Омская область,муниципальный район,territorial,1658,3,"Города, меньше продуктов",3,3,False,тип не зависит от варианта расчёта,,33141
1659,Тарский муниципальный район,Омская область,муниципальный район,territorial,1659,3,"Города, меньше продуктов",3,3,False,тип зависит от варианта расчёта,,39530
1660,Тевризский муниципальный район,Омская область,муниципальный район,territorial,1660,2,"Сельские, меньше общепита",2,1,True,тип не зависит от варианта расчёта,,11860
1661,Тюкалинский муниципальный район,Омская область,муниципальный район,territorial,1661,1,"Города, меньше транспорта",1,1,False,тип зависит от варианта расчёта,,18928
1662,Усть-Ишимский муниципальный район,Омская область,муниципальный район,territorial,1662,3,"Города, меньше продуктов",4,2,True,тип зависит от варианта расчёта,,9040
1663,Черлакский муниципальный район,Омская область,муниципальный район,territorial,1663,1,"Города, меньше транспорта",2,1,False,тип зависит от варианта расчёта,,24657
1664,Шербакульский муниципальный район,Омская область,муниципальный район,territorial,1664,2,"Сельские, меньше общепита",2,1,True,тип зависит от варианта расчёта,,18630
1665,городской округ город Оренбург,Оренбургская область,городской округ,territorial,1665,4,"Крупные города, меньше продуктов",4,4,False,тип не зависит от варианта расчёта,,550146
1666,городской округ Абдулинский,Оренбургская область,городской округ,territorial,1666,1,"Города, меньше транспорта",1,1,False,тип зависит от варианта расчёта,,23192
1667,городской округ город Бугуруслан,Оренбургская область,городской округ,territorial,1667,3,"Города, меньше продуктов",3,3,False,тип зависит от варианта расчёта,,42312
1668,городской округ город Бузулук,Оренбургская область,городской округ,territorial,1668,3,"Города, меньше продуктов",3,3,False,тип зависит от варианта расчёта,,88270
1669,городской округ Гайский,Оренбургская область,городской округ,territorial,1669,3,"Города, меньше продуктов",3,3,False,тип не зависит от варианта расчёта,,38805
1670,городской округ Кувандыкский,Оренбургская область,городской округ,territorial,1670,1,"Города, меньше транспорта",1,1,False,тип зависит от варианта расчёта,,40038
1671,городской округ город Медногорск,Оренбургская область,городской округ,territorial,1671,1,"Города, меньше транспорта",1,1,False,тип зависит от варианта расчёта,,23976
1672,городской округ город Новотроицк,Оренбургская область,городской округ,territorial,1672,3,"Города, меньше продуктов",3,3,False,тип не зависит от варианта расчёта,,79140
1673,городской округ город Орск,Оренбургская область,городской округ,territorial,1673,3,"Города, меньше продуктов",3,3,False,тип не зависит от варианта расчёта,,189227
1674,городской округ Соль-Илецкий,Оренбургская область,городской округ,territorial,1674,3,"Города, меньше продуктов",3,3,False,тип зависит от варианта расчёта,,44912
1675,городской округ Сорочинский,Оренбургская область,городской округ,territorial,1675,3,"Города, меньше продуктов",3,3,False,тип зависит от варианта расчёта,,39618
1676,городской округ Ясненский,Оренбургская область,городской округ,territorial,1676,3,"Города, меньше продуктов",3,3,False,тип не зависит от варианта расчёта,,17652
1678,Адамовский муниципальный район,Оренбургская область,муниципальный район,territorial,1678,2,"Сельские, меньше общепита",2,2,False,тип зависит от варианта расчёта,,18763
1679,Акбулакский муниципальный район,Оренбургская область,муниципальный район,territorial,1679,1,"Города, меньше транспорта",1,1,False,тип зависит от варианта расчёта,,18928
1680,Александровский муниципальный район,Оренбургская область,муниципальный район,territorial,1680,2,"Сельские, меньше общепита",2,2,False,тип не зависит от варианта расчёта,,12647
1681,Асекеевский муниципальный район,Оренбургская область,муниципальный район,territorial,1681,2,"Сельские, меньше общепита",2,2,False,тип не зависит от варианта расчёта,,15543
1682,Беляевский муниципальный район,Оренбургская область,муниципальный район,territorial,1682,1,"Города, меньше транспорта",1,1,False,тип зависит от варианта расчёта,,13014
1683,Бугурусланский муниципальный район,Оренбургская область,муниципальный район,territorial,1683,3,"Города, меньше продуктов",3,3,False,тип зависит от варианта расчёта,,16048
1685,Грачёвский муниципальный район,Оренбургская область,муниципальный район,territorial,1685,2,"Сельские, меньше общепита",2,2,False,тип не зависит от варианта расчёта,,10456
1686,Домбаровский муниципальный район,Оренбургская область,муниципальный район,territorial,1686,1,"Города, меньше транспорта",2,1,True,тип зависит от варианта расчёта,,11010
1687,Илекский муниципальный район,Оренбургская область,муниципальный район,territorial,1687,2,"Сельские, меньше общепита",1,2,False,тип не зависит от варианта расчёта,,25078
1688,Кваркенский муниципальный район,Оренбургская область,муниципальный район,territorial,1688,2,"Сельские, меньше общепита",2,2,False,тип не зависит от варианта расчёта,,14268
1689,Красногвардейский муниципальный район,Оренбургская область,муниципальный район,territorial,1689,2,"Сельские, меньше общепита",2,2,False,тип не зависит от варианта расчёта,,16839
1690,Курманаевский муниципальный район,Оренбургская область,муниципальный район,territorial,1690,2,"Сельские, меньше общепита",2,2,False,тип не зависит от варианта расчёта,,14002
1691,Матвеевский муниципальный район,Оренбургская область,муниципальный район,territorial,1691,2,"Сельские, меньше общепита",2,2,False,тип не зависит от варианта расчёта,,8730
1692,Новоорский муниципальный район,Оренбургская область,муниципальный район,territorial,1692,1,"Города, меньше транспорта",1,1,False,тип зависит от варианта расчёта,,23316
1693,Новосергиевский муниципальный район,Оренбургская область,муниципальный район,territorial,1693,1,"Города, меньше транспорта",1,1,False,тип зависит от варианта расчёта,,28646
1694,Октябрьский муниципальный район,Оренбургская область,муниципальный район,territorial,1694,1,"Города, меньше транспорта",1,1,False,тип зависит от варианта расчёта,,16948
1696,Первомайский муниципальный район,Оренбургская область,муниципальный район,territorial,1696,1,"Города, меньше транспорта",2,1,False,тип зависит от варианта расчёта,,20360
1697,Переволоцкий муниципальный район,Оренбургская область,муниципальный район,territorial,1697,1,"Города, меньше транспорта",1,1,False,тип зависит от варианта расчёта,,20163
1698,Пономарёвский муниципальный район,Оренбургская область,муниципальный район,territorial,1698,2,"Сельские, меньше общепита",2,2,False,тип не зависит от варианта расчёта,,12821
1699,Сакмарский муниципальный район,Оренбургская область,муниципальный район,territorial,1699,1,"Города, меньше транспорта",1,1,False,тип не зависит от варианта расчёта,,29192
1700,Саракташский муниципальный район,Оренбургская область,муниципальный район,territorial,1700,3,"Города, меньше продуктов",3,1,True,тип зависит от варианта расчёта,,39616
1701,Светлинский муниципальный район,Оренбургская область,муниципальный район,territorial,1701,1,"Города, меньше транспорта",1,1,False,тип зависит от варианта расчёта,,9617
1702,Северный муниципальный район,Оренбургская область,муниципальный район,territorial,1702,2,"Сельские, меньше общепита",2,2,True,тип зависит от варианта расчёта,,10650
1703,Ташлинский муниципальный район,Оренбургская область,муниципальный район,territorial,1703,1,"Города, меньше транспорта",1,1,False,тип зависит от варианта расчёта,,19760
1704,Тоцкий муниципальный район,Оренбургская область,муниципальный район,territorial,1704,3,"Города, меньше продуктов",3,3,False,тип не зависит от варианта расчёта,,30583
1705,Тюльганский муниципальный район,Оренбургская область,муниципальный район,territorial,1705,1,"Города, меньше транспорта",1,1,False,тип зависит от варианта расчёта,,16994
1706,Шарлыкский муниципальный район,Оренбургская область,муниципальный район,territorial,1706,1,"Города, меньше транспорта",1,1,False,тип зависит от варианта расчёта,,14775
1707,городской округ город Орёл,Орловская область,городской округ,territorial,1707,4,"Крупные города, меньше продуктов",4,4,False,тип не зависит от варианта расчёта,,290954
1708,городской округ город Ливны,Орловская область,городской округ,territorial,1708,3,"Города, меньше продуктов",3,3,False,тип зависит от варианта расчёта,,42475
1709,городской округ город Мценск,Орловская область,городской округ,territorial,1709,3,"Города, меньше продуктов",3,3,False,тип не зависит от варианта расчёта,,35335
1710,Болховский муниципальный район,Орловская область,муниципальный район,territorial,1710,1,"Города, меньше транспорта",1,1,False,тип зависит от варианта расчёта,,14896
1711,Верховский муниципальный район,Орловская область,муниципальный район,territorial,1711,1,"Города, меньше транспорта",1,1,False,тип зависит от варианта расчёта,,14410
1712,Глазуновский муниципальный район,Орловская область,муниципальный район,territorial,1712,1,"Города, меньше транспорта",1,1,False,тип не зависит от варианта расчёта,,10130
1714,Должанский муниципальный район,Орловская область,муниципальный район,territorial,1714,1,"Города, меньше транспорта",1,1,False,тип зависит от варианта расчёта,,8484
1715,Залегощенский муниципальный район,Орловская область,муниципальный район,territorial,1715,1,"Города, меньше транспорта",1,1,False,тип не зависит от варианта расчёта,,11676
1717,Колпнянский муниципальный район,Орловская область,муниципальный район,territorial,1717,1,"Города, меньше транспорта",1,1,False,тип зависит от варианта расчёта,,12194
1718,Краснозоренский муниципальный район,Орловская область,муниципальный район,territorial,1718,2,"Сельские, меньше общепита",2,2,False,тип не зависит от варианта расчёта,,5052
1719,Кромской муниципальный район,Орловская область,муниципальный район,territorial,1719,3,"Города, меньше продуктов",3,3,False,тип зависит от варианта расчёта,,20538
1722,Малоархангельский муниципальный район,Орловская область,муниципальный район,territorial,1722,2,"Сельские, меньше общепита",2,2,False,тип зависит от варианта расчёта,,9290
1724,Новодеревеньковский муниципальный район,Орловская область,муниципальный район,territorial,1724,2,"Сельские, меньше общепита",2,2,False,тип зависит от варианта расчёта,,8968
1725,Новосильский муниципальный район,Орловская область,муниципальный район,territorial,1725,2,"Сельские, меньше общепита",2,2,False,тип не зависит от варианта расчёта,,6494
1726,муниципальный округ Орловский,Орловская область,муниципальный округ,territorial,1726,4,"Крупные города, меньше продуктов",4,4,False,тип не зависит от варианта расчёта,,69691
1727,Покровский муниципальный район,Орловская область,муниципальный район,territorial,1727,1,"Города, меньше транспорта",1,1,False,тип зависит от варианта расчёта,,11781
1728,Свердловский муниципальный район,Орловская область,муниципальный район,territorial,1728,1,"Города, меньше транспорта",1,1,False,тип зависит от варианта расчёта,,13328
1730,Троснянский муниципальный район,Орловская область,муниципальный район,territorial,1730,1,"Города, меньше транспорта",1,2,True,тип зависит от варианта расчёта,,7660
1731,Урицкий муниципальный район,Орловская область,муниципальный район,territorial,1731,3,"Города, меньше продуктов",3,3,False,тип не зависит от варианта расчёта,,17222
1732,Хотынецкий муниципальный район,Орловская область,муниципальный район,territorial,1732,2,"Сельские, меньше общепита",2,1,True,тип зависит от варианта расчёта,,7790
1733,Шаблыкинский муниципальный район,Орловская область,муниципальный район,territorial,1733,2,"Сельские, меньше общепита",2,2,False,тип зависит от варианта расчёта,,5778
1737,Башмаковский муниципальный район,Пензенская область,муниципальный район,territorial,1737,1,"Города, меньше транспорта",1,1,False,тип не зависит от варианта расчёта,,18942
1738,Бековский муниципальный район,Пензенская область,муниципальный район,territorial,1738,3,"Города, меньше продуктов",1,3,True,тип зависит от варианта расчёта,,13358
1739,Белинский муниципальный район,Пензенская область,муниципальный район,territorial,1739,2,"Сельские, меньше общепита",2,2,False,тип не зависит от варианта расчёта,,23496
1740,Бессоновский муниципальный район,Пензенская область,муниципальный район,territorial,1740,3,"Города, меньше продуктов",3,3,False,тип зависит от варианта расчёта,,44758
1741,Вадинский муниципальный район,Пензенская область,муниципальный район,territorial,1741,2,"Сельские, меньше общепита",2,2,False,тип не зависит от варианта расчёта,,7089
1742,Городищенский муниципальный район,Пензенская область,муниципальный район,territorial,1742,3,"Города, меньше продуктов",4,3,True,тип зависит от варианта расчёта,,45252
1743,Земетчинский муниципальный район,Пензенская область,муниципальный район,territorial,1743,2,"Сельские, меньше общепита",2,2,False,тип зависит от варианта расчёта,,18460
1744,Иссинский муниципальный район,Пензенская область,муниципальный район,territorial,1744,1,"Города, меньше транспорта",1,1,False,тип зависит от варианта расчёта,,8189
1745,Каменский муниципальный район,Пензенская область,муниципальный район,territorial,1745,1,"Города, меньше транспорта",1,1,False,тип зависит от варианта расчёта,,48074
1746,Камешкирский муниципальный район,Пензенская область,муниципальный район,territorial,1746,2,"Сельские, меньше общепита",2,2,False,тип не зависит от варианта расчёта,,9806
1747,Колышлейский муниципальный район,Пензенская область,муниципальный район,territorial,1747,1,"Города, меньше транспорта",1,1,False,тип зависит от варианта расчёта,,20344
1749,Лопатинский муниципальный район,Пензенская область,муниципальный район,territorial,1749,2,"Сельские, меньше общепита",2,2,False,тип не зависит от варианта расчёта,,11212
1750,Лунинский муниципальный район,Пензенская область,муниципальный район,territorial,1750,2,"Сельские, меньше общепита",1,2,False,тип зависит от варианта расчёта,,15509
1751,Малосердобинский муниципальный район,Пензенская область,муниципальный район,territorial,1751,2,"Сельские, меньше общепита",2,2,False,тип не зависит от варианта расчёта,,7894
1752,Мокшанский муниципальный район,Пензенская область,муниципальный район,territorial,1752,3,"Города, меньше продуктов",3,3,False,тип не зависит от варианта расчёта,,23356
1753,Наровчатский муниципальный район,Пензенская область,муниципальный район,territorial,1753,1,"Города, меньше транспорта",1,1,False,тип зависит от варианта расчёта,,9676
1754,Неверкинский муниципальный район,Пензенская область,муниципальный район,territorial,1754,1,"Города, меньше транспорта",1,1,False,тип зависит от варианта расчёта,,12970
1755,Нижнеломовский муниципальный район,Пензенская область,муниципальный район,territorial,1755,1,"Города, меньше транспорта",1,1,False,тип не зависит от варианта расчёта,,35343
1756,Никольский муниципальный район,Пензенская область,муниципальный район,territorial,1756,1,"Города, меньше транспорта",1,3,True,тип зависит от варианта расчёта,,27266
1757,Пачелмский муниципальный район,Пензенская область,муниципальный район,territorial,1757,1,"Города, меньше транспорта",2,1,True,тип не зависит от варианта расчёта,,12831
1758,Пензенский муниципальный район,Пензенская область,муниципальный район,territorial,1758,4,"Крупные города, меньше продуктов",4,4,False,тип не зависит от варианта расчёта,,66367
1759,Сердобский муниципальный район,Пензенская область,муниципальный район,territorial,1759,1,"Города, меньше транспорта",1,3,True,тип зависит от варианта расчёта,,43992
1760,Сосновоборский муниципальный район,Пензенская область,муниципальный район,territorial,1760,3,"Города, меньше продуктов",3,3,False,тип зависит от варианта расчёта,,13384
1761,Спасский муниципальный район,Пензенская область,муниципальный район,territorial,1761,1,"Города, меньше транспорта",1,1,False,тип зависит от варианта расчёта,,10740
1762,Тамалинский муниципальный район,Пензенская область,муниципальный район,territorial,1762,1,"Города, меньше транспорта",2,1,False,тип зависит от варианта расчёта,,12540
1764,городской округ город Псков,Псковская область,городской округ,territorial,1764,4,"Крупные города, меньше продуктов",4,4,False,тип не зависит от варианта расчёта,,186308
1765,городской округ город Великие Луки,Псковская область,городской округ,territorial,1765,3,"Города, меньше продуктов",3,3,False,тип зависит от варианта расчёта,,85048
1766,Бежаницкий муниципальный район,Псковская область,муниципальный район,territorial,1766,1,"Города, меньше транспорта",1,1,False,тип не зависит от варианта расчёта,,9668
1768,Гдовский муниципальный район,Псковская область,муниципальный район,territorial,1768,3,"Города, меньше продуктов",3,3,False,тип не зависит от варианта расчёта,,8442
1769,Дедовичский муниципальный район,Псковская область,муниципальный район,territorial,1769,1,"Города, меньше транспорта",1,1,False,тип зависит от варианта расчёта,,11330
1770,Дновский муниципальный район,Псковская область,муниципальный район,territorial,1770,1,"Города, меньше транспорта",1,1,False,тип зависит от варианта расчёта,,10486
1771,муниципальный округ Красногородский,Псковская область,муниципальный округ,territorial,1771,1,"Города, меньше транспорта",1,1,False,тип зависит от варианта расчёта,,6125
1773,муниципальный округ Локнянский,Псковская область,муниципальный округ,territorial,1773,2,"Сельские, меньше общепита",2,2,False,тип не зависит от варианта расчёта,,7454
1774,муниципальный округ Невельский,Псковская область,муниципальный округ,territorial,1774,2,"Сельские, меньше общепита",2,2,False,тип не зависит от варианта расчёта,,20232
1775,муниципальный округ Новоржевский,Псковская область,муниципальный округ,territorial,1775,1,"Города, меньше транспорта",1,1,False,тип зависит от варианта расчёта,,7619
1776,Новосокольнический муниципальный район,Псковская область,муниципальный район,territorial,1776,2,"Сельские, меньше общепита",2,2,False,тип зависит от варианта расчёта,,11328
1777,муниципальный округ Опочецкий,Псковская область,муниципальный округ,territorial,1777,1,"Города, меньше транспорта",1,1,False,тип зависит от варианта расчёта,,14570
1778,Островский муниципальный район,Псковская область,муниципальный район,territorial,1778,3,"Города, меньше продуктов",3,3,False,тип не зависит от варианта расчёта,,26514
1780,муниципальный округ Печорский,Псковская область,муниципальный округ,territorial,1780,1,"Города, меньше транспорта",1,1,False,тип зависит от варианта расчёта,,18021
1781,Плюсский муниципальный район,Псковская область,муниципальный район,territorial,1781,2,"Сельские, меньше общепита",2,2,False,тип не зависит от варианта расчёта,,6036
1782,Порховский муниципальный район,Псковская область,муниципальный район,territorial,1782,1,"Города, меньше транспорта",1,1,False,тип зависит от варианта расчёта,,14447
1783,Псковский муниципальный район,Псковская область,муниципальный район,territorial,1783,4,"Крупные города, меньше продуктов",4,4,False,тип не зависит от варианта расчёта,,45159
1784,Пустошкинский муниципальный район,Псковская область,муниципальный район,territorial,1784,2,"Сельские, меньше общепита",2,2,False,тип не зависит от варианта расчёта,,7084
1785,Пушкиногорский муниципальный район,Псковская область,муниципальный район,territorial,1785,1,"Города, меньше транспорта",1,1,False,тип зависит от варианта расчёта,,7008
1786,муниципальный округ Пыталовский,Псковская область,муниципальный округ,territorial,1786,3,"Города, меньше продуктов",3,3,False,тип не зависит от варианта расчёта,,9434
1787,Себежский муниципальный район,Псковская область,муниципальный район,territorial,1787,2,"Сельские, меньше общепита",2,1,True,тип не зависит от варианта расчёта,,18197
1788,муниципальный округ Струго-Красненский,Псковская область,муниципальный округ,territorial,1788,3,"Города, меньше продуктов",3,3,False,тип не зависит от варианта расчёта,,9326
1845,городской округ город Рязань,Рязанская область,городской округ,territorial,1845,4,"Крупные города, меньше продуктов",4,4,False,тип не зависит от варианта расчёта,,520509
1846,городской округ город Касимов,Рязанская область,городской округ,territorial,1846,3,"Города, меньше продуктов",3,3,False,тип зависит от варианта расчёта,,27537
1848,городской округ город Скопин,Рязанская область,городской округ,territorial,1848,1,"Города, меньше транспорта",1,1,False,тип зависит от варианта расчёта,,25424
1849,Ермишинский муниципальный район,Рязанская область,муниципальный район,territorial,1849,3,"Города, меньше продуктов",1,3,True,тип не зависит от варианта расчёта,,6511
1850,Захаровский муниципальный район,Рязанская область,муниципальный район,territorial,1850,1,"Города, меньше транспорта",2,1,False,тип не зависит от варианта расчёта,,7831
1851,Кадомский муниципальный район,Рязанская область,муниципальный район,territorial,1851,2,"Сельские, меньше общепита",2,2,False,тип не зависит от варианта расчёта,,7386
1852,Касимовский муниципальный район,Рязанская область,муниципальный район,territorial,1852,1,"Города, меньше транспорта",1,1,False,тип зависит от варианта расчёта,,27244
1853,Клепиковский муниципальный район,Рязанская область,муниципальный район,territorial,1853,1,"Города, меньше транспорта",1,1,False,тип зависит от варианта расчёта,,20955
1854,Кораблинский муниципальный район,Рязанская область,муниципальный район,territorial,1854,2,"Сельские, меньше общепита",2,2,False,тип зависит от варианта расчёта,,21903
1855,Милославский муниципальный район,Рязанская область,муниципальный район,territorial,1855,2,"Сельские, меньше общепита",2,2,False,тип не зависит от варианта расчёта,,10730
1856,Михайловский муниципальный район,Рязанская область,муниципальный район,territorial,1856,1,"Города, меньше транспорта",1,1,False,тип зависит от варианта расчёта,,31518
1857,Александро-Невский муниципальный район,Рязанская область,муниципальный район,territorial,1857,1,"Города, меньше транспорта",1,1,False,тип зависит от варианта расчёта,,10529
1858,Пителинский муниципальный район,Рязанская область,муниципальный район,territorial,1858,2,"Сельские, меньше общепита",2,2,False,тип зависит от варианта расчёта,,4629
1859,Пронский муниципальный район,Рязанская область,муниципальный район,territorial,1859,3,"Города, меньше продуктов",3,3,False,тип не зависит от варианта расчёта,,30144
1860,Путятинский муниципальный округ,Рязанская область,муниципальный округ,territorial,1860,1,"Города, меньше транспорта",1,1,False,тип зависит от варианта расчёта,,6884
1861,Рыбновский муниципальный район,Рязанская область,муниципальный район,territorial,1861,3,"Города, меньше продуктов",3,4,True,тип не зависит от варианта расчёта,,38973
1862,Ряжский муниципальный округ,Рязанская область,муниципальный округ,territorial,1862,1,"Города, меньше транспорта",1,1,False,тип зависит от варианта расчёта,,27032
1863,Рязанский муниципальный район,Рязанская область,муниципальный район,territorial,1863,4,"Крупные города, меньше продуктов",4,4,False,тип не зависит от варианта расчёта,,62396
1864,Сапожковский муниципальный район,Рязанская область,муниципальный район,territorial,1864,2,"Сельские, меньше общепита",2,2,False,тип не зависит от варианта расчёта,,9059
1865,Сараевский муниципальный район,Рязанская область,муниципальный район,territorial,1865,2,"Сельские, меньше общепита",2,2,False,тип зависит от варианта расчёта,,14601
1868,Спасский муниципальный район,Рязанская область,муниципальный район,territorial,1868,1,"Города, меньше транспорта",1,1,False,тип зависит от варианта расчёта,,24474
1869,Старожиловский муниципальный район,Рязанская область,муниципальный район,territorial,1869,1,"Города, меньше транспорта",1,1,False,тип не зависит от варианта расчёта,,15692
1870,Ухоловский муниципальный район,Рязанская область,муниципальный район,territorial,1870,2,"Сельские, меньше общепита",2,2,False,тип не зависит от варианта расчёта,,8264
1871,Чучковский муниципальный район,Рязанская область,муниципальный район,territorial,1871,2,"Сельские, меньше общепита",1,2,False,тип зависит от варианта расчёта,,6742
1872,Шацкий муниципальный район,Рязанская область,муниципальный район,territorial,1872,1,"Города, меньше транспорта",1,1,False,тип зависит от варианта расчёта,,20503
1873,Шиловский муниципальный район,Рязанская область,муниципальный район,territorial,1873,1,"Города, меньше транспорта",1,1,False,тип зависит от варианта расчёта,,34695
1874,городской округ Самара,Самарская область,городской округ,territorial,1874,4,"Крупные города, меньше продуктов",4,4,False,тип не зависит от варианта расчёта,,1156683
1875,городской округ Жигулевск,Самарская область,городской округ,territorial,1875,3,"Города, меньше продуктов",3,3,False,тип зависит от варианта расчёта,,51878
1876,городской округ Кинель,Самарская область,городской округ,territorial,1876,3,"Города, меньше продуктов",3,3,False,тип зависит от варианта расчёта,,57721
1877,городской округ Новокуйбышевск,Самарская область,городской округ,territorial,1877,4,"Крупные города, меньше продуктов",4,4,False,тип не зависит от варианта расчёта,,98230
1878,городской округ Октябрьск,Самарская область,городской округ,territorial,1878,1,"Города, меньше транспорта",1,1,False,тип зависит от варианта расчёта,,19887
1879,городской округ Отрадный,Самарская область,городской округ,territorial,1879,3,"Города, меньше продуктов",3,3,False,тип зависит от варианта расчёта,,46480
1880,городской округ Похвистнево,Самарская область,городской округ,territorial,1880,1,"Города, меньше транспорта",1,3,False,тип зависит от варианта расчёта,,27548
1881,городской округ Сызрань,Самарская область,городской округ,territorial,1881,4,"Крупные города, меньше продуктов",3,4,True,тип не зависит от варианта расчёта,,161350
1883,городской округ Чапаевск,Самарская область,городской округ,territorial,1883,3,"Города, меньше продуктов",3,3,False,тип зависит от варианта расчёта,,68522
1884,Алексеевский муниципальный район,Самарская область,муниципальный район,territorial,1884,2,"Сельские, меньше общепита",2,2,False,тип не зависит от варианта расчёта,,10440
1885,Безенчукский муниципальный район,Самарская область,муниципальный район,territorial,1885,3,"Города, меньше продуктов",3,3,False,тип не зависит от варианта расчёта,,35673
1886,Богатовский муниципальный район,Самарская область,муниципальный район,territorial,1886,1,"Города, меньше транспорта",1,1,False,тип зависит от варианта расчёта,,12983
1887,Большеглушицкий муниципальный район,Самарская область,муниципальный район,territorial,1887,2,"Сельские, меньше общепита",2,2,False,тип не зависит от варианта расчёта,,17774
1888,Большечерниговский муниципальный район,Самарская область,муниципальный район,territorial,1888,1,"Города, меньше транспорта",2,1,True,тип зависит от варианта расчёта,,16927
1889,Борский муниципальный район,Самарская область,муниципальный район,territorial,1889,2,"Сельские, меньше общепита",2,2,False,тип зависит от варианта расчёта,,22009
1890,Волжский муниципальный район,Самарская область,муниципальный район,territorial,1890,4,"Крупные города, меньше продуктов",4,4,False,тип не зависит от варианта расчёта,,131629
1891,Елховский муниципальный район,Самарская область,муниципальный район,territorial,1891,2,"Сельские, меньше общепита",2,2,False,тип не зависит от варианта расчёта,,9064
1892,Исаклинский муниципальный район,Самарская область,муниципальный район,territorial,1892,2,"Сельские, меньше общепита",2,2,False,тип не зависит от варианта расчёта,,12225
1893,Камышлинский муниципальный район,Самарская область,муниципальный район,territorial,1893,1,"Города, меньше транспорта",1,1,False,тип зависит от варианта расчёта,,10342
1894,Кинельский муниципальный район,Самарская область,муниципальный район,territorial,1894,1,"Города, меньше транспорта",1,1,False,тип не зависит от варианта расчёта,,30262
1895,Кинель-Черкасский муниципальный район,Самарская область,муниципальный район,territorial,1895,1,"Города, меньше транспорта",1,1,False,тип зависит от варианта расчёта,,40400
1896,Клявлинский муниципальный район,Самарская область,муниципальный район,territorial,1896,2,"Сельские, меньше общепита",2,2,False,тип не зависит от варианта расчёта,,13898
1897,Кошкинский муниципальный район,Самарская область,муниципальный район,territorial,1897,1,"Города, меньше транспорта",1,1,False,тип зависит от варианта расчёта,,20616
1898,Красноармейский муниципальный район,Самарская область,муниципальный район,territorial,1898,1,"Города, меньше транспорта",1,2,True,тип зависит от варианта расчёта,,15716
1899,Красноярский муниципальный район,Самарская область,муниципальный район,territorial,1899,3,"Города, меньше продуктов",1,3,False,тип не зависит от варианта расчёта,,56276
1900,Нефтегорский муниципальный район,Самарская область,муниципальный район,territorial,1900,1,"Города, меньше транспорта",1,1,False,тип не зависит от варианта расчёта,,31861
1901,Пестравский муниципальный район,Самарская область,муниципальный район,territorial,1901,2,"Сельские, меньше общепита",2,2,False,тип не зависит от варианта расчёта,,14436
1902,Похвистневский муниципальный район,Самарская область,муниципальный район,territorial,1902,2,"Сельские, меньше общепита",2,2,False,тип не зависит от варианта расчёта,,25484
1903,Приволжский муниципальный район,Самарская область,муниципальный район,territorial,1903,2,"Сельские, меньше общепита",2,2,False,тип зависит от варианта расчёта,,21492
1904,Сергиевский муниципальный район,Самарская область,муниципальный район,territorial,1904,1,"Города, меньше транспорта",1,1,False,тип зависит от варианта расчёта,,43428
1905,Ставропольский муниципальный район,Самарская область,муниципальный район,territorial,1905,4,"Крупные города, меньше продуктов",4,4,False,тип не зависит от варианта расчёта,,89156
1906,Сызранский муниципальный район,Самарская область,муниципальный район,territorial,1906,3,"Города, меньше продуктов",3,3,False,тип зависит от варианта расчёта,,23080
1907,Хворостянский муниципальный район,Самарская область,муниципальный район,territorial,1907,2,"Сельские, меньше общепита",2,2,False,тип не зависит от варианта расчёта,,15752
1908,Челно-Вершинский муниципальный район,Самарская область,муниципальный район,territorial,1908,2,"Сельские, меньше общепита",2,2,False,тип не зависит от варианта расчёта,,14352
1909,Шенталинский муниципальный район,Самарская область,муниципальный район,territorial,1909,1,"Города, меньше транспорта",1,1,False,тип зависит от варианта расчёта,,12480
1910,Шигонский муниципальный район,Самарская область,муниципальный район,territorial,1910,2,"Сельские, меньше общепита",2,1,True,тип не зависит от варианта расчёта,,19128
1912,городской округ город Шиханы,Саратовская область,городской округ,territorial,1912,3,"Города, меньше продуктов",3,3,False,тип не зависит от варианта расчёта,,4824
1915,Александрово-Гайский муниципальный район,Саратовская область,муниципальный район,territorial,1915,2,"Сельские, меньше общепита",2,2,False,тип не зависит от варианта расчёта,,14196
1916,Аркадакский муниципальный район,Саратовская область,муниципальный район,territorial,1916,1,"Города, меньше транспорта",1,1,False,тип зависит от варианта расчёта,,18818
1917,Аткарский муниципальный район,Саратовская область,муниципальный район,territorial,1917,1,"Города, меньше транспорта",1,1,False,тип зависит от варианта расчёта,,33295
1918,Базарно-Карабулакский муниципальный район,Саратовская область,муниципальный район,territorial,1918,2,"Сельские, меньше общепита",2,2,False,тип не зависит от варианта расчёта,,24746
1919,Балаковский муниципальный район,Саратовская область,муниципальный район,territorial,1919,4,"Крупные города, меньше продуктов",4,4,False,тип не зависит от варианта расчёта,,199667
1920,Балашовский муниципальный район,Саратовская область,муниципальный район,territorial,1920,3,"Города, меньше продуктов",3,3,False,тип зависит от варианта расчёта,,99412
1921,Балтайский муниципальный район,Саратовская область,муниципальный район,territorial,1921,2,"Сельские, меньше общепита",2,2,False,тип не зависит от варианта расчёта,,9765
1922,Вольский муниципальный район,Саратовская область,муниципальный район,territorial,1922,3,"Города, меньше продуктов",3,3,False,тип зависит от варианта расчёта,,80058
1923,Воскресенский муниципальный район,Саратовская область,муниципальный район,territorial,1923,2,"Сельские, меньше общепита",2,2,True,тип зависит от варианта расчёта,,10812
1924,Дергачевский муниципальный район,Саратовская область,муниципальный район,territorial,1924,1,"Города, меньше транспорта",1,1,False,тип зависит от варианта расчёта,,15532
1925,Духовницкий муниципальный район,Саратовская область,муниципальный район,territorial,1925,1,"Города, меньше транспорта",2,1,True,тип не зависит от варианта расчёта,,9736
1926,Екатериновский муниципальный район,Саратовская область,муниципальный район,territorial,1926,2,"Сельские, меньше общепита",2,2,False,тип не зависит от варианта расчёта,,16168
1927,Ершовский муниципальный район,Саратовская область,муниципальный район,territorial,1927,1,"Города, меньше транспорта",1,1,False,тип зависит от варианта расчёта,,30606
1928,Ивантеевский муниципальный район,Саратовская область,муниципальный район,territorial,1928,2,"Сельские, меньше общепита",2,2,False,тип зависит от варианта расчёта,,12256
1929,Калининский муниципальный район,Саратовская область,муниципальный район,territorial,1929,1,"Города, меньше транспорта",1,1,False,тип зависит от варианта расчёта,,26534
1930,Красноармейский муниципальный район,Саратовская область,муниципальный район,territorial,1930,1,"Города, меньше транспорта",1,1,False,тип зависит от варианта расчёта,,40314
1931,Краснокутский муниципальный район,Саратовская область,муниципальный район,territorial,1931,1,"Города, меньше транспорта",1,1,False,тип зависит от варианта расчёта,,30164
1932,Краснопартизанский муниципальный район,Саратовская область,муниципальный район,territorial,1932,1,"Города, меньше транспорта",1,1,False,тип зависит от варианта расчёта,,8658
1933,Лысогорский муниципальный район,Саратовская область,муниципальный район,territorial,1933,2,"Сельские, меньше общепита",2,2,False,тип не зависит от варианта расчёта,,17075
1934,Марксовский муниципальный район,Саратовская область,муниципальный район,territorial,1934,3,"Города, меньше продуктов",3,3,False,тип не зависит от варианта расчёта,,57064
1935,Новобурасский муниципальный район,Саратовская область,муниципальный район,territorial,1935,2,"Сельские, меньше общепита",2,2,True,тип зависит от варианта расчёта,,14720
1936,Новоузенский муниципальный район,Саратовская область,муниципальный район,territorial,1936,3,"Города, меньше продуктов",3,3,False,тип зависит от варианта расчёта,,26186
1937,Озинский муниципальный район,Саратовская область,муниципальный район,territorial,1937,1,"Города, меньше транспорта",1,1,False,тип зависит от варианта расчёта,,14174
1938,Перелюбский муниципальный район,Саратовская область,муниципальный район,territorial,1938,2,"Сельские, меньше общепита",2,2,False,тип зависит от варианта расчёта,,10837
1939,Петровский муниципальный район,Саратовская область,муниципальный район,territorial,1939,3,"Города, меньше продуктов",3,3,False,тип не зависит от варианта расчёта,,35772
1940,Питерский муниципальный район,Саратовская область,муниципальный район,territorial,1940,2,"Сельские, меньше общепита",2,2,False,тип не зависит от варианта расчёта,,14420
1941,Пугачевский муниципальный район,Саратовская область,муниципальный район,territorial,1941,1,"Города, меньше транспорта",1,1,False,тип зависит от варианта расчёта,,54128
1942,Ровенский муниципальный район,Саратовская область,муниципальный район,territorial,1942,1,"Города, меньше транспорта",2,1,True,тип зависит от варианта расчёта,,16210
1943,Романовский муниципальный район,Саратовская область,муниципальный район,territorial,1943,2,"Сельские, меньше общепита",2,2,False,тип зависит от варианта расчёта,,11995
1944,Ртищевский муниципальный район,Саратовская область,муниципальный район,territorial,1944,1,"Города, меньше транспорта",1,1,False,тип зависит от варианта расчёта,,49869
1945,Самойловский муниципальный район,Саратовская область,муниципальный район,territorial,1945,2,"Сельские, меньше общепита",2,2,False,тип не зависит от варианта расчёта,,15798
1947,Советский муниципальный район,Саратовская область,муниципальный район,territorial,1947,1,"Города, меньше транспорта",1,1,False,тип зависит от варианта расчёта,,24242
1948,Татищевский муниципальный район,Саратовская область,муниципальный район,territorial,1948,1,"Города, меньше транспорта",1,1,False,тип зависит от варианта расчёта,,24910
1949,Турковский муниципальный район,Саратовская область,муниципальный район,territorial,1949,2,"Сельские, меньше общепита",2,1,False,тип не зависит от варианта расчёта,,9352
1950,Федоровский муниципальный район,Саратовская область,муниципальный район,territorial,1950,1,"Города, меньше транспорта",1,3,True,тип зависит от варианта расчёта,,16304
1951,Хвалынский муниципальный район,Саратовская область,муниципальный район,territorial,1951,1,"Города, меньше транспорта",1,1,False,тип зависит от варианта расчёта,,20371
1952,Энгельсский муниципальный район,Саратовская область,муниципальный район,territorial,1952,4,"Крупные города, меньше продуктов",4,4,False,тип не зависит от варианта расчёта,,304325
1954,городской округ Александровск-Сахалинский район,Сахалинская область,городской округ,territorial,1954,2,"Сельские, меньше общепита",2,2,False,тип не зависит от варианта расчёта,,9746
1955,городской округ Анивский,Сахалинская область,городской округ,territorial,1955,3,"Города, меньше продуктов",3,3,False,тип зависит от варианта расчёта,,21146
1956,городской округ Долинский,Сахалинская область,городской округ,territorial,1956,1,"Города, меньше транспорта",1,1,False,тип зависит от варианта расчёта,,22098
1957,городской округ Корсаковский,Сахалинская область,городской округ,territorial,1957,3,"Города, меньше продуктов",3,3,False,тип зависит от варианта расчёта,,39480
1958,городской округ Курильский,Сахалинская область,городской округ,territorial,1958,3,"Города, меньше продуктов",1,3,False,тип зависит от варианта расчёта,,6997
1959,городской округ Макаровский,Сахалинская область,городской округ,territorial,1959,1,"Города, меньше транспорта",1,1,False,тип зависит от варианта расчёта,,6750
1960,городской округ Невельский,Сахалинская область,городской округ,territorial,1960,2,"Сельские, меньше общепита",2,2,False,тип не зависит от варианта расчёта,,15022
1961,городской округ Ногликский,Сахалинская область,городской округ,territorial,1961,3,"Города, меньше продуктов",3,3,False,тип не зависит от варианта расчёта,,11150
1962,городской округ Охинский,Сахалинская область,городской округ,territorial,1962,1,"Города, меньше транспорта",1,1,False,тип зависит от варианта расчёта,,20956
1963,городской округ Поронайский,Сахалинская область,городской округ,territorial,1963,1,"Города, меньше транспорта",1,1,False,тип зависит от варианта расчёта,,20192
1965,городской округ Смирныховский,Сахалинская область,городской округ,territorial,1965,2,"Сельские, меньше общепита",2,2,False,тип не зависит от варианта расчёта,,11178
1966,городской округ Томаринский,Сахалинская область,городской округ,territorial,1966,1,"Города, меньше транспорта",1,1,False,тип зависит от варианта расчёта,,8120
1967,городской округ Тымовский,Сахалинская область,городской округ,territorial,1967,2,"Сельские, меньше общепита",2,2,False,тип не зависит от варианта расчёта,,14310
1968,городской округ Углегорский,Сахалинская область,городской округ,territorial,1968,1,"Города, меньше транспорта",1,1,False,тип зависит от варианта расчёта,,15903
1969,городской округ Холмский,Сахалинская область,городской округ,territorial,1969,1,"Города, меньше транспорта",1,1,False,тип зависит от варианта расчёта,,32584
1970,городской округ Южно-Курильский,Сахалинская область,городской округ,territorial,1970,3,"Города, меньше продуктов",3,3,False,тип не зависит от варианта расчёта,,11526
1971,городской округ город Екатеринбург,Свердловская область,городской округ,territorial,1971,4,"Крупные города, меньше продуктов",4,4,False,тип не зависит от варианта расчёта,,1586301
1972,городской округ город Алапаевск,Свердловская область,городской округ,territorial,1972,1,"Города, меньше транспорта",1,1,False,тип зависит от варианта расчёта,,40900
1973,городской округ Артемовский,Свердловская область,городской округ,territorial,1973,1,"Города, меньше транспорта",1,1,False,тип зависит от варианта расчёта,,51962
1974,городской округ Асбестовский,Свердловская область,городской округ,territorial,1974,3,"Города, меньше продуктов",3,3,False,тип зависит от варианта расчёта,,57976
1975,городской округ Малышевский,Свердловская область,городской округ,territorial,1975,1,"Города, меньше транспорта",2,1,False,тип зависит от варианта расчёта,,9458
1976,городской округ Рефтинский,Свердловская область,городской округ,territorial,1976,1,"Города, меньше транспорта",1,1,False,тип зависит от варианта расчёта,,15126
1977,городской округ Березовский,Свердловская область,городской округ,territorial,1977,3,"Города, меньше продуктов",3,3,False,тип зависит от варианта расчёта,,76859
1978,городской округ Богданович,Свердловская область,городской округ,territorial,1978,1,"Города, меньше транспорта",1,3,True,тип зависит от варианта расчёта,,43350
1979,городской округ Верхняя Пышма,Свердловская область,городской округ,territorial,1979,4,"Крупные города, меньше продуктов",3,4,True,тип не зависит от варианта расчёта,,91462
1980,городской округ Среднеуральск,Свердловская область,городской округ,territorial,1980,3,"Города, меньше продуктов",3,3,False,тип зависит от варианта расчёта,,25258
1981,городской округ Верхнесалдинский,Свердловская область,городской округ,territorial,1981,3,"Города, меньше продуктов",3,3,False,тип не зависит от варианта расчёта,,41754
1982,городской округ Заречный,Свердловская область,городской округ,territorial,1982,3,"Города, меньше продуктов",3,3,False,тип не зависит от варианта расчёта,,31695
1983,городской округ Ивдельский,Свердловская область,городской округ,territorial,1983,1,"Города, меньше транспорта",1,1,False,тип зависит от варианта расчёта,,17046
1984,городской округ Пелым,Свердловская область,городской округ,territorial,1984,2,"Сельские, меньше общепита",2,2,False,тип зависит от варианта расчёта,,3376
1985,городской округ город Ирбит,Свердловская область,городской округ,territorial,1985,1,"Города, меньше транспорта",1,1,False,тип зависит от варианта расчёта,,36342
1986,городской округ город Каменск-Уральский,Свердловская область,городской округ,territorial,1986,3,"Города, меньше продуктов",3,3,False,тип зависит от варианта расчёта,,163116
1987,городской округ Камышловский,Свердловская область,городской округ,territorial,1987,1,"Города, меньше транспорта",1,1,False,тип зависит от варианта расчёта,,26840
1988,городской округ Карпинск,Свердловская область,городской округ,territorial,1988,1,"Города, меньше транспорта",1,1,False,тип зависит от варианта расчёта,,26808
1989,городской округ Волчанский,Свердловская область,городской округ,territorial,1989,2,"Сельские, меньше общепита",2,2,False,тип зависит от варианта расчёта,,8534
1990,городской округ Качканарский,Свердловская область,городской округ,territorial,1990,3,"Города, меньше продуктов",3,3,False,тип зависит от варианта расчёта,,38247
1991,городской округ Кировградский,Свердловская область,городской округ,territorial,1991,1,"Города, меньше транспорта",1,1,False,тип зависит от варианта расчёта,,23628
1992,городской округ Верхний Тагил,Свердловская область,городской округ,territorial,1992,1,"Города, меньше транспорта",1,1,False,тип зависит от варианта расчёта,,10954
1993,городской округ Краснотурьинск,Свердловская область,городской округ,territorial,1993,3,"Города, меньше продуктов",3,3,False,тип зависит от варианта расчёта,,58602
1994,городской округ Красноуральск,Свердловская область,городской округ,territorial,1994,1,"Города, меньше транспорта",1,1,False,тип зависит от варианта расчёта,,21896
1995,городской округ Красноуфимск,Свердловская область,городской округ,territorial,1995,3,"Города, меньше продуктов",1,3,False,тип зависит от варианта расчёта,,37850
1996,городской округ Кушвинский,Свердловская область,городской округ,territorial,1996,1,"Города, меньше транспорта",1,1,False,тип зависит от варианта расчёта,,35688
1997,городской округ Верхняя Тура,Свердловская область,городской округ,territorial,1997,1,"Города, меньше транспорта",1,1,False,тип зависит от варианта расчёта,,8348
1999,городской округ Невьянский,Свердловская область,городской округ,territorial,1999,3,"Города, меньше продуктов",3,3,False,тип зависит от варианта расчёта,,37135
2000,городской округ город Нижний Тагил,Свердловская область,городской округ,territorial,2000,3,"Города, меньше продуктов",3,3,False,тип зависит от варианта расчёта,,331976
2001,городской округ Нижняя Салда,Свердловская область,городской округ,territorial,2001,1,"Города, меньше транспорта",1,1,False,тип зависит от варианта расчёта,,16183
2002,городской округ Нижнетуринский,Свердловская область,городской округ,territorial,2002,1,"Города, меньше транспорта",1,1,False,тип зависит от варианта расчёта,,21778
2004,городской округ Первоуральск,Свердловская область,городской округ,territorial,2004,3,"Города, меньше продуктов",3,3,False,тип зависит от варианта расчёта,,129574
2005,городской округ Полевской,Свердловская область,городской округ,territorial,2005,3,"Города, меньше продуктов",3,3,False,тип зависит от варианта расчёта,,59820
2006,городской округ Ревда,Свердловская область,городской округ,territorial,2006,3,"Города, меньше продуктов",3,3,False,тип зависит от варианта расчёта,,60146
2007,городской округ Дегтярск,Свердловская область,городской округ,territorial,2007,1,"Города, меньше транспорта",1,1,False,тип зависит от варианта расчёта,,14922
2008,городской округ Режевской,Свердловская область,городской округ,territorial,2008,1,"Города, меньше транспорта",1,3,True,тип зависит от варианта расчёта,,45219
2009,городской округ Североуральский,Свердловская область,городской округ,territorial,2009,1,"Города, меньше транспорта",1,1,False,тип зависит от варианта расчёта,,34962
2010,городской округ Серовский,Свердловская область,городской округ,territorial,2010,3,"Города, меньше продуктов",3,3,False,тип зависит от варианта расчёта,,97976
2011,городской округ Сухой Лог,Свердловская область,городской округ,territorial,2011,3,"Города, меньше продуктов",1,3,True,тип не зависит от варианта расчёта,,46412
2012,городской округ Тавдинский,Свердловская область,городской округ,territorial,2012,1,"Города, меньше транспорта",1,1,False,тип зависит от варианта расчёта,,35412
2015,городской округ Алапаевское,Свердловская область,городской округ,territorial,2015,2,"Сельские, меньше общепита",2,1,True,тип зависит от варианта расчёта,,22699
2017,городской округ Артинский,Свердловская область,городской округ,territorial,2017,2,"Сельские, меньше общепита",2,2,False,тип не зависит от варианта расчёта,,24859
2018,городской округ Ачитский,Свердловская область,городской округ,territorial,2018,2,"Сельские, меньше общепита",2,2,False,тип не зависит от варианта расчёта,,13560
2019,городской округ Белоярский,Свердловская область,городской округ,territorial,2019,1,"Города, меньше транспорта",1,1,False,тип зависит от варианта расчёта,,33816
2021,городской округ Верхотурский,Свердловская область,городской округ,territorial,2021,1,"Города, меньше транспорта",1,1,False,тип зависит от варианта расчёта,,13310
2022,городской округ Гаринский,Свердловская область,городской округ,territorial,2022,2,"Сельские, меньше общепита",2,2,False,тип не зависит от варианта расчёта,,2415
2023,городской округ Ирбитское,Свердловская область,городской округ,territorial,2023,1,"Города, меньше транспорта",2,2,False,тип зависит от варианта расчёта,,25922
2024,городской округ Каменский,Свердловская область,городской округ,territorial,2024,3,"Города, меньше продуктов",1,3,True,тип зависит от варианта расчёта,,26229
2025,городской округ Красноуфимский округ,Свердловская область,городской округ,territorial,2025,1,"Города, меньше транспорта",1,1,False,тип зависит от варианта расчёта,,22722
2027,городской округ Бисертский,Свердловская область,городской округ,territorial,2027,1,"Города, меньше транспорта",1,1,False,тип зависит от варианта расчёта,,9392
2028,городской округ Новолялинский,Свердловская область,городской округ,territorial,2028,2,"Сельские, меньше общепита",2,2,False,тип не зависит от варианта расчёта,,18594
2030,городской округ Пышминский,Свердловская область,городской округ,territorial,2030,2,"Сельские, меньше общепита",2,2,False,тип зависит от варианта расчёта,,18396
2031,городской округ Сосьвинский,Свердловская область,городской округ,territorial,2031,2,"Сельские, меньше общепита",2,2,False,тип зависит от варианта расчёта,,12374
2032,городской округ Сысертский,Свердловская область,городской округ,territorial,2032,3,"Города, меньше продуктов",3,3,False,тип зависит от варианта расчёта,,65866
2033,городской округ Арамильский,Свердловская область,городской округ,territorial,2033,3,"Города, меньше продуктов",3,3,False,тип зависит от варианта расчёта,,23800
2034,городской округ Талицкий,Свердловская область,городской округ,territorial,2034,1,"Города, меньше транспорта",1,1,False,тип зависит от варианта расчёта,,39570
2035,городской округ Тугулымский,Свердловская область,городской округ,territorial,2035,2,"Сельские, меньше общепита",2,2,False,тип зависит от варианта расчёта,,16928
2036,городской округ Туринский,Свердловская область,городской округ,territorial,2036,1,"Города, меньше транспорта",2,1,True,тип зависит от варианта расчёта,,23488
2037,городской округ Шалинский,Свердловская область,городской округ,territorial,2037,2,"Сельские, меньше общепита",2,2,False,тип зависит от варианта расчёта,,16145
2039,Байкаловский муниципальный район,Свердловская область,муниципальный район,territorial,2039,2,"Сельские, меньше общепита",2,2,False,тип зависит от варианта расчёта,,14341
2040,Камышловский муниципальный район,Свердловская область,муниципальный район,territorial,2040,3,"Города, меньше продуктов",3,3,False,тип зависит от варианта расчёта,,20524
2041,Слободо-Туринский муниципальный район,Свердловская область,муниципальный район,territorial,2041,2,"Сельские, меньше общепита",2,2,False,тип не зависит от варианта расчёта,,11592
2042,Нижнесергинский муниципальный район,Свердловская область,муниципальный район,territorial,2042,2,"Сельские, меньше общепита",2,2,False,тип не зависит от варианта расчёта,,37206
2043,Таборинский муниципальный район,Свердловская область,муниципальный район,territorial,2043,2,"Сельские, меньше общепита",2,2,False,тип не зависит от варианта расчёта,,2642
2044,городской округ город Смоленск,Смоленская область,городской округ,territorial,2044,4,"Крупные города, меньше продуктов",4,4,False,тип не зависит от варианта расчёта,,310552
2045,городской округ город Десногорск,Смоленская область,городской округ,territorial,2045,3,"Города, меньше продуктов",3,3,False,тип не зависит от варианта расчёта,,24577
2046,Велижский муниципальный район,Смоленская область,муниципальный район,territorial,2046,2,"Сельские, меньше общепита",2,1,False,тип не зависит от варианта расчёта,,8716
2047,Вяземский муниципальный район,Смоленская область,муниципальный район,territorial,2047,3,"Города, меньше продуктов",3,3,False,тип зависит от варианта расчёта,,69554
2048,Гагаринский муниципальный район,Смоленская область,муниципальный район,territorial,2048,3,"Города, меньше продуктов",3,3,False,тип зависит от варианта расчёта,,38941
2049,Глинковский муниципальный район,Смоленская область,муниципальный район,territorial,2049,2,"Сельские, меньше общепита",2,2,False,тип не зависит от варианта расчёта,,3367
2050,Демидовский муниципальный район,Смоленская область,муниципальный район,territorial,2050,1,"Города, меньше транспорта",2,1,False,тип зависит от варианта расчёта,,10596
2051,Дорогобужский муниципальный район,Смоленская область,муниципальный район,territorial,2051,3,"Города, меньше продуктов",3,3,False,тип не зависит от варианта расчёта,,23376
2052,Духовщинский муниципальный район,Смоленская область,муниципальный район,territorial,2052,2,"Сельские, меньше общепита",2,2,False,тип зависит от варианта расчёта,,13552
2053,Ельнинский муниципальный район,Смоленская область,муниципальный район,territorial,2053,1,"Города, меньше транспорта",1,1,False,тип зависит от варианта расчёта,,10818
2054,Ершичский муниципальный район,Смоленская область,муниципальный район,territorial,2054,2,"Сельские, меньше общепита",2,2,False,тип не зависит от варианта расчёта,,4989
2055,Кардымовский муниципальный район,Смоленская область,муниципальный район,territorial,2055,1,"Города, меньше транспорта",1,1,False,тип зависит от варианта расчёта,,10628
2056,Краснинский муниципальный район,Смоленская область,муниципальный район,territorial,2056,2,"Сельские, меньше общепита",2,2,False,тип не зависит от варианта расчёта,,10084
2057,Монастырщинский муниципальный район,Смоленская область,муниципальный район,territorial,2057,1,"Города, меньше транспорта",1,1,False,тип зависит от варианта расчёта,,7670
2058,Новодугинский муниципальный район,Смоленская область,муниципальный район,territorial,2058,2,"Сельские, меньше общепита",2,2,False,тип не зависит от варианта расчёта,,7000
2059,Починковский муниципальный район,Смоленская область,муниципальный район,territorial,2059,1,"Города, меньше транспорта",1,1,False,тип не зависит от варианта расчёта,,24124
2060,Рославльский муниципальный район,Смоленская область,муниципальный район,territorial,2060,3,"Города, меньше продуктов",3,3,False,тип зависит от варианта расчёта,,59554
2061,Руднянский муниципальный район,Смоленская область,муниципальный район,territorial,2061,1,"Города, меньше транспорта",1,1,False,тип зависит от варианта расчёта,,20331
2062,Сафоновский муниципальный район,Смоленская область,муниципальный район,territorial,2062,3,"Города, меньше продуктов",3,3,False,тип зависит от варианта расчёта,,49694
2063,Смоленский муниципальный район,Смоленская область,муниципальный район,territorial,2063,4,"Крупные города, меньше продуктов",4,4,False,тип не зависит от варианта расчёта,,61614
2064,Сычевский муниципальный район,Смоленская область,муниципальный район,territorial,2064,1,"Города, меньше транспорта",1,1,False,тип зависит от варианта расчёта,,11912
2065,Темкинский муниципальный район,Смоленская область,муниципальный район,territorial,2065,2,"Сельские, меньше общепита",2,2,False,тип не зависит от варианта расчёта,,4077
2066,Угранский муниципальный район,Смоленская область,муниципальный район,territorial,2066,2,"Сельские, меньше общепита",2,1,False,тип не зависит от варианта расчёта,,6446
2067,Хиславичский муниципальный район,Смоленская область,муниципальный район,territorial,2067,2,"Сельские, меньше общепита",2,1,False,тип не зависит от варианта расчёта,,6344
2068,Холм-Жирковский муниципальный район,Смоленская область,муниципальный район,territorial,2068,1,"Города, меньше транспорта",2,1,True,тип зависит от варианта расчёта,,7641
2069,Шумячский муниципальный район,Смоленская область,муниципальный район,territorial,2069,3,"Города, меньше продуктов",3,1,False,тип не зависит от варианта расчёта,,7864
2070,Ярцевский муниципальный район,Смоленская область,муниципальный район,territorial,2070,3,"Города, меньше продуктов",3,3,False,тип не зависит от варианта расчёта,,46522
2072,городской округ город Кирсанов,Тамбовская область,городской округ,territorial,2072,1,"Города, меньше транспорта",1,1,False,тип зависит от варианта расчёта,,15766
2073,городской округ город Котовск,Тамбовская область,городской округ,territorial,2073,1,"Города, меньше транспорта",1,1,False,тип зависит от варианта расчёта,,25990
2074,городской округ город Мичуринск,Тамбовская область,городской округ,territorial,2074,4,"Крупные города, меньше продуктов",4,4,False,тип не зависит от варианта расчёта,,88350
2075,городской округ город Моршанск,Тамбовская область,городской округ,territorial,2075,3,"Города, меньше продуктов",1,3,True,тип зависит от варианта расчёта,,38172
2076,городской округ город Рассказово,Тамбовская область,городской округ,territorial,2076,3,"Города, меньше продуктов",1,3,True,тип зависит от варианта расчёта,,46448
2077,городской округ город Уварово,Тамбовская область,городской округ,territorial,2077,1,"Города, меньше транспорта",1,1,False,тип зависит от варианта расчёта,,22870
2078,Бондарский муниципальный округ,Тамбовская область,муниципальный округ,territorial,2078,2,"Сельские, меньше общепита",2,2,False,тип не зависит от варианта расчёта,,8130
2079,Гавриловский муниципальный округ,Тамбовская область,муниципальный округ,territorial,2079,2,"Сельские, меньше общепита",2,2,False,тип зависит от варианта расчёта,,9090
2080,Жердевский муниципальный округ,Тамбовская область,муниципальный округ,territorial,2080,1,"Города, меньше транспорта",1,1,False,тип зависит от варианта расчёта,,24688
2081,Знаменский муниципальный округ,Тамбовская область,муниципальный округ,territorial,2081,1,"Города, меньше транспорта",1,1,False,тип зависит от варианта расчёта,,13528
2082,Инжавинский муниципальный округ,Тамбовская область,муниципальный округ,territorial,2082,1,"Города, меньше транспорта",1,1,False,тип зависит от варианта расчёта,,16889
2085,Мордовский муниципальный округ,Тамбовская область,муниципальный округ,territorial,2085,2,"Сельские, меньше общепита",2,2,False,тип не зависит от варианта расчёта,,13269
2087,Мучкапский муниципальный округ,Тамбовская область,муниципальный округ,territorial,2087,1,"Города, меньше транспорта",1,1,False,тип зависит от варианта расчёта,,10556
2088,Никифоровский муниципальный округ,Тамбовская область,муниципальный округ,territorial,2088,3,"Города, меньше продуктов",3,3,False,тип не зависит от варианта расчёта,,15254
2089,Первомайский муниципальный округ,Тамбовская область,муниципальный округ,territorial,2089,1,"Города, меньше транспорта",1,1,False,тип зависит от варианта расчёта,,23601
2090,Петровский муниципальный округ,Тамбовская область,муниципальный округ,territorial,2090,1,"Города, меньше транспорта",1,1,False,тип не зависит от варианта расчёта,,13410
2091,Пичаевский муниципальный округ,Тамбовская область,муниципальный округ,territorial,2091,2,"Сельские, меньше общепита",2,2,False,тип зависит от варианта расчёта,,10540
2093,Ржаксинский муниципальный округ,Тамбовская область,муниципальный округ,territorial,2093,3,"Города, меньше продуктов",1,3,True,тип зависит от варианта расчёта,,13932
2094,Сампурский муниципальный округ,Тамбовская область,муниципальный округ,territorial,2094,1,"Города, меньше транспорта",1,1,False,тип не зависит от варианта расчёта,,11528
2095,Сосновский муниципальный округ,Тамбовская область,муниципальный округ,territorial,2095,2,"Сельские, меньше общепита",2,2,False,тип зависит от варианта расчёта,,24046
2096,Староюрьевский муниципальный округ,Тамбовская область,муниципальный округ,territorial,2096,2,"Сельские, меньше общепита",1,1,False,тип зависит от варианта расчёта,,10946
2098,Токарёвский муниципальный округ,Тамбовская область,муниципальный округ,territorial,2098,1,"Города, меньше транспорта",1,1,False,тип не зависит от варианта расчёта,,14954
2100,Умётский муниципальный округ,Тамбовская область,муниципальный округ,territorial,2100,3,"Города, меньше продуктов",3,3,False,тип не зависит от варианта расчёта,,9324
2101,городской округ город Тверь,Тверская область,городской округ,territorial,2101,4,"Крупные города, меньше продуктов",4,4,False,тип не зависит от варианта расчёта,,412994
2105,городской округ Осташковский,Тверская область,городской округ,territorial,2105,3,"Города, меньше продуктов",3,3,False,тип не зависит от варианта расчёта,,20992
2108,городской округ город Торжок,Тверская область,городской округ,territorial,2108,3,"Города, меньше продуктов",3,3,False,тип зависит от варианта расчёта,,39503
2109,городской округ Удомельский,Тверская область,городской округ,territorial,2109,3,"Города, меньше продуктов",3,3,False,тип не зависит от варианта расчёта,,29515
2110,муниципальный округ Андреапольский,Тверская область,муниципальный округ,territorial,2110,1,"Города, меньше транспорта",1,1,False,тип зависит от варианта расчёта,,9731
2111,муниципальный округ Бежецкий,Тверская область,муниципальный округ,territorial,2111,1,"Города, меньше транспорта",1,1,False,тип зависит от варианта расчёта,,30567
2112,муниципальный округ Бельский,Тверская область,муниципальный округ,territorial,2112,2,"Сельские, меньше общепита",2,2,False,тип зависит от варианта расчёта,,4852
2113,муниципальный округ Бологовский,Тверская область,муниципальный округ,territorial,2113,1,"Города, меньше транспорта",1,3,True,тип зависит от варианта расчёта,,30273
2114,муниципальный округ Весьегонский,Тверская область,муниципальный округ,territorial,2114,1,"Города, меньше транспорта",1,1,False,тип зависит от варианта расчёта,,9486
2116,муниципальный округ Жарковский,Тверская область,муниципальный округ,territorial,2116,2,"Сельские, меньше общепита",2,2,False,тип не зависит от варианта расчёта,,3931
2117,муниципальный округ Западнодвинский,Тверская область,муниципальный округ,territorial,2117,1,"Города, меньше транспорта",1,1,False,тип зависит от варианта расчёта,,11945
2118,муниципальный округ Зубцовский,Тверская область,муниципальный округ,territorial,2118,1,"Города, меньше транспорта",1,1,False,тип зависит от варианта расчёта,,14191
2119,муниципальный округ Калининский,Тверская область,муниципальный округ,territorial,2119,4,"Крупные города, меньше продуктов",4,4,False,тип не зависит от варианта расчёта,,59603
2120,муниципальный округ Калязинский,Тверская область,муниципальный округ,territorial,2120,1,"Города, меньше транспорта",1,1,False,тип зависит от варианта расчёта,,18994
2121,городской округ Кашинский,Тверская область,городской округ,territorial,2121,1,"Города, меньше транспорта",1,1,False,тип зависит от варианта расчёта,,22713
2122,муниципальный округ Кесовогорский,Тверская область,муниципальный округ,territorial,2122,1,"Города, меньше транспорта",1,1,False,тип зависит от варианта расчёта,,7244
2124,муниципальный округ Конаковский,Тверская область,муниципальный округ,territorial,2124,3,"Города, меньше продуктов",3,3,False,тип зависит от варианта расчёта,,67829
2125,муниципальный округ Краснохолмский,Тверская область,муниципальный округ,territorial,2125,2,"Сельские, меньше общепита",2,2,False,тип не зависит от варианта расчёта,,8508
2126,муниципальный округ Кувшиновский,Тверская область,муниципальный округ,territorial,2126,1,"Города, меньше транспорта",1,1,False,тип зависит от варианта расчёта,,12610
2127,муниципальный округ Лесной,Тверская область,муниципальный округ,territorial,2127,2,"Сельские, меньше общепита",2,2,False,тип не зависит от варианта расчёта,,3827
2128,муниципальный округ Лихославльский,Тверская область,муниципальный округ,territorial,2128,1,"Города, меньше транспорта",1,1,False,тип зависит от варианта расчёта,,24344
2129,муниципальный округ Максатихинский,Тверская область,муниципальный округ,territorial,2129,1,"Города, меньше транспорта",1,1,False,тип зависит от варианта расчёта,,13807
2130,муниципальный округ Молоковский,Тверская область,муниципальный округ,territorial,2130,2,"Сельские, меньше общепита",2,2,False,тип не зависит от варианта расчёта,,3690
2131,городской округ Нелидовский,Тверская область,городской округ,territorial,2131,3,"Города, меньше продуктов",3,3,False,тип не зависит от варианта расчёта,,22742
2132,муниципальный округ Оленинский,Тверская область,муниципальный округ,territorial,2132,2,"Сельские, меньше общепита",2,2,False,тип не зависит от варианта расчёта,,11371
2133,муниципальный округ Пеновский,Тверская область,муниципальный округ,territorial,2133,2,"Сельские, меньше общепита",2,1,True,тип не зависит от варианта расчёта,,5051
2134,муниципальный округ Рамешковский,Тверская область,муниципальный округ,territorial,2134,2,"Сельские, меньше общепита",2,2,False,тип зависит от варианта расчёта,,14777
2136,муниципальный округ Сандовский,Тверская область,муниципальный округ,territorial,2136,1,"Города, меньше транспорта",2,1,True,тип зависит от варианта расчёта,,4788
2137,муниципальный округ Селижаровский,Тверская область,муниципальный округ,territorial,2137,2,"Сельские, меньше общепита",2,1,True,тип не зависит от варианта расчёта,,9920
2138,муниципальный округ Сонковский,Тверская область,муниципальный округ,territorial,2138,2,"Сельские, меньше общепита",2,2,False,тип не зависит от варианта расчёта,,6439
2139,муниципальный округ Спировский,Тверская область,муниципальный округ,territorial,2139,1,"Города, меньше транспорта",1,1,False,тип зависит от варианта расчёта,,8413
2140,муниципальный округ Старицкий,Тверская область,муниципальный округ,territorial,2140,2,"Сельские, меньше общепита",1,2,False,тип не зависит от варианта расчёта,,20834
2142,муниципальный округ Торопецкий,Тверская область,муниципальный округ,territorial,2142,2,"Сельские, меньше общепита",2,1,True,тип не зависит от варианта расчёта,,16137
2143,муниципальный округ Фировский,Тверская область,муниципальный округ,territorial,2143,1,"Города, меньше транспорта",2,1,False,тип зависит от варианта расчёта,,7887
2144,городской округ город Томск,Томская область,городской округ,territorial,2144,4,"Крупные города, меньше продуктов",4,4,False,тип не зависит от варианта расчёта,,565340
2145,городской округ город Кедровый,Томская область,городской округ,territorial,2145,2,"Сельские, меньше общепита",2,1,False,тип зависит от варианта расчёта,,2619
2146,городской округ город Стрежевой,Томская область,городской округ,territorial,2146,3,"Города, меньше продуктов",3,3,False,тип не зависит от варианта расчёта,,37322
2148,Александровский муниципальный район,Томская область,муниципальный район,territorial,2148,3,"Города, меньше продуктов",3,3,False,тип зависит от варианта расчёта,,7152
2149,Асиновский муниципальный район,Томская область,муниципальный район,territorial,2149,1,"Города, меньше транспорта",1,1,False,тип зависит от варианта расчёта,,33134
2150,Бакчарский муниципальный район,Томская область,муниципальный район,territorial,2150,2,"Сельские, меньше общепита",2,2,False,тип не зависит от варианта расчёта,,11056
2151,Верхнекетский муниципальный район,Томская область,муниципальный район,territorial,2151,1,"Города, меньше транспорта",1,1,False,тип зависит от варианта расчёта,,14319
2152,Зырянский муниципальный район,Томская область,муниципальный район,territorial,2152,2,"Сельские, меньше общепита",2,2,False,тип не зависит от варианта расчёта,,11012
2153,Каргасокский муниципальный район,Томская область,муниципальный район,territorial,2153,1,"Города, меньше транспорта",1,1,False,тип зависит от варианта расчёта,,17351
2154,Кожевниковский муниципальный район,Томская область,муниципальный район,territorial,2154,1,"Города, меньше транспорта",1,1,False,тип зависит от варианта расчёта,,20106
2155,Колпашевский муниципальный район,Томская область,муниципальный район,territorial,2155,1,"Города, меньше транспорта",1,1,False,тип зависит от варианта расчёта,,31957
2156,Кривошеинский муниципальный район,Томская область,муниципальный район,territorial,2156,2,"Сельские, меньше общепита",2,2,False,тип не зависит от варианта расчёта,,11946
2157,Молчановский муниципальный район,Томская область,муниципальный район,territorial,2157,2,"Сельские, меньше общепита",2,2,False,тип не зависит от варианта расчёта,,12001
2158,Парабельский муниципальный район,Томская область,муниципальный район,territorial,2158,1,"Города, меньше транспорта",1,1,False,тип зависит от варианта расчёта,,11339
2159,Первомайский муниципальный район,Томская область,муниципальный район,territorial,2159,2,"Сельские, меньше общепита",2,1,False,тип зависит от варианта расчёта,,16392
2160,Тегульдетский муниципальный район,Томская область,муниципальный район,territorial,2160,2,"Сельские, меньше общепита",2,2,False,тип зависит от варианта расчёта,,6398
2161,Томский муниципальный район,Томская область,муниципальный район,territorial,2161,4,"Крупные города, меньше продуктов",4,4,False,тип не зависит от варианта расчёта,,89722
2162,Чаинский муниципальный район,Томская область,муниципальный район,territorial,2162,2,"Сельские, меньше общепита",2,2,False,тип не зависит от варианта расчёта,,11561
2163,Шегарский муниципальный район,Томская область,муниципальный район,territorial,2163,1,"Города, меньше транспорта",1,1,False,тип зависит от варианта расчёта,,19531
2164,городской округ город Тула,Тульская область,городской округ,territorial,2164,4,"Крупные города, меньше продуктов",4,4,False,тип не зависит от варианта расчёта,,535952
2165,городской округ город Алексин,Тульская область,городской округ,territorial,2165,3,"Города, меньше продуктов",3,3,False,тип зависит от варианта расчёта,,68970
2167,городской округ город Донской,Тульская область,городской округ,territorial,2167,3,"Города, меньше продуктов",3,3,False,тип зависит от варианта расчёта,,61998
2168,городской округ город Ефремов,Тульская область,городской округ,territorial,2168,3,"Города, меньше продуктов",3,3,False,тип зависит от варианта расчёта,,55973
2169,городской округ город Новомосковск,Тульская область,городской округ,territorial,2169,3,"Города, меньше продуктов",3,3,False,тип зависит от варианта расчёта,,128895
2171,Арсеньевский муниципальный район,Тульская область,муниципальный район,territorial,2171,1,"Города, меньше транспорта",1,1,False,тип зависит от варианта расчёта,,9126
2172,Белевский муниципальный район,Тульская область,муниципальный район,territorial,2172,2,"Сельские, меньше общепита",2,1,False,тип не зависит от варианта расчёта,,18414
2173,Богородицкий муниципальный район,Тульская область,муниципальный район,territorial,2173,1,"Города, меньше транспорта",1,1,False,тип зависит от варианта расчёта,,49241
2174,Веневский муниципальный район,Тульская область,муниципальный район,territorial,2174,1,"Города, меньше транспорта",1,1,False,тип зависит от варианта расчёта,,33826
2175,Воловский муниципальный район,Тульская область,муниципальный район,territorial,2175,2,"Сельские, меньше общепита",2,2,False,тип зависит от варианта расчёта,,13628
2176,Дубенский муниципальный район,Тульская область,муниципальный район,territorial,2176,2,"Сельские, меньше общепита",2,2,False,тип зависит от варианта расчёта,,14689
2177,Заокский муниципальный район,Тульская область,муниципальный район,territorial,2177,3,"Города, меньше продуктов",1,3,True,тип зависит от варианта расчёта,,26599
2178,Каменский муниципальный район,Тульская область,муниципальный район,territorial,2178,2,"Сельские, меньше общепита",2,2,False,тип зависит от варианта расчёта,,8092
2179,Кимовский муниципальный район,Тульская область,муниципальный район,territorial,2179,1,"Города, меньше транспорта",1,1,False,тип зависит от варианта расчёта,,38432
2180,Киреевский муниципальный район,Тульская область,муниципальный район,territorial,2180,1,"Города, меньше транспорта",1,1,False,тип зависит от варианта расчёта,,73160
2181,Куркинский муниципальный район,Тульская область,муниципальный район,territorial,2181,2,"Сельские, меньше общепита",2,2,False,тип зависит от варианта расчёта,,10610
2182,Одоевский муниципальный район,Тульская область,муниципальный район,territorial,2182,1,"Города, меньше транспорта",1,1,False,тип зависит от варианта расчёта,,11742
2183,Плавский муниципальный район,Тульская область,муниципальный район,territorial,2183,1,"Города, меньше транспорта",1,1,False,тип зависит от варианта расчёта,,29482
2184,Суворовский муниципальный район,Тульская область,муниципальный район,territorial,2184,1,"Города, меньше транспорта",2,1,False,тип зависит от варианта расчёта,,34214
2185,Тепло-Огаревский муниципальный район,Тульская область,муниципальный район,territorial,2185,2,"Сельские, меньше общепита",2,2,False,тип не зависит от варианта расчёта,,11014
2186,Узловский муниципальный район,Тульская область,муниципальный район,territorial,2186,3,"Города, меньше продуктов",3,3,False,тип зависит от варианта расчёта,,75134
2187,Чернский муниципальный район,Тульская область,муниципальный район,territorial,2187,1,"Города, меньше транспорта",1,1,False,тип зависит от варианта расчёта,,18219
2188,Щекинский муниципальный район,Тульская область,муниципальный район,territorial,2188,3,"Города, меньше продуктов",3,3,False,тип зависит от варианта расчёта,,100912
2189,Ясногорский муниципальный район,Тульская область,муниципальный район,territorial,2189,3,"Города, меньше продуктов",1,3,True,тип не зависит от варианта расчёта,,30258
2190,городской округ город Тюмень,Тюменская область,городской округ,territorial,2190,4,"Крупные города, меньше продуктов",4,4,False,тип не зависит от варианта расчёта,,866588
2191,городской округ Заводоуковский,Тюменская область,городской округ,territorial,2191,3,"Города, меньше продуктов",3,3,False,тип зависит от варианта расчёта,,47398
2192,городской округ город Ишим,Тюменская область,городской округ,territorial,2192,3,"Города, меньше продуктов",3,3,False,тип зависит от варианта расчёта,,67337
2193,городской округ город Тобольск,Тюменская область,городской округ,territorial,2193,4,"Крупные города, меньше продуктов",4,4,False,тип не зависит от варианта расчёта,,102758
2194,городской округ город Ялуторовск,Тюменская область,городской округ,territorial,2194,3,"Города, меньше продуктов",3,3,False,тип зависит от варианта расчёта,,38897
2195,Абатский муниципальный район,Тюменская область,муниципальный район,territorial,2195,2,"Сельские, меньше общепита",2,2,False,тип не зависит от варианта расчёта,,18556
2196,Армизонский муниципальный район,Тюменская область,муниципальный район,territorial,2196,2,"Сельские, меньше общепита",2,2,False,тип не зависит от варианта расчёта,,9271
2197,Аромашевский муниципальный район,Тюменская область,муниципальный район,territorial,2197,2,"Сельские, меньше общепита",2,2,False,тип не зависит от варианта расчёта,,10178
2198,Бердюжский муниципальный район,Тюменская область,муниципальный район,territorial,2198,2,"Сельские, меньше общепита",2,2,False,тип не зависит от варианта расчёта,,10628
2199,Вагайский муниципальный район,Тюменская область,муниципальный район,territorial,2199,1,"Города, меньше транспорта",1,1,False,тип зависит от варианта расчёта,,17715
2200,Викуловский муниципальный район,Тюменская область,муниципальный район,territorial,2200,1,"Города, меньше транспорта",1,1,False,тип зависит от варианта расчёта,,14608
2201,городской округ Голышмановский,Тюменская область,городской округ,territorial,2201,2,"Сельские, меньше общепита",2,2,False,тип зависит от варианта расчёта,,23412
2202,Исетский муниципальный район,Тюменская область,муниципальный район,territorial,2202,1,"Города, меньше транспорта",1,1,False,тип зависит от варианта расчёта,,25968
2203,Ишимский муниципальный район,Тюменская область,муниципальный район,territorial,2203,3,"Города, меньше продуктов",1,3,False,тип зависит от варианта расчёта,,28086
2204,Казанский муниципальный район,Тюменская область,муниципальный район,territorial,2204,2,"Сельские, меньше общепита",2,2,False,тип зависит от варианта расчёта,,19879
2205,Нижнетавдинский муниципальный район,Тюменская область,муниципальный район,territorial,2205,1,"Города, меньше транспорта",1,2,False,тип зависит от варианта расчёта,,27081
2206,Омутинский муниципальный район,Тюменская область,муниципальный район,territorial,2206,1,"Города, меньше транспорта",1,1,False,тип зависит от варианта расчёта,,18361
2207,Сладковский муниципальный район,Тюменская область,муниципальный район,territorial,2207,2,"Сельские, меньше общепита",2,2,False,тип зависит от варианта расчёта,,10701
2208,Сорокинский муниципальный район,Тюменская область,муниципальный район,territorial,2208,1,"Города, меньше транспорта",2,1,True,тип зависит от варианта расчёта,,9141
2210,Тюменский муниципальный район,Тюменская область,муниципальный район,territorial,2210,4,"Крупные города, меньше продуктов",4,4,False,тип не зависит от варианта расчёта,,144857
2211,Уватский муниципальный район,Тюменская область,муниципальный район,territorial,2211,1,"Города, меньше транспорта",1,1,False,тип зависит от варианта расчёта,,18655
2212,Упоровский муниципальный район,Тюменская область,муниципальный район,territorial,2212,1,"Города, меньше транспорта",1,1,False,тип зависит от варианта расчёта,,19376
2213,Юргинский муниципальный район,Тюменская область,муниципальный район,territorial,2213,2,"Сельские, меньше общепита",2,2,False,тип зависит от варианта расчёта,,11054
2215,Ярковский муниципальный район,Тюменская область,муниципальный район,territorial,2215,1,"Города, меньше транспорта",1,1,False,тип зависит от варианта расчёта,,23140
2216,городской округ город Ханты-Мансийск,Ханты-Мансийский автономный округ — Югра,городской округ,territorial,2216,3,"Города, меньше продуктов",3,3,False,тип зависит от варианта расчёта,,112718
2217,городской округ город Когалым,Ханты-Мансийский автономный округ — Югра,городской округ,territorial,2217,3,"Города, меньше продуктов",1,3,False,тип зависит от варианта расчёта,,64242
2218,городской округ город Лангепас,Ханты-Мансийский автономный округ — Югра,городской округ,territorial,2218,1,"Города, меньше транспорта",1,1,False,тип зависит от варианта расчёта,,44477
2219,городской округ город Мегион,Ханты-Мансийский автономный округ — Югра,городской округ,territorial,2219,1,"Города, меньше транспорта",1,1,False,тип зависит от варианта расчёта,,59724
2220,городской округ город Нефтеюганск,Ханты-Мансийский автономный округ — Югра,городской округ,territorial,2220,3,"Города, меньше продуктов",1,3,True,тип зависит от варианта расчёта,,127320
2221,городской округ город Нижневартовск,Ханты-Мансийский автономный округ — Югра,городской округ,territorial,2221,3,"Города, меньше продуктов",3,3,False,тип зависит от варианта расчёта,,291832
2222,городской округ город Нягань,Ханты-Мансийский автономный округ — Югра,городской округ,territorial,2222,1,"Города, меньше транспорта",1,1,False,тип зависит от варианта расчёта,,63574
2223,городской округ город Покачи,Ханты-Мансийский автономный округ — Югра,городской округ,territorial,2223,1,"Города, меньше транспорта",1,1,False,тип не зависит от варианта расчёта,,16572
2224,городской округ город Пыть-Ях,Ханты-Мансийский автономный округ — Югра,городской округ,territorial,2224,1,"Города, меньше транспорта",1,1,False,тип зависит от варианта расчёта,,40872
2225,городской округ город Радужный,Ханты-Мансийский автономный округ — Югра,городской округ,territorial,2225,1,"Города, меньше транспорта",1,1,False,тип зависит от варианта расчёта,,45768
2226,городской округ город Сургут,Ханты-Мансийский автономный округ — Югра,городской округ,territorial,2226,3,"Города, меньше продуктов",3,3,False,тип зависит от варианта расчёта,,426611
2227,городской округ город Урай,Ханты-Мансийский автономный округ — Югра,городской округ,territorial,2227,1,"Города, меньше транспорта",1,1,False,тип зависит от варианта расчёта,,41304
2228,городской округ город Югорск,Ханты-Мансийский автономный округ — Югра,городской округ,territorial,2228,1,"Города, меньше транспорта",1,1,False,тип зависит от варианта расчёта,,39400
2229,Белоярский муниципальный район,Ханты-Мансийский автономный округ — Югра,муниципальный район,territorial,2229,1,"Города, меньше транспорта",1,1,False,тип зависит от варианта расчёта,,28382
2230,Березовский муниципальный район,Ханты-Мансийский автономный округ — Югра,муниципальный район,territorial,2230,2,"Сельские, меньше общепита",2,2,False,тип не зависит от варианта расчёта,,22692
2231,Кондинский муниципальный район,Ханты-Мансийский автономный округ — Югра,муниципальный район,territorial,2231,2,"Сельские, меньше общепита",2,2,False,тип зависит от варианта расчёта,,30299
2232,Нефтеюганский муниципальный район,Ханты-Мансийский автономный округ — Югра,муниципальный район,territorial,2232,1,"Города, меньше транспорта",1,1,False,тип не зависит от варианта расчёта,,47599
2233,Нижневартовский муниципальный район,Ханты-Мансийский автономный округ — Югра,муниципальный район,territorial,2233,1,"Города, меньше транспорта",1,1,False,тип не зависит от варианта расчёта,,38809
2234,Октябрьский муниципальный район,Ханты-Мансийский автономный округ — Югра,муниципальный район,territorial,2234,2,"Сельские, меньше общепита",2,2,False,тип зависит от варианта расчёта,,32072
2235,Советский муниципальный район,Ханты-Мансийский автономный округ — Югра,муниципальный район,territorial,2235,1,"Города, меньше транспорта",1,1,False,тип зависит от варианта расчёта,,46648
2236,Сургутский муниципальный район,Ханты-Мансийский автономный округ — Югра,муниципальный район,territorial,2236,1,"Города, меньше транспорта",1,1,False,тип зависит от варианта расчёта,,130590
2237,Ханты-Мансийский муниципальный район,Ханты-Мансийский автономный округ — Югра,муниципальный район,territorial,2237,1,"Города, меньше транспорта",1,1,False,тип зависит от варианта расчёта,,19081
2238,городской округ город Салехард,Ямало-Ненецкий автономный округ,городской округ,territorial,2238,1,"Города, меньше транспорта",1,1,False,тип зависит от варианта расчёта,,49481
2241,городской округ город Муравленко,Ямало-Ненецкий автономный округ,городской округ,territorial,2241,1,"Города, меньше транспорта",1,1,False,тип зависит от варианта расчёта,,29555
2242,городской округ город Новый Уренгой,Ямало-Ненецкий автономный округ,городской округ,territorial,2242,3,"Города, меньше продуктов",3,3,False,тип зависит от варианта расчёта,,109452
2243,городской округ город Ноябрьск,Ямало-Ненецкий автономный округ,городской округ,territorial,2243,1,"Города, меньше транспорта",1,1,False,тип зависит от варианта расчёта,,103744
2244,муниципальный округ Красноселькупский район,Ямало-Ненецкий автономный округ,муниципальный округ,territorial,2244,1,"Города, меньше транспорта",1,1,False,тип не зависит от варианта расчёта,,5598
2245,муниципальный округ Надымский район,Ямало-Ненецкий автономный округ,муниципальный округ,territorial,2245,1,"Города, меньше транспорта",1,1,False,тип зависит от варианта расчёта,,64914
2248,муниципальный округ Тазовский район,Ямало-Ненецкий автономный округ,муниципальный округ,territorial,2248,1,"Города, меньше транспорта",1,1,False,тип зависит от варианта расчёта,,18027
2249,муниципальный округ Шурышкарский район,Ямало-Ненецкий автономный округ,муниципальный округ,territorial,2249,2,"Сельские, меньше общепита",2,2,False,тип не зависит от варианта расчёта,,9160
2250,муниципальный округ Ямальский район,Ямало-Ненецкий автономный округ,муниципальный округ,territorial,2250,1,"Города, меньше транспорта",1,1,False,тип не зависит от варианта расчёта,,16474
2251,городской округ город Ульяновск,Ульяновская область,городской округ,territorial,2251,4,"Крупные города, меньше продуктов",4,4,False,тип не зависит от варианта расчёта,,633128
2252,городской округ город Димитровград,Ульяновская область,городской округ,territorial,2252,4,"Крупные города, меньше продуктов",4,4,False,тип не зависит от варианта расчёта,,108438
2253,городской округ город Новоульяновск,Ульяновская область,городской округ,territorial,2253,3,"Города, меньше продуктов",3,3,False,тип не зависит от варианта расчёта,,16704
2254,Базарносызганский муниципальный район,Ульяновская область,муниципальный район,territorial,2254,2,"Сельские, меньше общепита",2,1,True,тип не зависит от варианта расчёта,,7174
2255,Барышский муниципальный район,Ульяновская область,муниципальный район,territorial,2255,1,"Города, меньше транспорта",1,1,False,тип зависит от варианта расчёта,,34646
2256,Вешкаймский муниципальный район,Ульяновская область,муниципальный район,territorial,2256,2,"Сельские, меньше общепита",2,1,True,тип не зависит от варианта расчёта,,14150
2257,Инзенский муниципальный район,Ульяновская область,муниципальный район,territorial,2257,1,"Города, меньше транспорта",1,3,True,тип зависит от варианта расчёта,,25648
2258,Карсунский муниципальный район,Ульяновская область,муниципальный район,territorial,2258,1,"Города, меньше транспорта",1,1,False,тип зависит от варианта расчёта,,19358
2259,Кузоватовский муниципальный район,Ульяновская область,муниципальный район,territorial,2259,1,"Города, меньше транспорта",1,1,False,тип зависит от варианта расчёта,,17769
2260,Майнский муниципальный район,Ульяновская область,муниципальный район,territorial,2260,2,"Сельские, меньше общепита",2,1,False,тип не зависит от варианта расчёта,,19656
2262,Николаевский муниципальный район,Ульяновская область,муниципальный район,territorial,2262,1,"Города, меньше транспорта",1,1,False,тип зависит от варианта расчёта,,21038
2264,Новоспасский муниципальный район,Ульяновская область,муниципальный район,territorial,2264,1,"Города, меньше транспорта",3,1,False,тип зависит от варианта расчёта,,19812
2265,Павловский муниципальный район,Ульяновская область,муниципальный район,territorial,2265,2,"Сельские, меньше общепита",2,2,False,тип не зависит от варианта расчёта,,11467
2266,Радищевский муниципальный район,Ульяновская область,муниципальный район,territorial,2266,2,"Сельские, меньше общепита",2,2,False,тип не зависит от варианта расчёта,,11154
2267,Сенгилеевский муниципальный район,Ульяновская область,муниципальный район,territorial,2267,1,"Города, меньше транспорта",1,1,False,тип зависит от варианта расчёта,,18836
2268,Старокулаткинский муниципальный район,Ульяновская область,муниципальный район,territorial,2268,2,"Сельские, меньше общепита",2,1,False,тип не зависит от варианта расчёта,,9405
2269,Старомайнский муниципальный район,Ульяновская область,муниципальный район,territorial,2269,2,"Сельские, меньше общепита",1,2,True,тип зависит от варианта расчёта,,14407
2270,Сурский муниципальный район,Ульяновская область,муниципальный район,territorial,2270,1,"Города, меньше транспорта",1,1,False,тип зависит от варианта расчёта,,14279
2271,Тереньгульский муниципальный район,Ульяновская область,муниципальный район,territorial,2271,2,"Сельские, меньше общепита",2,2,False,тип не зависит от варианта расчёта,,15338
2272,Ульяновский муниципальный район,Ульяновская область,муниципальный район,territorial,2272,3,"Города, меньше продуктов",3,3,False,тип не зависит от варианта расчёта,,34718
2274,Чердаклинский муниципальный район,Ульяновская область,муниципальный район,territorial,2274,3,"Города, меньше продуктов",3,3,False,тип зависит от варианта расчёта,,38795
2275,городской округ Челябинский,Челябинская область,городской округ,territorial,2275,4,"Крупные города, меньше продуктов",4,4,False,тип не зависит от варианта расчёта,,1176914
2276,городской округ Верхнеуфалейский,Челябинская область,городской округ,territorial,2276,1,"Города, меньше транспорта",1,1,False,тип зависит от варианта расчёта,,24990
2278,городской округ Карабашский,Челябинская область,городской округ,territorial,2278,1,"Города, меньше транспорта",1,1,False,тип зависит от варианта расчёта,,10339
2279,городской округ Копейский,Челябинская область,городской округ,territorial,2279,3,"Города, меньше продуктов",3,3,False,тип зависит от варианта расчёта,,146507
2280,городской округ Кыштымский,Челябинская область,городской округ,territorial,2280,3,"Города, меньше продуктов",3,3,False,тип зависит от варианта расчёта,,37044
2281,городской округ Магнитогорский,Челябинская область,городской округ,territorial,2281,4,"Крупные города, меньше продуктов",4,4,False,тип не зависит от варианта расчёта,,408601
2282,городской округ Миасский,Челябинская область,городской округ,territorial,2282,3,"Города, меньше продуктов",3,3,False,тип зависит от варианта расчёта,,160412
2286,городской округ Троицкий,Челябинская область,городской округ,territorial,2286,3,"Города, меньше продуктов",3,3,False,тип зависит от варианта расчёта,,69658
2287,городской округ Усть-Катавский,Челябинская область,городской округ,territorial,2287,1,"Города, меньше транспорта",1,1,False,тип зависит от варианта расчёта,,23177
2288,городской округ Чебаркульский,Челябинская область,городской округ,territorial,2288,3,"Города, меньше продуктов",3,3,False,тип зависит от варианта расчёта,,44494
2289,городской округ Южноуральский,Челябинская область,городской округ,territorial,2289,3,"Города, меньше продуктов",3,3,False,тип зависит от варианта расчёта,,37164
2292,Аргаяшский муниципальный район,Челябинская область,муниципальный район,territorial,2292,1,"Города, меньше транспорта",1,1,False,тип зависит от варианта расчёта,,39268
2293,Ашинский муниципальный район,Челябинская область,муниципальный район,territorial,2293,1,"Города, меньше транспорта",1,1,False,тип зависит от варианта расчёта,,53711
2294,Брединский муниципальный район,Челябинская область,муниципальный район,territorial,2294,2,"Сельские, меньше общепита",2,2,False,тип зависит от варианта расчёта,,23200
2295,Варненский муниципальный район,Челябинская область,муниципальный район,territorial,2295,1,"Города, меньше транспорта",1,1,False,тип зависит от варианта расчёта,,23920
2296,Верхнеуральский муниципальный район,Челябинская область,муниципальный район,territorial,2296,1,"Города, меньше транспорта",1,1,False,тип не зависит от варианта расчёта,,31032
2297,Еманжелинский муниципальный район,Челябинская область,муниципальный район,territorial,2297,1,"Города, меньше транспорта",1,1,False,тип не зависит от варианта расчёта,,47235
2298,Еткульский муниципальный район,Челябинская область,муниципальный район,territorial,2298,2,"Сельские, меньше общепита",1,1,False,тип зависит от варианта расчёта,,29655
2299,Карталинский муниципальный район,Челябинская область,муниципальный район,territorial,2299,1,"Города, меньше транспорта",1,1,False,тип зависит от варианта расчёта,,43114
2300,Каслинский муниципальный район,Челябинская область,муниципальный район,territorial,2300,1,"Города, меньше транспорта",1,1,False,тип зависит от варианта расчёта,,28906
2301,Катав-Ивановский муниципальный район,Челябинская область,муниципальный район,territorial,2301,1,"Города, меньше транспорта",1,1,False,тип зависит от варианта расчёта,,26027
2302,Кизильский муниципальный район,Челябинская область,муниципальный район,territorial,2302,2,"Сельские, меньше общепита",2,2,False,тип зависит от варианта расчёта,,19108
2303,Коркинский муниципальный округ,Челябинская область,муниципальный округ,territorial,2303,1,"Города, меньше транспорта",1,1,False,тип зависит от варианта расчёта,,55146
2304,Красноармейский муниципальный район,Челябинская область,муниципальный район,territorial,2304,2,"Сельские, меньше общепита",2,2,False,тип зависит от варианта расчёта,,50243
2305,Кунашакский муниципальный район,Челябинская область,муниципальный район,territorial,2305,2,"Сельские, меньше общепита",2,2,False,тип не зависит от варианта расчёта,,27380
2307,Нагайбакский муниципальный район,Челябинская область,муниципальный район,territorial,2307,2,"Сельские, меньше общепита",2,2,False,тип не зависит от варианта расчёта,,16848
2308,Нязепетровский муниципальный район,Челябинская область,муниципальный район,territorial,2308,2,"Сельские, меньше общепита",2,2,False,тип не зависит от варианта расчёта,,13525
2309,Октябрьский муниципальный район,Челябинская область,муниципальный район,territorial,2309,2,"Сельские, меньше общепита",2,2,False,тип зависит от варианта расчёта,,18019
2310,Пластовский муниципальный район,Челябинская область,муниципальный район,territorial,2310,1,"Города, меньше транспорта",1,1,False,тип зависит от варианта расчёта,,24193
2311,Саткинский муниципальный район,Челябинская область,муниципальный район,territorial,2311,3,"Города, меньше продуктов",1,3,True,тип зависит от варианта расчёта,,73732
2312,Сосновский муниципальный район,Челябинская область,муниципальный район,territorial,2312,4,"Крупные города, меньше продуктов",3,4,True,тип не зависит от варианта расчёта,,94766
2314,Увельский муниципальный район,Челябинская область,муниципальный район,territorial,2314,1,"Города, меньше транспорта",1,1,False,тип не зависит от варианта расчёта,,30950
2315,Уйский муниципальный район,Челябинская область,муниципальный район,territorial,2315,2,"Сельские, меньше общепита",2,2,False,тип не зависит от варианта расчёта,,20862
2316,Чебаркульский муниципальный район,Челябинская область,муниципальный район,territorial,2316,1,"Города, меньше транспорта",1,1,False,тип не зависит от варианта расчёта,,28518
2317,Чесменский муниципальный район,Челябинская область,муниципальный район,territorial,2317,2,"Сельские, меньше общепита",2,2,False,тип не зависит от варианта расчёта,,14951
2318,городской округ город Ярославль,Ярославская область,городской округ,territorial,2318,4,"Крупные города, меньше продуктов",4,4,False,тип не зависит от варианта расчёта,,565580
2320,городской округ город Рыбинск,Ярославская область,городской округ,territorial,2320,4,"Крупные города, меньше продуктов",3,3,False,тип не зависит от варианта расчёта,,170694
2321,Большесельский муниципальный район,Ярославская область,муниципальный район,territorial,2321,2,"Сельские, меньше общепита",2,2,False,тип зависит от варианта расчёта,,9091
2322,Борисоглебский муниципальный район,Ярославская область,муниципальный район,territorial,2322,2,"Сельские, меньше общепита",2,1,True,тип зависит от варианта расчёта,,11771
2323,Брейтовский муниципальный район,Ярославская область,муниципальный район,territorial,2323,2,"Сельские, меньше общепита",2,2,False,тип не зависит от варианта расчёта,,5296
2324,Гаврилов-Ямский муниципальный район,Ярославская область,муниципальный район,territorial,2324,1,"Города, меньше транспорта",1,1,False,тип зависит от варианта расчёта,,23651
2325,Даниловский муниципальный район,Ярославская область,муниципальный район,territorial,2325,1,"Города, меньше транспорта",1,1,False,тип зависит от варианта расчёта,,20435
2326,Любимский муниципальный район,Ярославская область,муниципальный район,territorial,2326,2,"Сельские, меньше общепита",2,1,True,тип зависит от варианта расчёта,,9734
2327,Мышкинский муниципальный район,Ярославская область,муниципальный район,territorial,2327,1,"Города, меньше транспорта",1,1,False,тип зависит от варианта расчёта,,8992
2328,Некоузский муниципальный район,Ярославская область,муниципальный район,territorial,2328,2,"Сельские, меньше общепита",2,2,False,тип не зависит от варианта расчёта,,11320
2329,Некрасовский муниципальный район,Ярославская область,муниципальный район,territorial,2329,2,"Сельские, меньше общепита",2,2,True,тип зависит от варианта расчёта,,19422
2330,Первомайский муниципальный район,Ярославская область,муниципальный район,territorial,2330,2,"Сельские, меньше общепита",2,2,True,тип зависит от варианта расчёта,,8284
2332,Пошехонский муниципальный район,Ярославская область,муниципальный район,territorial,2332,2,"Сельские, меньше общепита",2,2,False,тип не зависит от варианта расчёта,,10104
2333,Ростовский муниципальный район,Ярославская область,муниципальный район,territorial,2333,3,"Города, меньше продуктов",3,3,False,тип зависит от варианта расчёта,,57877
2334,Рыбинский муниципальный район,Ярославская область,муниципальный район,territorial,2334,3,"Города, меньше продуктов",3,3,False,тип зависит от варианта расчёта,,26331
2335,Тутаевский муниципальный район,Ярославская область,муниципальный район,territorial,2335,3,"Города, меньше продуктов",3,3,False,тип не зависит от варианта расчёта,,52352
2336,Угличский муниципальный район,Ярославская область,муниципальный район,territorial,2336,3,"Города, меньше продуктов",3,3,False,тип зависит от варианта расчёта,,45970
2337,Ярославский муниципальный район,Ярославская область,муниципальный район,territorial,2337,4,"Крупные города, меньше продуктов",4,4,False,тип не зависит от варианта расчёта,,73102
2338,городской округ город Биробиджан,Еврейская автономная область,городской округ,territorial,2338,3,"Города, меньше продуктов",3,3,False,тип зависит от варианта расчёта,,67500
2339,Биробиджанский муниципальный район,Еврейская автономная область,муниципальный район,territorial,2339,3,"Города, меньше продуктов",1,3,False,тип зависит от варианта расчёта,,9899
2340,Ленинский муниципальный район,Еврейская автономная область,муниципальный район,territorial,2340,1,"Города, меньше транспорта",1,1,False,тип зависит от варианта расчёта,,15208
2341,Облученский муниципальный район,Еврейская автономная область,муниципальный район,territorial,2341,1,"Города, меньше транспорта",1,1,False,тип зависит от варианта расчёта,,23155
2342,Октябрьский муниципальный район,Еврейская автономная область,муниципальный район,territorial,2342,2,"Сельские, меньше общепита",2,2,False,тип не зависит от варианта расчёта,,7406
2343,Смидовичский муниципальный район,Еврейская автономная область,муниципальный район,territorial,2343,1,"Города, меньше транспорта",1,1,False,тип зависит от варианта расчёта,,21946
2344,городской округ Анадырь,Чукотский автономный округ,городской округ,territorial,2344,1,"Города, меньше транспорта",1,1,False,тип зависит от варианта расчёта,,13506
2345,городской округ Эгвекинот,Чукотский автономный округ,городской округ,territorial,2345,1,"Города, меньше транспорта",1,1,False,тип зависит от варианта расчёта,,5206
2348,Анадырский муниципальный район,Чукотский автономный округ,муниципальный район,territorial,2348,1,"Города, меньше транспорта",1,1,False,тип зависит от варианта расчёта,,8689
2349,Билибинский муниципальный район,Чукотский автономный округ,муниципальный район,territorial,2349,1,"Города, меньше транспорта",1,1,False,тип не зависит от варианта расчёта,,7275
2618,Мантуровский муниципальный округ,Костромская область,муниципальный округ,territorial,2618,1,"Города, меньше транспорта",1,1,False,тип зависит от варианта расчёта,,15024
2619,городской округ город Переславль-Залесский,Ярославская область,городской округ,territorial,2619,3,"Города, меньше продуктов",3,3,False,тип зависит от варианта расчёта,,53860
2620,городской округ Соликамский,Пермский край,городской округ,territorial,2620,3,"Города, меньше продуктов",3,3,False,тип зависит от варианта расчёта,,99676
2621,городской округ город Березники,Пермский край,городской округ,territorial,2621,3,"Города, меньше продуктов",3,3,False,тип зависит от варианта расчёта,,146670
2644,городской округ Серпухов,Московская область,городской округ,territorial,2644,1,"Города, меньше транспорта",1,1,False,тип зависит от варианта расчёта,,210558
2646,городской округ город Обнинск,Калужская область,городской округ,territorial,2646,4,"Крупные города, меньше продуктов",4,4,False,тип не зависит от варианта расчёта,,132721
2647,Боровский муниципальный район,Калужская область,муниципальный район,territorial,2647,4,"Крупные города, меньше продуктов",3,4,True,тип не зависит от варианта расчёта,,83368
2648,городской округ Лосино-Петровский,Московская область,городской округ,territorial,2648,1,"Города, меньше транспорта",1,1,False,тип зависит от варианта расчёта,,73153
2649,городской округ Щёлково,Московская область,городской округ,territorial,2649,1,"Города, меньше транспорта",1,1,False,тип зависит от варианта расчёта,,220851
2651,городской округ Одинцовский,Московская область,городской округ,territorial,2651,3,"Города, меньше продуктов",3,3,False,тип зависит от варианта расчёта,,485328
2652,городской округ Орехово-Зуевский,Московская область,городской округ,territorial,2652,1,"Города, меньше транспорта",1,1,False,тип зависит от варианта расчёта,,240554
2710,городской округ Вышневолоцкий,Тверская область,городской округ,territorial,2710,3,"Города, меньше продуктов",3,3,False,тип зависит от варианта расчёта,,63833
2808,городской округ Коломна,Московская область,городской округ,territorial,2808,1,"Города, меньше транспорта",1,1,False,тип зависит от варианта расчёта,,214424
2809,муниципальный округ Кунгурский,Пермский край,муниципальный округ,territorial,2809,3,"Города, меньше продуктов",3,3,False,тип зависит от варианта расчёта,,102853
2813,городской округ Шатура,Московская область,городской округ,territorial,2813,1,"Города, меньше транспорта",1,1,False,тип зависит от варианта расчёта,,100894
2814,городской округ Пушкинский,Московская область,городской округ,territorial,2814,1,"Города, меньше транспорта",1,1,False,тип зависит от варианта расчёта,,302243
2872,муниципальный округ Приуральский район,Ямало-Ненецкий автономный округ,муниципальный округ,territorial,2872,2,"Сельские, меньше общепита",2,2,False,тип не зависит от варианта расчёта,,10056
2876,городской округ город-курорт Кисловодск,Ставропольский край,городской округ,territorial,2876,3,"Города, меньше продуктов",3,3,False,тип зависит от варианта расчёта,,133451
2879,городской округ город Губкинский,Ямало-Ненецкий автономный округ,городской округ,territorial,2879,1,"Города, меньше транспорта",1,1,False,тип зависит от варианта расчёта,,35064
2880,городской округ город Лабытнанги,Ямало-Ненецкий автономный округ,городской округ,territorial,2880,1,"Города, меньше транспорта",1,1,False,тип зависит от варианта расчёта,,31406
2881,Предгорный муниципальный округ,Ставропольский край,муниципальный округ,territorial,2881,3,"Города, меньше продуктов",3,3,False,тип зависит от варианта расчёта,,109591
2882,муниципальный округ Пуровский район,Ямало-Ненецкий автономный округ,муниципальный округ,territorial,2882,1,"Города, меньше транспорта",1,1,False,тип зависит от варианта расчёта,,36600
2883,муниципальный округ Кимрский,Тверская область,муниципальный округ,territorial,2883,3,"Города, меньше продуктов",3,3,False,тип зависит от варианта расчёта,,51679
2884,муниципальный округ Ржевский,Тверская область,муниципальный округ,territorial,2884,3,"Города, меньше продуктов",3,3,False,тип зависит от варианта расчёта,,63768
2885,муниципальный округ Кудымкарский,Пермский край,муниципальный округ,territorial,2885,3,"Города, меньше продуктов",3,3,False,тип зависит от варианта расчёта,,50468
2886,муниципальный округ Губахинский,Пермский край,муниципальный округ,territorial,2886,3,"Города, меньше продуктов",3,3,False,тип не зависит от варианта расчёта,,43333
2887,городской округ город Саратов,Саратовская область,городской округ,territorial,2887,4,"Крупные города, меньше продуктов",4,4,False,тип не зависит от варианта расчёта,,939222
3005,городской округ город Арзамас,Нижегородская область,городской округ,territorial,3005,3,"Города, меньше продуктов",3,3,False,тип зависит от варианта расчёта,,144503
3007,Прокопьевский муниципальный округ,Кемеровская область,муниципальный округ,territorial,3007,1,"Города, меньше транспорта",1,1,False,тип зависит от варианта расчёта,,43200
3009,городской округ город Тамбов,Тамбовская область,городской округ,territorial,3009,4,"Крупные города, меньше продуктов",4,4,False,тип не зависит от варианта расчёта,,288086
3011,городской округ Златоустовский,Челябинская область,городской округ,territorial,3011,3,"Города, меньше продуктов",3,3,False,тип зависит от варианта расчёта,,159671
3012,Кусинский муниципальный район,Челябинская область,муниципальный район,territorial,3012,1,"Города, меньше транспорта",1,1,False,тип зависит от варианта расчёта,,24844
3013,городской округ Солнечногорск,Московская область,городской округ,territorial,3013,1,"Города, меньше транспорта",1,1,False,тип зависит от варианта расчёта,,138221
90077,Москва,Москва,город федерального значения,city,90077,3,"Города, меньше продуктов",3,3,False,тип зависит от варианта расчёта,,13363224
90078,Санкт-Петербург,Санкт-Петербург,город федерального значения,city,90078,3,"Города, меньше продуктов",3,3,False,тип зависит от варианта расчёта,,5609469
2351,внутригородская территория города федерального значения муниципальный округ Коломна,Санкт-Петербург,внутригородская территория,inner,90078,3,"Города, меньше продуктов",3,3,False,тип зависит от варианта расчёта,,33536
2352,внутригородская территория города федерального значения муниципальный округ Сенной округ,Санкт-Петербург,внутригородская территория,inner,90078,3,"Города, меньше продуктов",3,3,False,тип зависит от варианта расчёта,,20351
2353,внутригородская территория города федерального значения муниципальный округ Адмиралтейский округ,Санкт-Петербург,внутригородская территория,inner,90078,3,"Города, меньше продуктов",3,3,False,тип зависит от варианта расчёта,,23958
2354,внутригородская территория города федерального значения муниципальный округ Семеновский,Санкт-Петербург,внутригородская территория,inner,90078,3,"Города, меньше продуктов",3,3,False,тип зависит от варианта расчёта,,22116
2355,внутригородская территория города федерального значения муниципальный округ Измайловское,Санкт-Петербург,внутригородская территория,inner,90078,3,"Города, меньше продуктов",3,3,False,тип зависит от варианта расчёта,,32677
2356,внутригородская территория города федерального значения муниципальный округ Екатерингофский,Санкт-Петербург,внутригородская территория,inner,90078,3,"Города, меньше продуктов",3,3,False,тип зависит от варианта расчёта,,21684
2357,внутригородская территория города федерального значения муниципальный округ № 7,Санкт-Петербург,внутригородская территория,inner,90078,3,"Города, меньше продуктов",3,3,False,тип зависит от варианта расчёта,,36420
2358,внутригородская территория города федерального значения муниципальный округ Васильевский,Санкт-Петербург,внутригородская территория,inner,90078,3,"Города, меньше продуктов",3,3,False,тип зависит от варианта расчёта,,31681
2359,внутригородская территория города федерального значения муниципальный округ Гавань,Санкт-Петербург,внутригородская территория,inner,90078,3,"Города, меньше продуктов",3,3,False,тип зависит от варианта расчёта,,41383
2360,внутригородская территория города федерального значения муниципальный округ Морской,Санкт-Петербург,внутригородская территория,inner,90078,3,"Города, меньше продуктов",3,3,False,тип зависит от варианта расчёта,,36378
2361,внутригородская территория города федерального значения муниципальный округ Остров Декабристов,Санкт-Петербург,внутригородская территория,inner,90078,3,"Города, меньше продуктов",3,3,False,тип зависит от варианта расчёта,,61197
2362,внутригородская территория города федерального значения поселок Левашово,Санкт-Петербург,внутригородская территория,inner,90078,3,"Города, меньше продуктов",3,3,False,тип зависит от варианта расчёта,,6118
2363,внутригородская территория города федерального значения поселок Парголово,Санкт-Петербург,внутригородская территория,inner,90078,3,"Города, меньше продуктов",3,3,False,тип зависит от варианта расчёта,,113454
2364,внутригородская территория города федерального значения муниципальный округ Сампсониевское,Санкт-Петербург,внутригородская территория,inner,90078,3,"Города, меньше продуктов",3,3,False,тип зависит от варианта расчёта,,39361
2365,внутригородская территория города федерального значения муниципальный округ Светлановское,Санкт-Петербург,внутригородская территория,inner,90078,3,"Города, меньше продуктов",3,3,False,тип зависит от варианта расчёта,,90126
2366,внутригородская территория города федерального значения муниципальный округ Сосновское,Санкт-Петербург,внутригородская территория,inner,90078,3,"Города, меньше продуктов",3,3,False,тип зависит от варианта расчёта,,60604
2367,внутригородская территория города федерального значения муниципальный округ № 15,Санкт-Петербург,внутригородская территория,inner,90078,3,"Города, меньше продуктов",3,3,False,тип зависит от варианта расчёта,,61165
2368,внутригородская территория города федерального значения муниципальный округ Сергиевское,Санкт-Петербург,внутригородская территория,inner,90078,3,"Города, меньше продуктов",3,3,False,тип зависит от варианта расчёта,,60214
2369,внутригородская территория города федерального значения муниципальный округ Шувалово-Озерки,Санкт-Петербург,внутригородская территория,inner,90078,3,"Города, меньше продуктов",3,3,False,тип зависит от варианта расчёта,,116704
2370,внутригородская территория города федерального значения поселок Лисий Нос,Санкт-Петербург,внутригородская территория,inner,90078,3,"Города, меньше продуктов",3,3,False,тип зависит от варианта расчёта,,6552
2371,внутригородская территория города федерального значения муниципальный округ Лахта-Ольгино,Санкт-Петербург,внутригородская территория,inner,90078,3,"Города, меньше продуктов",3,3,False,тип зависит от варианта расчёта,,15768
2372,внутригородская территория города федерального значения муниципальный округ № 65,Санкт-Петербург,внутригородская территория,inner,90078,3,"Города, меньше продуктов",3,3,False,тип зависит от варианта расчёта,,192966
2373,внутригородская территория города федерального значения муниципальный округ Ланское,Санкт-Петербург,внутригородская территория,inner,90078,3,"Города, меньше продуктов",3,3,False,тип зависит от варианта расчёта,,70492
2374,внутригородская территория города федерального значения муниципальный округ Комендантский аэродром,Санкт-Петербург,внутригородская территория,inner,90078,3,"Города, меньше продуктов",3,3,False,тип зависит от варианта расчёта,,94942
2375,внутригородская территория города федерального значения муниципальный округ Озеро Долгое,Санкт-Петербург,внутригородская территория,inner,90078,3,"Города, меньше продуктов",3,3,False,тип зависит от варианта расчёта,,92049
2376,внутригородская территория города федерального значения муниципальный округ Юнтолово,Санкт-Петербург,внутригородская территория,inner,90078,3,"Города, меньше продуктов",3,3,False,тип зависит от варианта расчёта,,116010
2377,внутригородская территория города федерального значения муниципальный округ Коломяги,Санкт-Петербург,внутригородская территория,inner,90078,3,"Города, меньше продуктов",3,3,False,тип зависит от варианта расчёта,,120687
2378,внутригородская территория города федерального значения муниципальный округ Гражданка,Санкт-Петербург,внутригородская территория,inner,90078,3,"Города, меньше продуктов",3,3,False,тип зависит от варианта расчёта,,67695
2379,внутригородская территория города федерального значения муниципальный округ Академическое,Санкт-Петербург,внутригородская территория,inner,90078,3,"Города, меньше продуктов",3,3,False,тип зависит от варианта расчёта,,108752
2380,внутригородская территория города федерального значения муниципальный округ Финляндский округ,Санкт-Петербург,внутригородская территория,inner,90078,3,"Города, меньше продуктов",3,3,False,тип зависит от варианта расчёта,,72289
2381,внутригородская территория города федерального значения муниципальный округ № 21,Санкт-Петербург,внутригородская территория,inner,90078,3,"Города, меньше продуктов",3,3,False,тип зависит от варианта расчёта,,76632
2382,внутригородская территория города федерального значения муниципальный округ Пискаревка,Санкт-Петербург,внутригородская территория,inner,90078,3,"Города, меньше продуктов",3,3,False,тип зависит от варианта расчёта,,81762
2383,внутригородская территория города федерального значения муниципальный округ Северный,Санкт-Петербург,внутригородская территория,inner,90078,3,"Города, меньше продуктов",3,3,False,тип зависит от варианта расчёта,,48124
2384,внутригородская территория города федерального значения муниципальный округ Прометей,Санкт-Петербург,внутригородская территория,inner,90078,3,"Города, меньше продуктов",3,3,False,тип зависит от варианта расчёта,,76604
2385,внутригородская территория города федерального значения муниципальный округ Княжево,Санкт-Петербург,внутригородская территория,inner,90078,3,"Города, меньше продуктов",3,3,False,тип зависит от варианта расчёта,,59556
2386,внутригородская территория города федерального значения муниципальный округ Ульянка,Санкт-Петербург,внутригородская территория,inner,90078,3,"Города, меньше продуктов",3,3,False,тип зависит от варианта расчёта,,75894
2387,внутригородская территория города федерального значения муниципальный округ Дачное,Санкт-Петербург,внутригородская территория,inner,90078,3,"Города, меньше продуктов",3,3,False,тип зависит от варианта расчёта,,70236
2388,внутригородская территория города федерального значения муниципальный округ Автово,Санкт-Петербург,внутригородская территория,inner,90078,3,"Города, меньше продуктов",3,3,False,тип зависит от варианта расчёта,,42568
2389,внутригородская территория города федерального значения муниципальный округ Нарвский округ,Санкт-Петербург,внутригородская территория,inner,90078,3,"Города, меньше продуктов",3,3,False,тип зависит от варианта расчёта,,33248
2390,внутригородская территория города федерального значения муниципальный округ Красненькая речка,Санкт-Петербург,внутригородская территория,inner,90078,3,"Города, меньше продуктов",3,3,False,тип зависит от варианта расчёта,,38191
2391,внутригородская территория города федерального значения муниципальный округ Морские ворота,Санкт-Петербург,внутригородская территория,inner,90078,3,"Города, меньше продуктов",3,3,False,тип зависит от варианта расчёта,,10422
2392,внутригородская территория города федерального значения город Колпино,Санкт-Петербург,внутригородская территория,inner,90078,3,"Города, меньше продуктов",3,3,False,тип зависит от варианта расчёта,,146527
2393,внутригородская территория города федерального значения поселок Металлострой,Санкт-Петербург,внутригородская территория,inner,90078,3,"Города, меньше продуктов",3,3,False,тип зависит от варианта расчёта,,27500
2394,внутригородская территория города федерального значения поселок Петро-Славянка,Санкт-Петербург,внутригородская территория,inner,90078,3,"Города, меньше продуктов",3,3,False,тип зависит от варианта расчёта,,2122
2395,внутригородская территория города федерального значения поселок Понтонный,Санкт-Петербург,внутригородская территория,inner,90078,3,"Города, меньше продуктов",3,3,False,тип зависит от варианта расчёта,,8578
2397,внутригородская территория города федерального значения поселок Усть-Ижора,Санкт-Петербург,внутригородская территория,inner,90078,3,"Города, меньше продуктов",3,3,False,тип зависит от варианта расчёта,,2610
2398,внутригородская территория города федерального значения муниципальный округ Полюстрово,Санкт-Петербург,внутригородская территория,inner,90078,3,"Города, меньше продуктов",3,3,False,тип зависит от варианта расчёта,,76063
2399,внутригородская территория города федерального значения муниципальный округ Большая Охта,Санкт-Петербург,внутригородская территория,inner,90078,3,"Города, меньше продуктов",3,3,False,тип зависит от варианта расчёта,,58004
2400,внутригородская территория города федерального значения муниципальный округ Малая Охта,Санкт-Петербург,внутригородская территория,inner,90078,3,"Города, меньше продуктов",3,3,False,тип зависит от варианта расчёта,,43238
2401,внутригородская территория города федерального значения муниципальный округ Пороховые,Санкт-Петербург,внутригородская территория,inner,90078,3,"Города, меньше продуктов",3,3,False,тип зависит от варианта расчёта,,128453
2402,внутригородская территория города федерального значения муниципальный округ Ржевка,Санкт-Петербург,внутригородская территория,inner,90078,3,"Города, меньше продуктов",3,3,False,тип зависит от варианта расчёта,,61165
2403,внутригородская территория города федерального значения город Красное Село,Санкт-Петербург,внутригородская территория,inner,90078,3,"Города, меньше продуктов",3,3,False,тип зависит от варианта расчёта,,60734
2404,внутригородская территория города федерального значения муниципальный округ Юго-Запад,Санкт-Петербург,внутригородская территория,inner,90078,3,"Города, меньше продуктов",3,3,False,тип зависит от варианта расчёта,,58336
2405,внутригородская территория города федерального значения муниципальный округ Южно-Приморский,Санкт-Петербург,внутригородская территория,inner,90078,3,"Города, меньше продуктов",3,3,False,тип зависит от варианта расчёта,,129299
2406,внутригородская территория города федерального значения муниципальный округ Сосновая поляна,Санкт-Петербург,внутригородская территория,inner,90078,3,"Города, меньше продуктов",3,3,False,тип зависит от варианта расчёта,,75050
2407,внутригородская территория города федерального значения муниципальный округ Урицк,Санкт-Петербург,внутригородская территория,inner,90078,3,"Города, меньше продуктов",3,3,False,тип зависит от варианта расчёта,,50120
2408,внутригородская территория города федерального значения муниципальный округ Константиновское,Санкт-Петербург,внутригородская территория,inner,90078,3,"Города, меньше продуктов",3,3,False,тип зависит от варианта расчёта,,35428
2409,внутригородская территория города федерального значения муниципальный округ Горелово,Санкт-Петербург,внутригородская территория,inner,90078,3,"Города, меньше продуктов",3,3,False,тип зависит от варианта расчёта,,28856
2410,внутригородская территория города федерального значения город Кронштадт,Санкт-Петербург,внутригородская территория,inner,90078,3,"Города, меньше продуктов",3,3,False,тип зависит от варианта расчёта,,44585
2411,внутригородская территория города федерального значения город Зеленогорск,Санкт-Петербург,внутригородская территория,inner,90078,3,"Города, меньше продуктов",3,3,False,тип зависит от варианта расчёта,,15515
2412,внутригородская территория города федерального значения город Сестрорецк,Санкт-Петербург,внутригородская территория,inner,90078,3,"Города, меньше продуктов",3,3,False,тип зависит от варианта расчёта,,46120
2416,внутригородская территория города федерального значения поселок Песочный,Санкт-Петербург,внутригородская территория,inner,90078,3,"Города, меньше продуктов",3,3,False,тип зависит от варианта расчёта,,9923
2422,внутригородская территория города федерального значения город Ломоносов,Санкт-Петербург,внутригородская территория,inner,90078,3,"Города, меньше продуктов",3,3,False,тип зависит от варианта расчёта,,38518
2423,внутригородская территория города федерального значения муниципальный округ Московская застава,Санкт-Петербург,внутригородская территория,inner,90078,3,"Города, меньше продуктов",3,3,False,тип зависит от варианта расчёта,,44964
2424,внутригородская территория города федерального значения муниципальный округ Гагаринское,Санкт-Петербург,внутригородская территория,inner,90078,3,"Города, меньше продуктов",3,3,False,тип зависит от варианта расчёта,,65619
2425,внутригородская территория города федерального значения муниципальный округ Новоизмайловское,Санкт-Петербург,внутригородская территория,inner,90078,3,"Города, меньше продуктов",3,3,False,тип зависит от варианта расчёта,,83301
2426,внутригородская территория города федерального значения муниципальный округ Пулковский меридиан,Санкт-Петербург,внутригородская территория,inner,90078,3,"Города, меньше продуктов",3,3,False,тип зависит от варианта расчёта,,45642
2427,внутригородская территория города федерального значения муниципальный округ Звездное,Санкт-Петербург,внутригородская территория,inner,90078,3,"Города, меньше продуктов",3,3,False,тип зависит от варианта расчёта,,94022
2428,внутригородская территория города федерального значения муниципальный округ Невская застава,Санкт-Петербург,внутригородская территория,inner,90078,3,"Города, меньше продуктов",3,3,False,тип зависит от варианта расчёта,,28246
2429,внутригородская территория города федерального значения муниципальный округ Ивановский,Санкт-Петербург,внутригородская территория,inner,90078,3,"Города, меньше продуктов",3,3,False,тип зависит от варианта расчёта,,27336
2430,внутригородская территория города федерального значения муниципальный округ Обуховский,Санкт-Петербург,внутригородская территория,inner,90078,3,"Города, меньше продуктов",3,3,False,тип зависит от варианта расчёта,,57118
2431,внутригородская территория города федерального значения муниципальный округ Рыбацкое,Санкт-Петербург,внутригородская территория,inner,90078,3,"Города, меньше продуктов",3,3,False,тип зависит от варианта расчёта,,70734
2432,внутригородская территория города федерального значения муниципальный округ Народный,Санкт-Петербург,внутригородская территория,inner,90078,3,"Города, меньше продуктов",3,3,False,тип зависит от варианта расчёта,,80486
2433,внутригородская территория города федерального значения муниципальный округ № 54,Санкт-Петербург,внутригородская территория,inner,90078,3,"Города, меньше продуктов",3,3,False,тип зависит от варианта расчёта,,67898
2434,внутригородская территория города федерального значения муниципальный округ Невский округ,Санкт-Петербург,внутригородская территория,inner,90078,3,"Города, меньше продуктов",3,3,False,тип зависит от варианта расчёта,,70036
2435,внутригородская территория города федерального значения муниципальный округ Оккервиль,Санкт-Петербург,внутригородская территория,inner,90078,3,"Города, меньше продуктов",3,3,False,тип зависит от варианта расчёта,,62212
2436,внутригородская территория города федерального значения муниципальный округ Правобережный,Санкт-Петербург,внутригородская территория,inner,90078,3,"Города, меньше продуктов",3,3,False,тип зависит от варианта расчёта,,88790
2437,внутригородская территория города федерального значения город Павловск,Санкт-Петербург,внутригородская территория,inner,90078,3,"Города, меньше продуктов",3,3,False,тип зависит от варианта расчёта,,18291
2439,внутригородская территория города федерального значения муниципальный округ Введенский,Санкт-Петербург,внутригородская территория,inner,90078,3,"Города, меньше продуктов",3,3,False,тип зависит от варианта расчёта,,15620
2440,внутригородская территория города федерального значения муниципальный округ Кронверкское,Санкт-Петербург,внутригородская территория,inner,90078,3,"Города, меньше продуктов",3,3,False,тип зависит от варианта расчёта,,16689
2441,внутригородская территория города федерального значения муниципальный округ Посадский,Санкт-Петербург,внутригородская территория,inner,90078,3,"Города, меньше продуктов",3,3,False,тип зависит от варианта расчёта,,15971
2442,внутригородская территория города федерального значения муниципальный округ Аптекарский остров,Санкт-Петербург,внутригородская территория,inner,90078,3,"Города, меньше продуктов",3,3,False,тип зависит от варианта расчёта,,20838
2443,внутригородская территория города федерального значения муниципальный округ округ Петровский,Санкт-Петербург,внутригородская территория,inner,90078,3,"Города, меньше продуктов",3,3,False,тип зависит от варианта расчёта,,17692
2444,внутригородская территория города федерального значения муниципальный округ Чкаловское,Санкт-Петербург,внутригородская территория,inner,90078,3,"Города, меньше продуктов",3,3,False,тип зависит от варианта расчёта,,29954
2445,внутригородская территория города федерального значения город Петергоф,Санкт-Петербург,внутригородская территория,inner,90078,3,"Города, меньше продуктов",3,3,False,тип зависит от варианта расчёта,,81056
2446,внутригородская территория города федерального значения поселок Стрельна,Санкт-Петербург,внутригородская территория,inner,90078,3,"Города, меньше продуктов",3,3,False,тип зависит от варианта расчёта,,14460
2447,внутригородская территория города федерального значения город Пушкин,Санкт-Петербург,внутригородская территория,inner,90078,3,"Города, меньше продуктов",3,3,False,тип зависит от варианта расчёта,,108720
2448,внутригородская территория города федерального значения поселок Александровская,Санкт-Петербург,внутригородская территория,inner,90078,3,"Города, меньше продуктов",3,3,False,тип зависит от варианта расчёта,,3162
2449,внутригородская территория города федерального значения поселок Шушары,Санкт-Петербург,внутригородская территория,inner,90078,3,"Города, меньше продуктов",3,3,False,тип зависит от варианта расчёта,,141874
2450,внутригородская территория города федерального значения муниципальный округ Волковское,Санкт-Петербург,внутригородская территория,inner,90078,3,"Города, меньше продуктов",3,3,False,тип зависит от варианта расчёта,,61208
2451,внутригородская территория города федерального значения муниципальный округ № 72,Санкт-Петербург,внутригородская территория,inner,90078,3,"Города, меньше продуктов",3,3,False,тип зависит от варианта расчёта,,67580
2452,внутригородская территория города федерального значения муниципальный округ Купчино,Санкт-Петербург,внутригородская территория,inner,90078,3,"Города, меньше продуктов",3,3,False,тип зависит от варианта расчёта,,55876
2453,внутригородская территория города федерального значения муниципальный округ Георгиевский,Санкт-Петербург,внутригородская территория,inner,90078,3,"Города, меньше продуктов",3,3,False,тип зависит от варианта расчёта,,91956
2454,внутригородская территория города федерального значения муниципальный округ № 75,Санкт-Петербург,внутригородская территория,inner,90078,3,"Города, меньше продуктов",3,3,False,тип зависит от варианта расчёта,,62401
2455,внутригородская территория города федерального значения муниципальный округ Балканский,Санкт-Петербург,внутригородская территория,inner,90078,3,"Города, меньше продуктов",3,3,False,тип зависит от варианта расчёта,,73674
2456,внутригородская территория города федерального значения муниципальный округ Дворцовый округ,Санкт-Петербург,внутригородская территория,inner,90078,3,"Города, меньше продуктов",3,3,False,тип зависит от варианта расчёта,,7280
2457,внутригородская территория города федерального значения муниципальный округ № 78,Санкт-Петербург,внутригородская территория,inner,90078,3,"Города, меньше продуктов",3,3,False,тип зависит от варианта расчёта,,8968
2458,внутригородская территория города федерального значения муниципальный округ Литейный округ,Санкт-Петербург,внутригородская территория,inner,90078,3,"Города, меньше продуктов",3,3,False,тип зависит от варианта расчёта,,39766
2459,внутригородская территория города федерального значения муниципальный округ Смольнинское,Санкт-Петербург,внутригородская территория,inner,90078,3,"Города, меньше продуктов",3,3,False,тип зависит от варианта расчёта,,73498
2460,внутригородская территория города федерального значения муниципальный округ Лиговка-Ямская,Санкт-Петербург,внутригородская территория,inner,90078,3,"Города, меньше продуктов",3,3,False,тип зависит от варианта расчёта,,19480
2461,внутригородская территория города федерального значения муниципальный округ Владимирский округ,Санкт-Петербург,внутригородская территория,inner,90078,3,"Города, меньше продуктов",3,3,False,тип зависит от варианта расчёта,,49744
2462,внутригородская территория города федерального значения муниципальный округ Богородское,Москва,внутригородская территория,inner,90077,3,"Города, меньше продуктов",3,3,False,тип зависит от варианта расчёта,,108239
2463,внутригородская территория города федерального значения муниципальный округ Вешняки,Москва,внутригородская территория,inner,90077,3,"Города, меньше продуктов",3,3,False,тип зависит от варианта расчёта,,120336
2464,внутригородская территория города федерального значения муниципальный округ Восточное Измайлово,Москва,внутригородская территория,inner,90077,3,"Города, меньше продуктов",3,3,False,тип зависит от варианта расчёта,,74028
2465,внутригородская территория города федерального значения муниципальный округ Восточный,Москва,внутригородская территория,inner,90077,3,"Города, меньше продуктов",3,3,False,тип зависит от варианта расчёта,,12532
2466,внутригородская территория города федерального значения муниципальный округ Гольяново,Москва,внутригородская территория,inner,90077,3,"Города, меньше продуктов",3,3,False,тип зависит от варианта расчёта,,164510
2467,внутригородская территория города федерального значения муниципальный округ Ивановское,Москва,внутригородская территория,inner,90077,3,"Города, меньше продуктов",3,3,False,тип зависит от варианта расчёта,,125136
2468,внутригородская территория города федерального значения муниципальный округ Измайлово,Москва,внутригородская территория,inner,90077,3,"Города, меньше продуктов",3,3,False,тип зависит от варианта расчёта,,109498
2469,внутригородская территория города федерального значения муниципальный округ Косино-Ухтомский,Москва,внутригородская территория,inner,90077,3,"Города, меньше продуктов",3,3,False,тип зависит от варианта расчёта,,89822
2470,внутригородская территория города федерального значения муниципальный округ Новогиреево,Москва,внутригородская территория,inner,90077,3,"Города, меньше продуктов",3,3,False,тип зависит от варианта расчёта,,99627
2471,внутригородская территория города федерального значения муниципальный округ Новокосино,Москва,внутригородская территория,inner,90077,3,"Города, меньше продуктов",3,3,False,тип зависит от варианта расчёта,,107970
2472,внутригородская территория города федерального значения муниципальный округ Метрогородок,Москва,внутригородская территория,inner,90077,3,"Города, меньше продуктов",3,3,False,тип зависит от варианта расчёта,,40460
2473,внутригородская территория города федерального значения муниципальный округ Перово,Москва,внутригородская территория,inner,90077,3,"Города, меньше продуктов",3,3,False,тип зависит от варианта расчёта,,133894
2474,внутригородская территория города федерального значения муниципальный округ Северное Измайлово,Москва,внутригородская территория,inner,90077,3,"Города, меньше продуктов",3,3,False,тип зависит от варианта расчёта,,85202
2475,внутригородская территория города федерального значения муниципальный округ Соколиная гора,Москва,внутригородская территория,inner,90077,3,"Города, меньше продуктов",3,3,False,тип зависит от варианта расчёта,,93382
2476,внутригородская территория города федерального значения муниципальный округ Сокольники,Москва,внутригородская территория,inner,90077,3,"Города, меньше продуктов",3,3,False,тип зависит от варианта расчёта,,60624
2477,внутригородская территория города федерального значения муниципальный округ Преображенское,Москва,внутригородская территория,inner,90077,3,"Города, меньше продуктов",3,3,False,тип зависит от варианта расчёта,,88704
2478,внутригородская территория города федерального значения муниципальный округ Внуково,Москва,внутригородская территория,inner,90077,3,"Города, меньше продуктов",3,3,False,тип зависит от варианта расчёта,,25182
2479,внутригородская территория города федерального значения муниципальный округ Дорогомилово,Москва,внутригородская территория,inner,90077,3,"Города, меньше продуктов",3,3,False,тип зависит от варианта расчёта,,76120
2480,внутригородская территория города федерального значения муниципальный округ Крылатское,Москва,внутригородская территория,inner,90077,3,"Города, меньше продуктов",3,3,False,тип зависит от варианта расчёта,,82914
2481,внутригородская территория города федерального значения муниципальный округ Кунцево,Москва,внутригородская территория,inner,90077,3,"Города, меньше продуктов",3,3,False,тип зависит от варианта расчёта,,151809
2482,внутригородская территория города федерального значения муниципальный округ Можайский,Москва,внутригородская территория,inner,90077,3,"Города, меньше продуктов",3,3,False,тип зависит от варианта расчёта,,146314
2483,внутригородская территория города федерального значения муниципальный округ Ново-Переделкино,Москва,внутригородская территория,inner,90077,3,"Города, меньше продуктов",3,3,False,тип зависит от варианта расчёта,,121900
2484,внутригородская территория города федерального значения муниципальный округ Очаково-Матвеевское,Москва,внутригородская территория,inner,90077,3,"Города, меньше продуктов",3,3,False,тип зависит от варианта расчёта,,126883
2485,внутригородская территория города федерального значения муниципальный округ Проспект Вернадского,Москва,внутригородская территория,inner,90077,3,"Города, меньше продуктов",3,3,False,тип зависит от варианта расчёта,,65614
2486,внутригородская территория города федерального значения муниципальный округ Раменки,Москва,внутригородская территория,inner,90077,3,"Города, меньше продуктов",3,3,False,тип зависит от варианта расчёта,,153107
2487,внутригородская территория города федерального значения муниципальный округ Солнцево,Москва,внутригородская территория,inner,90077,3,"Города, меньше продуктов",3,3,False,тип зависит от варианта расчёта,,131960
2488,внутригородская территория города федерального значения муниципальный округ Тропарево-Никулино,Москва,внутригородская территория,inner,90077,3,"Города, меньше продуктов",3,3,False,тип зависит от варианта расчёта,,128648
2489,внутригородская территория города федерального значения муниципальный округ Филевский парк,Москва,внутригородская территория,inner,90077,3,"Города, меньше продуктов",3,3,False,тип зависит от варианта расчёта,,112396
2490,внутригородская территория города федерального значения муниципальный округ Фили-Давыдково,Москва,внутригородская территория,inner,90077,3,"Города, меньше продуктов",3,3,False,тип зависит от варианта расчёта,,112342
2491,внутригородская территория города федерального значения муниципальный округ Крюково,Москва,внутригородская территория,inner,90077,3,"Города, меньше продуктов",3,3,False,тип зависит от варианта расчёта,,112870
2492,внутригородская территория города федерального значения муниципальный округ Матушкино,Москва,внутригородская территория,inner,90077,3,"Города, меньше продуктов",3,3,False,тип зависит от варианта расчёта,,41634
2493,внутригородская территория города федерального значения муниципальный округ Силино,Москва,внутригородская территория,inner,90077,3,"Города, меньше продуктов",3,3,False,тип зависит от варианта расчёта,,42009
2494,внутригородская территория города федерального значения муниципальный округ Аэропорт,Москва,внутригородская территория,inner,90077,3,"Города, меньше продуктов",3,3,False,тип зависит от варианта расчёта,,82318
2495,внутригородская территория города федерального значения муниципальный округ Беговой,Москва,внутригородская территория,inner,90077,3,"Города, меньше продуктов",3,3,False,тип зависит от варианта расчёта,,43426
2496,внутригородская территория города федерального значения муниципальный округ Бескудниковский,Москва,внутригородская территория,inner,90077,3,"Города, меньше продуктов",3,3,False,тип зависит от варианта расчёта,,80772
2497,внутригородская территория города федерального значения муниципальный округ Войковский,Москва,внутригородская территория,inner,90077,3,"Города, меньше продуктов",3,3,False,тип зависит от варианта расчёта,,72380
2498,внутригородская территория города федерального значения муниципальный округ Восточное Дегунино,Москва,внутригородская территория,inner,90077,3,"Города, меньше продуктов",3,3,False,тип зависит от варианта расчёта,,101146
2499,внутригородская территория города федерального значения муниципальный округ Головинский,Москва,внутригородская территория,inner,90077,3,"Города, меньше продуктов",3,3,False,тип зависит от варианта расчёта,,108000
2500,внутригородская территория города федерального значения муниципальный округ Дмитровский,Москва,внутригородская территория,inner,90077,3,"Города, меньше продуктов",3,3,False,тип зависит от варианта расчёта,,104172
2501,внутригородская территория города федерального значения муниципальный округ Западное Дегунино,Москва,внутригородская территория,inner,90077,3,"Города, меньше продуктов",3,3,False,тип зависит от варианта расчёта,,85096
2502,внутригородская территория города федерального значения муниципальный округ Коптево,Москва,внутригородская территория,inner,90077,3,"Города, меньше продуктов",3,3,False,тип зависит от варианта расчёта,,104226
2503,внутригородская территория города федерального значения муниципальный округ Левобережный,Москва,внутригородская территория,inner,90077,3,"Города, меньше продуктов",3,3,False,тип зависит от варианта расчёта,,55996
2504,внутригородская территория города федерального значения муниципальный округ Молжаниновский,Москва,внутригородская территория,inner,90077,3,"Города, меньше продуктов",3,3,False,тип зависит от варианта расчёта,,14122
2505,внутригородская территория города федерального значения муниципальный округ Савеловский,Москва,внутригородская территория,inner,90077,3,"Города, меньше продуктов",3,3,False,тип зависит от варианта расчёта,,60648
2506,внутригородская территория города федерального значения муниципальный округ Сокол,Москва,внутригородская территория,inner,90077,3,"Города, меньше продуктов",3,3,False,тип зависит от варианта расчёта,,57947
2507,внутригородская территория города федерального значения муниципальный округ Тимирязевский,Москва,внутригородская территория,inner,90077,3,"Города, меньше продуктов",3,3,False,тип зависит от варианта расчёта,,83471
2508,внутригородская территория города федерального значения муниципальный округ Ховрино,Москва,внутригородская территория,inner,90077,3,"Города, меньше продуктов",3,3,False,тип зависит от варианта расчёта,,99140
2509,внутригородская территория города федерального значения муниципальный округ Хорошевский,Москва,внутригородская территория,inner,90077,3,"Города, меньше продуктов",3,3,False,тип зависит от варианта расчёта,,75970
2510,внутригородская территория города федерального значения муниципальный округ Алексеевский,Москва,внутригородская территория,inner,90077,3,"Города, меньше продуктов",3,3,False,тип зависит от варианта расчёта,,78529
2511,внутригородская территория города федерального значения муниципальный округ Алтуфьевский,Москва,внутригородская территория,inner,90077,3,"Города, меньше продуктов",3,3,False,тип зависит от варианта расчёта,,55874
2512,внутригородская территория города федерального значения муниципальный округ Бабушкинский,Москва,внутригородская территория,inner,90077,3,"Города, меньше продуктов",3,3,False,тип зависит от варианта расчёта,,89357
2513,внутригородская территория города федерального значения муниципальный округ Бибирево,Москва,внутригородская территория,inner,90077,3,"Города, меньше продуктов",3,3,False,тип зависит от варианта расчёта,,159087
2514,внутригородская территория города федерального значения муниципальный округ Бутырский,Москва,внутригородская территория,inner,90077,3,"Города, меньше продуктов",3,3,False,тип зависит от варианта расчёта,,71940
2515,внутригородская территория города федерального значения муниципальный округ Лианозово,Москва,внутригородская территория,inner,90077,3,"Города, меньше продуктов",3,3,False,тип зависит от варианта расчёта,,83932
2516,внутригородская территория города федерального значения муниципальный округ Лосиноостровский,Москва,внутригородская территория,inner,90077,3,"Города, меньше продуктов",3,3,False,тип зависит от варианта расчёта,,83458
2517,внутригородская территория города федерального значения муниципальный округ Марфино,Москва,внутригородская территория,inner,90077,3,"Города, меньше продуктов",3,3,False,тип зависит от варианта расчёта,,37146
2518,внутригородская территория города федерального значения муниципальный округ Марьина роща,Москва,внутригородская территория,inner,90077,3,"Города, меньше продуктов",3,3,False,тип зависит от варианта расчёта,,62371
2519,внутригородская территория города федерального значения муниципальный округ Останкинский,Москва,внутригородская территория,inner,90077,3,"Города, меньше продуктов",3,3,False,тип зависит от варианта расчёта,,65026
2520,внутригородская территория города федерального значения муниципальный округ Отрадное,Москва,внутригородская территория,inner,90077,3,"Города, меньше продуктов",3,3,False,тип зависит от варианта расчёта,,188084
2521,внутригородская территория города федерального значения муниципальный округ Ростокино,Москва,внутригородская территория,inner,90077,3,"Города, меньше продуктов",3,3,False,тип зависит от варианта расчёта,,52309
2522,внутригородская территория города федерального значения муниципальный округ Свиблово,Москва,внутригородская территория,inner,90077,3,"Города, меньше продуктов",3,3,False,тип зависит от варианта расчёта,,60225
2523,внутригородская территория города федерального значения муниципальный округ Северное Медведково,Москва,внутригородская территория,inner,90077,3,"Города, меньше продуктов",3,3,False,тип зависит от варианта расчёта,,130175
2524,внутригородская территория города федерального значения муниципальный округ Северный,Москва,внутригородская территория,inner,90077,3,"Города, меньше продуктов",3,3,False,тип зависит от варианта расчёта,,56138
2525,внутригородская территория города федерального значения муниципальный округ Южное Медведково,Москва,внутригородская территория,inner,90077,3,"Города, меньше продуктов",3,3,False,тип зависит от варианта расчёта,,88486
2526,внутригородская территория города федерального значения муниципальный округ Ярославский,Москва,внутригородская территория,inner,90077,3,"Города, меньше продуктов",3,3,False,тип зависит от варианта расчёта,,99130
2527,внутригородская территория города федерального значения муниципальный округ Куркино,Москва,внутригородская территория,inner,90077,3,"Города, меньше продуктов",3,3,False,тип зависит от варианта расчёта,,33487
2528,внутригородская территория города федерального значения муниципальный округ Митино,Москва,внутригородская территория,inner,90077,3,"Города, меньше продуктов",3,3,False,тип зависит от варианта расчёта,,198552
2529,внутригородская территория города федерального значения муниципальный округ Покровское-Стрешнево,Москва,внутригородская территория,inner,90077,3,"Города, меньше продуктов",3,3,False,тип зависит от варианта расчёта,,68026
2530,внутригородская территория города федерального значения муниципальный округ Северное Тушино,Москва,внутригородская территория,inner,90077,3,"Города, меньше продуктов",3,3,False,тип зависит от варианта расчёта,,172360
2531,внутригородская территория города федерального значения муниципальный округ Строгино,Москва,внутригородская территория,inner,90077,3,"Города, меньше продуктов",3,3,False,тип зависит от варианта расчёта,,162980
2532,внутригородская территория города федерального значения муниципальный округ Хорошево-Мневники,Москва,внутригородская территория,inner,90077,3,"Города, меньше продуктов",3,3,False,тип зависит от варианта расчёта,,183087
2533,внутригородская территория города федерального значения муниципальный округ Щукино,Москва,внутригородская территория,inner,90077,3,"Города, меньше продуктов",3,3,False,тип зависит от варианта расчёта,,111244
2534,внутригородская территория города федерального значения муниципальный округ Южное Тушино,Москва,внутригородская территория,inner,90077,3,"Города, меньше продуктов",3,3,False,тип зависит от варианта расчёта,,113314
2535,внутригородская территория города федерального значения муниципальный округ Арбат,Москва,внутригородская территория,inner,90077,3,"Города, меньше продуктов",3,3,False,тип зависит от варианта расчёта,,36594
2536,внутригородская территория города федерального значения муниципальный округ Басманный,Москва,внутригородская территория,inner,90077,3,"Города, меньше продуктов",3,3,False,тип зависит от варианта расчёта,,111804
2537,внутригородская территория города федерального значения муниципальный округ Замоскворечье,Москва,внутригородская территория,inner,90077,3,"Города, меньше продуктов",3,3,False,тип зависит от варианта расчёта,,55762
2538,внутригородская территория города федерального значения муниципальное образование Савелки,Москва,внутригородская территория,inner,90077,3,"Города, меньше продуктов",3,3,False,тип зависит от варианта расчёта,,37404
2539,внутригородская территория города федерального значения муниципальный округ Красносельский,Москва,внутригородская территория,inner,90077,3,"Города, меньше продуктов",3,3,False,тип зависит от варианта расчёта,,46096
2540,внутригородская территория города федерального значения муниципальный округ Мещанский,Москва,внутригородская территория,inner,90077,3,"Города, меньше продуктов",3,3,False,тип зависит от варианта расчёта,,55652
2541,внутригородская территория города федерального значения муниципальный округ Пресненский,Москва,внутригородская территория,inner,90077,3,"Города, меньше продуктов",3,3,False,тип зависит от варианта расчёта,,128274
2542,внутригородская территория города федерального значения муниципальный округ Таганский,Москва,внутригородская территория,inner,90077,3,"Города, меньше продуктов",3,3,False,тип зависит от варианта расчёта,,134647
2543,внутригородская территория города федерального значения муниципальный округ Тверской,Москва,внутригородская территория,inner,90077,3,"Города, меньше продуктов",3,3,False,тип зависит от варианта расчёта,,76312
2544,внутригородская территория города федерального значения муниципальный округ Хамовники,Москва,внутригородская территория,inner,90077,3,"Города, меньше продуктов",3,3,False,тип зависит от варианта расчёта,,106554
2545,внутригородская территория города федерального значения муниципальный округ Якиманка,Москва,внутригородская территория,inner,90077,3,"Города, меньше продуктов",3,3,False,тип зависит от варианта расчёта,,27219
2546,внутригородская территория города федерального значения муниципальный округ Выхино-Жулебино,Москва,внутригородская территория,inner,90077,3,"Города, меньше продуктов",3,3,False,тип зависит от варианта расчёта,,241851
2547,внутригородская территория города федерального значения муниципальный округ Капотня,Москва,внутригородская территория,inner,90077,3,"Города, меньше продуктов",3,3,False,тип зависит от варианта расчёта,,32144
2548,внутригородская территория города федерального значения муниципальный округ Кузьминки,Москва,внутригородская территория,inner,90077,3,"Города, меньше продуктов",3,3,False,тип зависит от варианта расчёта,,140309
2549,внутригородская территория города федерального значения муниципальный округ Лефортово,Москва,внутригородская территория,inner,90077,3,"Города, меньше продуктов",3,3,False,тип зависит от варианта расчёта,,111437
2550,внутригородская территория города федерального значения муниципальный округ Люблино,Москва,внутригородская территория,inner,90077,3,"Города, меньше продуктов",3,3,False,тип зависит от варианта расчёта,,184678
2551,внутригородская территория города федерального значения муниципальный округ Марьино,Москва,внутригородская территория,inner,90077,3,"Города, меньше продуктов",3,3,False,тип зависит от варианта расчёта,,272870
2552,внутригородская территория города федерального значения муниципальный округ Некрасовка,Москва,внутригородская территория,inner,90077,3,"Города, меньше продуктов",3,3,False,тип зависит от варианта расчёта,,114354
2553,внутригородская территория города федерального значения муниципальный округ Нижегородский,Москва,внутригородская территория,inner,90077,3,"Города, меньше продуктов",3,3,False,тип зависит от варианта расчёта,,51376
2554,внутригородская территория города федерального значения муниципальный округ Печатники,Москва,внутригородская территория,inner,90077,3,"Города, меньше продуктов",3,3,False,тип зависит от варианта расчёта,,90036
2555,внутригородская территория города федерального значения муниципальный округ Рязанский,Москва,внутригородская территория,inner,90077,3,"Города, меньше продуктов",3,3,False,тип зависит от варианта расчёта,,109270
2556,внутригородская территория города федерального значения муниципальный округ Текстильщики,Москва,внутригородская территория,inner,90077,3,"Города, меньше продуктов",3,3,False,тип зависит от варианта расчёта,,101790
2557,внутригородская территория города федерального значения муниципальный округ Южнопортовый,Москва,внутригородская территория,inner,90077,3,"Города, меньше продуктов",3,3,False,тип зависит от варианта расчёта,,73216
2558,внутригородская территория города федерального значения муниципальный округ Академический,Москва,внутригородская территория,inner,90077,3,"Города, меньше продуктов",3,3,False,тип зависит от варианта расчёта,,114580
2559,внутригородская территория города федерального значения муниципальный округ Гагаринский,Москва,внутригородская территория,inner,90077,3,"Города, меньше продуктов",3,3,False,тип зависит от варианта расчёта,,80352
2560,внутригородская территория города федерального значения муниципальный округ Зюзино,Москва,внутригородская территория,inner,90077,3,"Города, меньше продуктов",3,3,False,тип зависит от варианта расчёта,,123830
2561,внутригородская территория города федерального значения муниципальный округ Коньково,Москва,внутригородская территория,inner,90077,3,"Города, меньше продуктов",3,3,False,тип зависит от варианта расчёта,,153324
2562,внутригородская территория города федерального значения муниципальный округ Котловка,Москва,внутригородская территория,inner,90077,3,"Города, меньше продуктов",3,3,False,тип зависит от варианта расчёта,,66006
2563,внутригородская территория города федерального значения муниципальный округ Ломоносовский,Москва,внутригородская территория,inner,90077,3,"Города, меньше продуктов",3,3,False,тип зависит от варианта расчёта,,86956
2564,внутригородская территория города федерального значения муниципальный округ Обручевский,Москва,внутригородская территория,inner,90077,3,"Города, меньше продуктов",3,3,False,тип зависит от варианта расчёта,,89283
2565,внутригородская территория города федерального значения муниципальный округ Северное Бутово,Москва,внутригородская территория,inner,90077,3,"Города, меньше продуктов",3,3,False,тип зависит от варианта расчёта,,97446
2566,внутригородская территория города федерального значения муниципальный округ Теплый Стан,Москва,внутригородская территория,inner,90077,3,"Города, меньше продуктов",3,3,False,тип зависит от варианта расчёта,,132650
2567,внутригородская территория города федерального значения муниципальный округ Черемушки,Москва,внутригородская территория,inner,90077,3,"Города, меньше продуктов",3,3,False,тип зависит от варианта расчёта,,108285
2568,внутригородская территория города федерального значения муниципальный округ Южное Бутово,Москва,внутригородская территория,inner,90077,3,"Города, меньше продуктов",3,3,False,тип зависит от варианта расчёта,,196573
2569,внутригородская территория города федерального значения муниципальный округ Ясенево,Москва,внутригородская территория,inner,90077,3,"Города, меньше продуктов",3,3,False,тип зависит от варианта расчёта,,176567
2570,внутригородская территория города федерального значения муниципальный округ Бирюлево Восточное,Москва,внутригородская территория,inner,90077,3,"Города, меньше продуктов",3,3,False,тип зависит от варианта расчёта,,155960
2571,внутригородская территория города федерального значения муниципальный округ Бирюлево Западное,Москва,внутригородская территория,inner,90077,3,"Города, меньше продуктов",3,3,False,тип зависит от варианта расчёта,,85109
2572,внутригородская территория города федерального значения муниципальный округ Братеево,Москва,внутригородская территория,inner,90077,3,"Города, меньше продуктов",3,3,False,тип зависит от варианта расчёта,,100776
2573,внутригородская территория города федерального значения муниципальный округ Даниловский,Москва,внутригородская территория,inner,90077,3,"Города, меньше продуктов",3,3,False,тип зависит от варианта расчёта,,104495
2574,внутригородская территория города федерального значения муниципальный округ Донской,Москва,внутригородская территория,inner,90077,3,"Города, меньше продуктов",3,3,False,тип зависит от варианта расчёта,,51246
2575,внутригородская территория города федерального значения муниципальный округ Зябликово,Москва,внутригородская территория,inner,90077,3,"Города, меньше продуктов",3,3,False,тип зависит от варианта расчёта,,133654
2576,внутригородская территория города федерального значения муниципальный округ Москворечье-Сабурово,Москва,внутригородская территория,inner,90077,3,"Города, меньше продуктов",3,3,False,тип зависит от варианта расчёта,,87406
2577,внутригородская территория города федерального значения муниципальный округ Нагатино-Садовники,Москва,внутригородская территория,inner,90077,3,"Города, меньше продуктов",3,3,False,тип зависит от варианта расчёта,,83592
2578,внутригородская территория города федерального значения муниципальный округ Нагатинский затон,Москва,внутригородская территория,inner,90077,3,"Города, меньше продуктов",3,3,False,тип зависит от варианта расчёта,,121095
2579,внутригородская территория города федерального значения муниципальный округ Нагорный,Москва,внутригородская территория,inner,90077,3,"Города, меньше продуктов",3,3,False,тип зависит от варианта расчёта,,76544
2580,внутригородская территория города федерального значения муниципальный округ Орехово-Борисово Северное,Москва,внутригородская территория,inner,90077,3,"Города, меньше продуктов",3,3,False,тип зависит от варианта расчёта,,124478
2581,внутригородская территория города федерального значения муниципальный округ Орехово-Борисово Южное,Москва,внутригородская территория,inner,90077,3,"Города, меньше продуктов",3,3,False,тип зависит от варианта расчёта,,146737
2582,внутригородская территория города федерального значения муниципальный округ Царицыно,Москва,внутригородская территория,inner,90077,3,"Города, меньше продуктов",3,3,False,тип зависит от варианта расчёта,,118494
2583,внутригородская территория города федерального значения муниципальный округ Чертаново Северное,Москва,внутригородская территория,inner,90077,3,"Города, меньше продуктов",3,3,False,тип зависит от варианта расчёта,,109634
2584,внутригородская территория города федерального значения муниципальный округ Чертаново Центральное,Москва,внутригородская территория,inner,90077,3,"Города, меньше продуктов",3,3,False,тип зависит от варианта расчёта,,111782
2585,внутригородская территория города федерального значения муниципальный округ Чертаново Южное,Москва,внутригородская территория,inner,90077,3,"Города, меньше продуктов",3,3,False,тип зависит от варианта расчёта,,156135
2586,внутригородская территория города федерального значения муниципальный округ Старое Крюково,Москва,внутригородская территория,inner,90077,3,"Города, меньше продуктов",3,3,False,тип зависит от варианта расчёта,,39426
2587,внутригородская территория города федерального значения городской округ Троицк,Москва,внутригородская территория,inner,90077,3,"Города, меньше продуктов",3,3,False,тип зависит от варианта расчёта,,99496
2588,внутригородская территория города федерального значения городской округ Щербинка,Москва,внутригородская территория,inner,90077,3,"Города, меньше продуктов",3,3,False,тип зависит от варианта расчёта,,99547
2589,внутригородская территория города федерального значения поселение Внуковское,Москва,внутригородская территория,inner,90077,3,"Города, меньше продуктов",3,3,False,тип зависит от варианта расчёта,,96386
2590,внутригородская территория города федерального значения поселение Воскресенское,Москва,внутригородская территория,inner,90077,3,"Города, меньше продуктов",3,3,False,тип зависит от варианта расчёта,,19919
2591,внутригородская территория города федерального значения поселение Вороновское,Москва,внутригородская территория,inner,90077,3,"Города, меньше продуктов",3,3,False,тип зависит от варианта расчёта,,21171
2592,внутригородская территория города федерального значения поселение Десеновское,Москва,внутригородская территория,inner,90077,3,"Города, меньше продуктов",3,3,False,тип зависит от варианта расчёта,,47195
2593,внутригородская территория города федерального значения поселение Киевский,Москва,внутригородская территория,inner,90077,3,"Города, меньше продуктов",3,3,False,тип зависит от варианта расчёта,,12040
2594,внутригородская территория города федерального значения поселение Кленовское,Москва,внутригородская территория,inner,90077,3,"Города, меньше продуктов",3,3,False,тип зависит от варианта расчёта,,5747
2595,внутригородская территория города федерального значения поселение Кокошкино,Москва,внутригородская территория,inner,90077,3,"Города, меньше продуктов",3,3,False,тип зависит от варианта расчёта,,21756
2596,внутригородская территория города федерального значения поселение Краснопахорское,Москва,внутригородская территория,inner,90077,3,"Города, меньше продуктов",3,3,False,тип зависит от варианта расчёта,,24582
2597,внутригородская территория города федерального значения поселение Марушкинское,Москва,внутригородская территория,inner,90077,3,"Города, меньше продуктов",3,3,False,тип зависит от варианта расчёта,,16230
2598,внутригородская территория города федерального значения поселение Михайлово-Ярцевское,Москва,внутригородская территория,inner,90077,3,"Города, меньше продуктов",3,3,False,тип зависит от варианта расчёта,,9107
2599,внутригородская территория города федерального значения поселение Московский,Москва,внутригородская территория,inner,90077,3,"Города, меньше продуктов",3,3,False,тип зависит от варианта расчёта,,114244
2600,"внутригородская территория города федерального значения поселение Мосрентген""""",Москва,внутригородская территория,inner,90077,3,"Города, меньше продуктов",3,3,False,тип зависит от варианта расчёта,,21590
2601,внутригородская территория города федерального значения поселение Новофедоровское,Москва,внутригородская территория,inner,90077,3,"Города, меньше продуктов",3,3,False,тип зависит от варианта расчёта,,23187
2602,внутригородская территория города федерального значения поселение Первомайское,Москва,внутригородская территория,inner,90077,3,"Города, меньше продуктов",3,3,False,тип зависит от варианта расчёта,,27069
2603,внутригородская территория города федерального значения поселение Роговское,Москва,внутригородская территория,inner,90077,3,"Города, меньше продуктов",3,3,False,тип зависит от варианта расчёта,,6688
2604,внутригородская территория города федерального значения поселение Рязановское,Москва,внутригородская территория,inner,90077,3,"Города, меньше продуктов",3,3,False,тип зависит от варианта расчёта,,33033
2605,внутригородская территория города федерального значения поселение Сосенское,Москва,внутригородская территория,inner,90077,3,"Города, меньше продуктов",3,3,False,тип зависит от варианта расчёта,,122303
2606,внутригородская территория города федерального значения поселение Филимонковское,Москва,внутригородская территория,inner,90077,3,"Города, меньше продуктов",3,3,False,тип зависит от варианта расчёта,,77688
2607,внутригородская территория города федерального значения поселение Щаповское,Москва,внутригородская территория,inner,90077,3,"Города, меньше продуктов",3,3,False,тип зависит от варианта расчёта,,13360
64,Куюргазинский муниципальный район,Республика Башкортостан,муниципальный район,untyped,,,,,,,,"ряд трат неполный — есть 17 из 24 месяцев, с пропусками",20471
85,городской округ город Северобайкальск,Республика Бурятия,городской округ,untyped,,,,,,,,ряд трат неполный — есть 12 из 24 месяцев,24340
86,Баргузинский муниципальный район,Республика Бурятия,муниципальный район,untyped,,,,,,,,ряд трат неполный — есть 12 из 24 месяцев,19584
87,Баунтовский эвенкийский муниципальный район,Республика Бурятия,муниципальный район,untyped,,,,,,,,ряд трат неполный — есть 12 из 24 месяцев,7945
88,Бичурский муниципальный район,Республика Бурятия,муниципальный район,untyped,,,,,,,,ряд трат неполный — есть 12 из 24 месяцев,20826
89,Джидинский муниципальный район,Республика Бурятия,муниципальный район,untyped,,,,,,,,ряд трат неполный — есть 12 из 24 месяцев,21155
90,Еравнинский муниципальный район,Республика Бурятия,муниципальный район,untyped,,,,,,,,ряд трат неполный — есть 12 из 24 месяцев,16448
91,Заиграевский муниципальный район,Республика Бурятия,муниципальный район,untyped,,,,,,,,ряд трат неполный — есть 12 из 24 месяцев,50607
92,Закаменский муниципальный район,Республика Бурятия,муниципальный район,untyped,,,,,,,,ряд трат неполный — есть 12 из 24 месяцев,23555
93,Иволгинский муниципальный район,Республика Бурятия,муниципальный район,untyped,,,,,,,,ряд трат неполный — есть 12 из 24 месяцев,69756
94,Кабанский муниципальный район,Республика Бурятия,муниципальный район,untyped,,,,,,,,ряд трат неполный — есть 12 из 24 месяцев,50630
95,Кижингинский муниципальный район,Республика Бурятия,муниципальный район,untyped,,,,,,,,ряд трат неполный — есть 12 из 24 месяцев,14168
96,Курумканский муниципальный район,Республика Бурятия,муниципальный район,untyped,,,,,,,,ряд трат неполный — есть 12 из 24 месяцев,12809
97,Кяхтинский муниципальный район,Республика Бурятия,муниципальный район,untyped,,,,,,,,ряд трат неполный — есть 12 из 24 месяцев,31266
98,Муйский муниципальный район,Республика Бурятия,муниципальный район,untyped,,,,,,,,ряд трат неполный — есть 12 из 24 месяцев,8570
99,Мухоршибирский муниципальный район,Республика Бурятия,муниципальный район,untyped,,,,,,,,ряд трат неполный — есть 12 из 24 месяцев,21379
100,Окинский муниципальный район,Республика Бурятия,муниципальный район,untyped,,,,,,,,"ряд трат неполный — есть 11 из 24 месяцев, с пропусками",5349
101,Прибайкальский муниципальный район,Республика Бурятия,муниципальный район,untyped,,,,,,,,ряд трат неполный — есть 12 из 24 месяцев,23701
102,Северо-Байкальский муниципальный район,Республика Бурятия,муниципальный район,untyped,,,,,,,,ряд трат неполный — есть 12 из 24 месяцев,10074
103,Селенгинский муниципальный район,Республика Бурятия,муниципальный район,untyped,,,,,,,,ряд трат неполный — есть 12 из 24 месяцев,40426
104,Тарбагатайский муниципальный район,Республика Бурятия,муниципальный район,untyped,,,,,,,,ряд трат неполный — есть 12 из 24 месяцев,27330
105,Тункинский муниципальный район,Республика Бурятия,муниципальный район,untyped,,,,,,,,ряд трат неполный — есть 12 из 24 месяцев,20261
106,Хоринский муниципальный район,Республика Бурятия,муниципальный район,untyped,,,,,,,,ряд трат неполный — есть 12 из 24 месяцев,15992
107,городской округ город Махачкала,Республика Дагестан,городской округ,untyped,,,,,,,,ряд трат неполный — есть 12 из 24 месяцев,759490
108,городской округ город Буйнакск,Республика Дагестан,городской округ,untyped,,,,,,,,ряд трат неполный — есть 12 из 24 месяцев,69554
109,городской округ город Дагестанские Огни,Республика Дагестан,городской округ,untyped,,,,,,,,"ряд трат неполный — есть 8 из 24 месяцев, с пропусками",32330
111,городской округ город Избербаш,Республика Дагестан,городской округ,untyped,,,,,,,,ряд трат неполный — есть 12 из 24 месяцев,58322
113,городской округ город Кизилюрт,Республика Дагестан,городской округ,untyped,,,,,,,,ряд трат неполный — есть 12 из 24 месяцев,50403
114,городской округ город Кизляр,Республика Дагестан,городской округ,untyped,,,,,,,,ряд трат неполный — есть 12 из 24 месяцев,53441
116,городской округ город Южно-Сухокумск,Республика Дагестан,городской округ,untyped,,,,,,,,ряд трат неполный — есть 6 из 24 месяцев,10618
121,Бабаюртовский муниципальный район,Республика Дагестан,муниципальный район,untyped,,,,,,,,ряд трат неполный — есть 1 из 24 месяцев,53972
140,Кумторкалинский муниципальный район,Республика Дагестан,муниципальный район,untyped,,,,,,,,ряд трат неполный — есть 6 из 24 месяцев,29603
142,Новолакский муниципальный район,Республика Дагестан,муниципальный район,untyped,,,,,,,,ряд трат неполный — есть 2 из 24 месяцев,34467
143,Ногайский муниципальный район,Республика Дагестан,муниципальный район,untyped,,,,,,,,ряд трат неполный — есть 5 из 24 месяцев,17417
145,Сергокалинский муниципальный район,Республика Дагестан,муниципальный район,untyped,,,,,,,,ряд трат неполный — есть 2 из 24 месяцев,26678
158,городской округ город Магас,Республика Ингушетия,городской округ,untyped,,,,,,,,ряд трат неполный — есть 12 из 24 месяцев,18521
160,городской округ город Назрань,Республика Ингушетия,городской округ,untyped,,,,,,,,ряд трат неполный — есть 12 из 24 месяцев,126292
172,Лескенский муниципальный район,Кабардино-Балкарская Республика,муниципальный район,untyped,,,,,,,,ряд трат неполный — есть 1 из 24 месяцев,31459
174,Прохладненский муниципальный район,Кабардино-Балкарская Республика,муниципальный район,untyped,,,,,,,,ряд трат неполный — есть 18 из 24 месяцев,50296
176,Терский муниципальный район,Кабардино-Балкарская Республика,муниципальный район,untyped,,,,,,,,"ряд трат неполный — есть 21 из 24 месяцев, с пропусками",53495
177,Урванский муниципальный район,Кабардино-Балкарская Республика,муниципальный район,untyped,,,,,,,,ряд трат неполный — есть 12 из 24 месяцев,75928
178,Чегемский муниципальный район,Кабардино-Балкарская Республика,муниципальный район,untyped,,,,,,,,ряд трат неполный — есть 5 из 24 месяцев,78490
179,Эльбрусский муниципальный район,Кабардино-Балкарская Республика,муниципальный район,untyped,,,,,,,,"ряд трат неполный — есть 21 из 24 месяцев, с пропусками",39521
183,Кетченеровский муниципальный район,Республика Калмыкия,муниципальный район,untyped,,,,,,,,"ряд трат неполный — есть 7 из 24 месяцев, с пропусками",8592
186,Октябрьский муниципальный район,Республика Калмыкия,муниципальный район,untyped,,,,,,,,"ряд трат неполный — есть 21 из 24 месяцев, с пропусками",7620
187,Приютненский муниципальный район,Республика Калмыкия,муниципальный район,untyped,,,,,,,,ряд трат неполный — есть 3 из 24 месяцев,9439
189,Целинный муниципальный район,Республика Калмыкия,муниципальный район,untyped,,,,,,,,"ряд трат неполный — есть 12 из 24 месяцев, с пропусками",20238
190,Черноземельский муниципальный район,Республика Калмыкия,муниципальный район,untyped,,,,,,,,"ряд трат неполный — есть 18 из 24 месяцев, с пропусками",11805
192,Яшалтинский муниципальный район,Республика Калмыкия,муниципальный район,untyped,,,,,,,,"ряд трат неполный — есть 22 из 24 месяцев, с пропусками",14464
193,Яшкульский муниципальный район,Республика Калмыкия,муниципальный район,untyped,,,,,,,,"ряд трат неполный — есть 22 из 24 месяцев, с пропусками",15066
197,Адыге-Хабльский муниципальный район,Карачаево-Черкесская Республика,муниципальный район,untyped,,,,,,,,"ряд трат неполный — есть 21 из 24 месяцев, с пропусками",16370
200,Малокарачаевский муниципальный район,Карачаево-Черкесская Республика,муниципальный район,untyped,,,,,,,,"ряд трат неполный — есть 22 из 24 месяцев, с пропусками",42652
202,Прикубанский муниципальный район,Карачаево-Черкесская Республика,муниципальный район,untyped,,,,,,,,ряд трат неполный — есть 17 из 24 месяцев,30126
286,городской округ Саранск,Республика Мордовия,городской округ,untyped,,,,,,,,ряд трат неполный — есть 12 из 24 месяцев,338405
291,Большеигнатовский муниципальный район,Республика Мордовия,муниципальный район,untyped,,,,,,,,"ряд трат неполный — есть 19 из 24 месяцев, с пропусками",6717
299,Кочкуровский муниципальный район,Республика Мордовия,муниципальный район,untyped,,,,,,,,ряд трат неполный — есть 3 из 24 месяцев,9356
310,городской округ Жатай,Республика Саха (Якутия),городской округ,untyped,,,,,,,,ряд трат неполный — есть 8 из 24 месяцев,12156
311,Абыйский муниципальный район,Республика Саха (Якутия),муниципальный район,untyped,,,,,,,,"ряд трат неполный — есть 23 из 24 месяцев, с пропусками",3731
313,Аллаиховский муниципальный район,Республика Саха (Якутия),муниципальный район,untyped,,,,,,,,"ряд трат неполный — есть 15 из 24 месяцев, с пропусками",2326
315,Анабарский национальный (долгано-эвенкийский) муниципальный район,Республика Саха (Якутия),муниципальный район,untyped,,,,,,,,"ряд трат неполный — есть 22 из 24 месяцев, с пропусками",3478
322,Жиганский муниципальный район,Республика Саха (Якутия),муниципальный район,untyped,,,,,,,,"ряд трат неполный — есть 22 из 24 месяцев, с пропусками",4026
328,Момский муниципальный район,Республика Саха (Якутия),муниципальный район,untyped,,,,,,,,"ряд трат неполный — есть 22 из 24 месяцев, с пропусками",3854
344,Эвено-Бытантайский национальный муниципальный район,Республика Саха (Якутия),муниципальный район,untyped,,,,,,,,"ряд трат неполный — есть 10 из 24 месяцев, с пропусками",2964
350,Кировский муниципальный район,Республика Северная Осетия — Алания,муниципальный район,untyped,,,,,,,,ряд трат неполный — есть 1 из 24 месяцев,27871
353,Пригородный муниципальный район,Республика Северная Осетия — Алания,муниципальный район,untyped,,,,,,,,ряд трат неполный — есть 17 из 24 месяцев,100373
389,Рыбно-Слободский муниципальный район,Республика Татарстан,муниципальный район,untyped,,,,,,,,"ряд трат неполный — есть 23 из 24 месяцев, с пропусками",23726
394,Тукаевский муниципальный район,Республика Татарстан,муниципальный район,untyped,,,,,,,,ряд трат неполный — есть 3 из 24 месяцев,51857
406,Монгун-Тайгинский муниципальный район,Республика Тыва,муниципальный район,untyped,,,,,,,,ряд трат неполный — есть 1 из 24 месяцев,6015
409,Сут-Хольский муниципальный район,Республика Тыва,муниципальный район,untyped,,,,,,,,"ряд трат неполный — есть 21 из 24 месяцев, с пропусками",8004
415,Чаа-Хольский муниципальный район,Республика Тыва,муниципальный район,untyped,,,,,,,,"ряд трат неполный — есть 2 из 24 месяцев, с пропусками",5907
417,Эрзинский муниципальный район,Республика Тыва,муниципальный район,untyped,,,,,,,,"ряд трат неполный — есть 8 из 24 месяцев, с пропусками",8448
426,муниципальный округ Воткинский район,Удмуртская Республика,муниципальный округ,untyped,,,,,,,,"ряд трат неполный — есть 10 из 24 месяцев, с пропусками",23408
439,муниципальный округ Можгинский район,Удмуртская Республика,муниципальный округ,untyped,,,,,,,,ряд трат неполный — есть 3 из 24 месяцев,24393
461,городской округ город Грозный,Чеченская Республика,городской округ,untyped,,,,,,,,ряд трат неполный — есть 12 из 24 месяцев,366479
462,городской округ город Аргун,Чеченская Республика,городской округ,untyped,,,,,,,,ряд трат неполный — есть 6 из 24 месяцев,61459
466,Гудермесский муниципальный район,Чеченская Республика,муниципальный район,untyped,,,,,,,,ряд трат неполный — есть 4 из 24 месяцев,178116
469,Надтеречный муниципальный район,Чеченская Республика,муниципальный район,untyped,,,,,,,,"ряд трат неполный — есть 3 из 24 месяцев, с пропусками",65788
474,Урус-Мартановский муниципальный район,Чеченская Республика,муниципальный район,untyped,,,,,,,,ряд трат неполный — есть 2 из 24 месяцев,168318
483,Алатырский муниципальный округ,Чувашская Республика,муниципальный округ,untyped,,,,,,,,ряд трат неполный — есть 22 из 24 месяцев,13148
500,Шумерлинский муниципальный округ,Чувашская Республика,муниципальный округ,untyped,,,,,,,,"ряд трат неполный — есть 20 из 24 месяцев, с пропусками",7320
514,Алейский муниципальный район,Алтайский край,муниципальный район,untyped,,,,,,,,ряд трат неполный — есть 21 из 24 месяцев,13664
526,Заринский муниципальный район,Алтайский край,муниципальный район,untyped,,,,,,,,ряд трат неполный — есть 1 из 24 месяцев,12683
573,городской округ город Чита,Забайкальский край,городской округ,untyped,,,,,,,,ряд трат неполный — есть 12 из 24 месяцев,335111
576,Акшинский муниципальный район,Забайкальский край,муниципальный район,untyped,,,,,,,,ряд трат неполный — есть 12 из 24 месяцев,8362
577,Александрово-Заводский муниципальный район,Забайкальский край,муниципальный район,untyped,,,,,,,,ряд трат неполный — есть 12 из 24 месяцев,5738
590,Нерчинско-Заводский муниципальный район,Забайкальский край,муниципальный район,untyped,,,,,,,,ряд трат неполный — есть 12 из 24 месяцев,6782
597,Тунгокоченский муниципальный район,Забайкальский край,муниципальный район,untyped,,,,,,,,ряд трат неполный — есть 12 из 24 месяцев,9408
611,Быстринский муниципальный район,Камчатский край,муниципальный район,untyped,,,,,,,,"ряд трат неполный — есть 22 из 24 месяцев, с пропусками",2352
620,Пенжинский муниципальный район,Камчатский край,муниципальный район,untyped,,,,,,,,"ряд трат неполный — есть 5 из 24 месяцев, с пропусками",1932
681,городской округ поселок Кедровый,Красноярский край,городской округ,untyped,,,,,,,,"ряд трат неполный — есть 18 из 24 месяцев, с пропусками",3738
688,Боготольский муниципальный район,Красноярский край,муниципальный район,untyped,,,,,,,,ряд трат неполный — есть 4 из 24 месяцев,7577
700,Канский муниципальный район,Красноярский край,муниципальный район,untyped,,,,,,,,ряд трат неполный — есть 3 из 24 месяцев,21046
709,Назаровский муниципальный район,Красноярский край,муниципальный район,untyped,,,,,,,,"ряд трат неполный — есть 15 из 24 месяцев, с пропусками",20032
724,Шарыповский муниципальный округ,Красноярский край,муниципальный округ,untyped,,,,,,,,"ряд трат неполный — есть 21 из 24 месяцев, с пропусками",11314
850,Комсомольский муниципальный район,Хабаровский край,муниципальный район,untyped,,,,,,,,"ряд трат неполный — есть 10 из 24 месяцев, с пропусками",24332
858,Тугуро-Чумиканский муниципальный район,Хабаровский край,муниципальный район,untyped,,,,,,,,"ряд трат неполный — есть 19 из 24 месяцев, с пропусками",1856
862,городской округ город Белогорск,Амурская область,городской округ,untyped,,,,,,,,ряд трат неполный — есть 12 из 24 месяцев,60439
863,городской округ город Зея,Амурская область,городской округ,untyped,,,,,,,,ряд трат неполный — есть 12 из 24 месяцев,18578
864,городской округ город Райчихинск,Амурская область,городской округ,untyped,,,,,,,,ряд трат неполный — есть 12 из 24 месяцев,17139
865,городской округ город Свободный,Амурская область,городской округ,untyped,,,,,,,,ряд трат неполный — есть 12 из 24 месяцев,49231
866,городской округ город Тында,Амурская область,городской округ,untyped,,,,,,,,ряд трат неполный — есть 12 из 24 месяцев,27711
867,городской округ город Шимановск,Амурская область,городской округ,untyped,,,,,,,,ряд трат неполный — есть 12 из 24 месяцев,15974
868,городской округ рабочий поселок (поселок городского типа) Прогресс,Амурская область,городской округ,untyped,,,,,,,,ряд трат неполный — есть 12 из 24 месяцев,10816
887,Тамбовский муниципальный округ,Амурская область,муниципальный округ,untyped,,,,,,,,ряд трат неполный — есть 12 из 24 месяцев,20293
910,Пинежский муниципальный округ,Архангельская область,муниципальный округ,untyped,,,,,,,,ряд трат неполный — есть 12 из 24 месяцев,17517
921,Володарский муниципальный район,Астраханская область,муниципальный район,untyped,,,,,,,,"ряд трат неполный — есть 11 из 24 месяцев, с пропусками",44006
997,Ковровский муниципальный район,Владимирская область,муниципальный район,untyped,,,,,,,,"ряд трат неполный — есть 4 из 24 месяцев, с пропусками",29494
1022,Камышинский муниципальный район,Волгоградская область,муниципальный район,untyped,,,,,,,,"ряд трат неполный — есть 4 из 24 месяцев, с пропусками",40790
1043,Фроловский муниципальный район,Волгоградская область,муниципальный район,untyped,,,,,,,,"ряд трат неполный — есть 12 из 24 месяцев, с пропусками",13642
1162,Тулунский муниципальный район,Иркутская область,муниципальный район,untyped,,,,,,,,ряд трат неполный — есть 3 из 24 месяцев,18995
1177,городской округ Ладушкинский,Калининградская область,городской округ,untyped,,,,,,,,ряд трат неполный — есть 3 из 24 месяцев,3723
1182,городской округ Янтарный,Калининградская область,городской округ,untyped,,,,,,,,"ряд трат неполный — есть 23 из 24 месяцев, с пропусками",7202
1183,муниципальный округ Багратионовский,Калининградская область,муниципальный округ,untyped,,,,,,,,"ряд трат неполный — есть 20 из 24 месяцев, с пропусками",33044
1216,Перемышльский муниципальный район,Калужская область,муниципальный район,untyped,,,,,,,,"ряд трат неполный — есть 23 из 24 месяцев, с пропусками",14447
1245,Ленинск-Кузнецкий муниципальный округ,Кемеровская область,муниципальный округ,untyped,,,,,,,,"ряд трат неполный — есть 18 из 24 месяцев, с пропусками",21399
1247,Новокузнецкий муниципальный округ,Кемеровская область,муниципальный округ,untyped,,,,,,,,"ряд трат неполный — есть 19 из 24 месяцев, с пропусками",51873
1332,Шарьинский муниципальный район,Костромская область,муниципальный район,untyped,,,,,,,,"ряд трат неполный — есть 23 из 24 месяцев, с пропусками",7015
1342,Кетовский муниципальный округ,Курганская область,муниципальный округ,untyped,,,,,,,,"ряд трат неполный — есть 23 из 24 месяцев, с пропусками",55060
1354,Шадринский муниципальный округ,Курганская область,муниципальный округ,untyped,,,,,,,,"ряд трат неполный — есть 13 из 24 месяцев, с пропусками",24299
1424,Липецкий муниципальный район,Липецкая область,муниципальный район,untyped,,,,,,,,"ряд трат неполный — есть 10 из 24 месяцев, с пропусками",59960
1432,муниципальный округ Омсукчанский,Магаданская область,муниципальный округ,untyped,,,,,,,,"ряд трат неполный — есть 16 из 24 месяцев, с пропусками",4335
1433,муниципальный округ Северо-Эвенский,Магаданская область,муниципальный округ,untyped,,,,,,,,"ряд трат неполный — есть 9 из 24 месяцев, с пропусками",1482
1434,муниципальный округ Среднеканский,Магаданская область,муниципальный округ,untyped,,,,,,,,"ряд трат неполный — есть 22 из 24 месяцев, с пропусками",2146
1435,муниципальный округ Сусуманский,Магаданская область,муниципальный округ,untyped,,,,,,,,ряд трат неполный — есть 23 из 24 месяцев,6024
1436,муниципальный округ Тенькинский,Магаданская область,муниципальный округ,untyped,,,,,,,,"ряд трат неполный — есть 19 из 24 месяцев, с пропусками",2972
1437,муниципальный округ Хасынский,Магаданская область,муниципальный округ,untyped,,,,,,,,"ряд трат неполный — есть 22 из 24 месяцев, с пропусками",7020
1471,городской округ Павловский Посад,Московская область,городской округ,untyped,,,,,,,,ряд трат неполный — есть 12 из 24 месяцев,91858
1487,городской округ Электрогорск,Московская область,городской округ,untyped,,,,,,,,ряд трат неполный — есть 12 из 24 месяцев,29930
1576,Батецкий муниципальный район,Новгородская область,муниципальный район,untyped,,,,,,,,"ряд трат неполный — есть 9 из 24 месяцев, с пропусками",4784
1684,Бузулукский муниципальный район,Оренбургская область,муниципальный район,untyped,,,,,,,,"ряд трат неполный — есть 8 из 24 месяцев, с пропусками",30904
1695,Оренбургский муниципальный район,Оренбургская область,муниципальный район,untyped,,,,,,,,"ряд трат неполный — есть 10 из 24 месяцев, с пропусками",119530
1713,Дмитровский муниципальный район,Орловская область,муниципальный район,untyped,,,,,,,,"ряд трат неполный — есть 19 из 24 месяцев, с пропусками",10306
1716,Знаменский муниципальный район,Орловская область,муниципальный район,untyped,,,,,,,,ряд трат неполный — есть 3 из 24 месяцев,4250
1720,Корсаковский муниципальный район,Орловская область,муниципальный район,untyped,,,,,,,,"ряд трат неполный — есть 6 из 24 месяцев, с пропусками",3676
1721,Ливенский муниципальный район,Орловская область,муниципальный район,untyped,,,,,,,,"ряд трат неполный — есть 12 из 24 месяцев, с пропусками",25618
1723,Мценский муниципальный район,Орловская область,муниципальный район,untyped,,,,,,,,"ряд трат неполный — есть 10 из 24 месяцев, с пропусками",16323
1729,Сосковский муниципальный район,Орловская область,муниципальный район,untyped,,,,,,,,ряд трат неполный — есть 3 из 24 месяцев,5015
1763,Шемышейский муниципальный район,Пензенская область,муниципальный район,untyped,,,,,,,,"ряд трат неполный — есть 20 из 24 месяцев, с пропусками",14216
1767,Великолукский муниципальный район,Псковская область,муниципальный район,untyped,,,,,,,,"ряд трат неполный — есть 18 из 24 месяцев, с пропусками",18866
1772,Куньинский муниципальный район,Псковская область,муниципальный район,untyped,,,,,,,,ряд трат неполный — есть 3 из 24 месяцев,7294
1779,Палкинский муниципальный район,Псковская область,муниципальный район,untyped,,,,,,,,ряд трат неполный — есть 7 из 24 месяцев,7112
1789,Усвятский муниципальный район,Псковская область,муниципальный район,untyped,,,,,,,,"ряд трат неполный — есть 22 из 24 месяцев, с пропусками",4710
1847,городской округ город Сасово,Рязанская область,городской округ,untyped,,,,,,,,ряд трат неполный — есть 12 из 24 месяцев,21220
1882,городской округ Тольятти,Самарская область,городской округ,untyped,,,,,,,,ряд трат неполный — есть 12 из 24 месяцев,667956
1913,городской округ поселок Михайловский,Саратовская область,городской округ,untyped,,,,,,,,ряд трат неполный — есть 3 из 24 месяцев,2302
1964,городской округ Северо-Курильский,Сахалинская область,городской округ,untyped,,,,,,,,ряд трат неполный — есть 17 из 24 месяцев,2346
2016,городской округ Махнёвское,Свердловская область,городской округ,untyped,,,,,,,,ряд трат неполный — есть 16 из 24 месяцев,4656
2020,городской округ Верхнее Дуброво,Свердловская область,городской округ,untyped,,,,,,,,"ряд трат неполный — есть 18 из 24 месяцев, с пропусками",4572
2026,городской округ Верх-Нейвинский,Свердловская область,городской округ,untyped,,,,,,,,"ряд трат неполный — есть 14 из 24 месяцев, с пропусками",4358
2029,городской округ Горноуральский,Свердловская область,городской округ,untyped,,,,,,,,"ряд трат неполный — есть 16 из 24 месяцев, с пропусками",29087
2038,городской округ Староуткинск,Свердловская область,городской округ,untyped,,,,,,,,ряд трат неполный — есть 3 из 24 месяцев,2554
2083,Кирсановский муниципальный округ,Тамбовская область,муниципальный округ,untyped,,,,,,,,"ряд трат неполный — есть 17 из 24 месяцев, с пропусками",17637
2086,Моршанский муниципальный округ,Тамбовская область,муниципальный округ,untyped,,,,,,,,"ряд трат неполный — есть 16 из 24 месяцев, с пропусками",30536
2092,Рассказовский муниципальный округ,Тамбовская область,муниципальный округ,untyped,,,,,,,,ряд трат неполный — есть 8 из 24 месяцев,20117
2099,Уваровский муниципальный округ,Тамбовская область,муниципальный округ,untyped,,,,,,,,ряд трат неполный — есть 19 из 24 месяцев,9084
2166,городской округ рабочий поселок Новогуровский,Тульская область,городской округ,untyped,,,,,,,,"ряд трат неполный — есть 14 из 24 месяцев, с пропусками",3594
2170,городской округ Славный,Тульская область,городской округ,untyped,,,,,,,,"ряд трат неполный — есть 17 из 24 месяцев, с пропусками",1794
2209,Тобольский муниципальный район,Тюменская область,муниципальный район,untyped,,,,,,,,"ряд трат неполный — есть 11 из 24 месяцев, с пропусками",21524
2214,Ялуторовский муниципальный район,Тюменская область,муниципальный район,untyped,,,,,,,,ряд трат неполный — есть 4 из 24 месяцев,15965
2261,Мелекесский муниципальный район,Ульяновская область,муниципальный район,untyped,,,,,,,,ряд трат неполный — есть 3 из 24 месяцев,28902
2263,Новомалыклинский муниципальный район,Ульяновская область,муниципальный район,untyped,,,,,,,,"ряд трат неполный — есть 7 из 24 месяцев, с пропусками",11374
2273,Цильнинский муниципальный район,Ульяновская область,муниципальный район,untyped,,,,,,,,"ряд трат неполный — есть 21 из 24 месяцев, с пропусками",22862
2291,Агаповский муниципальный район,Челябинская область,муниципальный район,untyped,,,,,,,,"ряд трат неполный — есть 13 из 24 месяцев, с пропусками",31682
2346,городской округ Провиденский,Чукотский автономный округ,городской округ,untyped,,,,,,,,"ряд трат неполный — есть 12 из 24 месяцев, с пропусками",3647
2347,городской округ Певек,Чукотский автономный округ,городской округ,untyped,,,,,,,,ряд трат неполный — есть 12 из 24 месяцев,4681
3008,городской округ Химки,Московская область,городской округ,untyped,,,,,,,,ряд трат неполный — есть 12 из 24 месяцев,278703
3010,Тамбовский муниципальный округ,Тамбовская область,муниципальный округ,untyped,,,,,,,,ряд трат неполный — есть 12 из 24 месяцев,73744
3014,городской округ Павлово-Посадский,Московская область,городской округ,untyped,,,,,,,,ряд трат неполный — есть 10 из 24 месяцев,122505
3101,Сасовский муниципальный округ,Рязанская область,муниципальный округ,untyped,,,,,,,,ряд трат неполный — есть 10 из 24 месяцев,
