Sat Oct  3 13:11:07 RTZ 2026
2026-10-03 13:11:15,513 INFO munnet: Этап panel: собрать панель «МО × месяц × категория», справочник территорий и контекст
2026-10-03 13:11:18,517 INFO munnet.panel: панель: 2190 МО, 50521 МО-месяцев, 353647 строк
2026-10-03 13:11:21,165 INFO munnet.panel.territory: статус центра субъекта снят у 2 МО (в субъекте центр — городской округ): [{'territory_id': 1207, 'name': 'Кировский муниципальный район'}, {'territory_id': 2339, 'name': 'Биробиджанский муниципальный район'}]
2026-10-03 13:11:28,310 INFO munnet.panel: справочник: 2190 МО панели, 2660 полигонов
2026-10-03 13:11:29,078 INFO munnet.panel.context: БД ПМО Y48112027: 25356 строк верхнего уровня
2026-10-03 13:11:32,250 INFO munnet.panel.context: БД ПМО Y48423005: 396003 строк верхнего уровня
2026-10-03 13:11:35,606 INFO munnet.panel.context: БД ПМО Y48423006: 400638 строк верхнего уровня
2026-10-03 13:11:39,193 INFO munnet.panel.context: БД ПМО Y48423007: 488576 строк верхнего уровня
2026-10-03 13:11:39,773 INFO munnet.panel.context: БД ПМО Y48401003: 112298 строк верхнего уровня
2026-10-03 13:11:39,980 INFO munnet.panel.context: БД ПМО Y48401006: 26784 строк верхнего уровня
2026-10-03 13:11:40,475 INFO munnet.panel.context: БД ПМО Y48401011: 65913 строк верхнего уровня
2026-10-03 13:11:40,609 INFO munnet.panel.context: БД ПМО Y49010002: 12277 строк верхнего уровня
2026-10-03 13:11:40,739 INFO munnet.panel.context: БД ПМО Y49010003: 12285 строк верхнего уровня
2026-10-03 13:11:40,803 INFO munnet.panel.context: БД ПМО Y47000004: 4558 строк верхнего уровня
2026-10-03 13:11:40,920 INFO munnet.panel.context: БД ПМО Y48060002: 4696 строк верхнего уровня
2026-10-03 13:11:42,090 INFO munnet.panel.context: БД ПМО Y48109001: 178856 строк верхнего уровня
2026-10-03 13:11:44,664 INFO munnet.panel.context: БД ПМО Y48112014_2023: 819668 строк верхнего уровня
2026-10-03 13:11:47,279 INFO munnet.panel.context: БД ПМО Y48112014_2024: 809545 строк верхнего уровня
2026-10-03 13:11:53,199 INFO munnet.panel.ndfl: 5-НДФЛ income: 6091 строк МО-год
2026-10-03 13:11:53,200 INFO munnet.panel.ndfl: 5-НДФЛ recipients: 6030 строк МО-год
2026-10-03 13:11:53,200 INFO munnet.panel.ndfl: 5-НДФЛ: 3187 пар моста oktmo_stable
2026-10-03 13:12:00,042 INFO munnet.panel.context: население 2023: перенесено с 2022 года у 1 МО
2026-10-03 13:12:00,059 INFO munnet.panel.context: население 2024: перенесено с 2023 года у 28 МО
2026-10-03 13:12:00,256 INFO munnet.panel.crosswalk: год 2022: значение уже за объединённое МО (union_merged) у МО [772, 1248, 1524, 2877]
2026-10-03 13:12:00,442 INFO munnet.panel.crosswalk: год 2023: значение уже за объединённое МО (union_merged) у МО [1471]
2026-10-03 13:12:00,837 INFO munnet.panel.crosswalk: год 2022: значение уже за объединённое МО (union_merged) у МО [772, 1248, 1524, 2877]
2026-10-03 13:12:01,021 INFO munnet.panel.crosswalk: год 2023: значение уже за объединённое МО (union_merged) у МО [1471]
2026-10-03 13:12:01,269 INFO munnet.panel.context: 5-НДФЛ: получатели с дефектом источника (recipients_jump) у 43 МО-лет срезов
2026-10-03 13:12:01,429 WARNING munnet.panel.context: доля горожан вне [0; 1] у 1 МО-лет — пропуск
2026-10-03 13:12:01,590 INFO munnet.panel.context: 5-НДФЛ: ndfl_ok по соседнему году (получатели своего года — дефект) у 33 МО-лет
2026-10-03 13:12:02,102 INFO munnet.panel: контекст: 121301 значений, 10457 потерь
2026-10-03 13:12:05,121 INFO munnet.panel.ndfl: 5-НДФЛ, города целиком: 6 строк (45000000)
2026-10-03 13:12:12,485 INFO munnet.panel: этап panel готов за 55.0 с; мягких расхождений: 0; выходы: data\processed, outputs\panel
2026-10-03 13:12:12,504 INFO munnet: Этап eda: разведочный анализ: графики, таблицы и отчёт docs/eda.md
2026-10-03 13:12:27,928 INFO munnet.eda: Раздел e1 «Что есть в данных»: 10.3 с
2026-10-03 13:12:38,431 INFO munnet.eda: Раздел e2 «Сколько тратят и от чего это зависит»: 10.5 с
2026-10-03 13:12:38,811 INFO munnet.eda.s3_rhythm: E3: устойчивый свой ритм у 314 МО из 2016 (15.6%, на нуле 1.5%), доля общего ритма 0.731
2026-10-03 13:12:46,061 INFO munnet.eda: Раздел e3 «Годовой ритм»: 7.6 с
2026-10-03 13:12:49,053 INFO munnet.eda: Раздел e4 «Корзина и маркетплейсы»: 2.9 с
2026-10-03 13:12:51,541 INFO munnet.eda: Раздел e5 «Экономика места»: 2.4 с
2026-10-03 13:12:56,074 INFO munnet.eda.synthesis: Сводка: own_reliable — флаг, η² и I Морана не считаются
2026-10-03 13:12:56,628 INFO munnet.eda.synthesis: Сводка: 17 показателей МО, 16 в T13
2026-10-03 13:12:58,185 INFO munnet.nodes: узлы: соединение «траты районов × население, узел 90077»: 3476 строк -> 3476
2026-10-03 13:12:58,320 INFO munnet.nodes: узел-город Москва (90077): 146 районов
2026-10-03 13:12:58,328 INFO munnet.nodes: узлы: соединение «траты районов × население, узел 90078»: 2388 строк -> 2388
2026-10-03 13:12:58,437 INFO munnet.nodes: узел-город Санкт-Петербург (90078): 101 районов
2026-10-03 13:12:58,638 INFO munnet.nodes: узлы (collapse): 1945 узлов, из них узлов-городов 2; МО панели 2190, исключено 0
2026-10-03 13:13:04,406 INFO munnet.eda: Отчёт: docs\eda.md
2026-10-03 13:13:04,409 INFO munnet: Этап features: признаки узлов для сети (этап 2)
2026-10-03 13:13:04,652 INFO munnet.nodes: узлы: соединение «траты районов × население, узел 90077»: 3476 строк -> 3476
2026-10-03 13:13:04,807 INFO munnet.nodes: узел-город Москва (90077): 146 районов
2026-10-03 13:13:04,816 INFO munnet.nodes: узлы: соединение «траты районов × население, узел 90078»: 2388 строк -> 2388
2026-10-03 13:13:04,936 INFO munnet.nodes: узел-город Санкт-Петербург (90078): 101 районов
2026-10-03 13:13:05,155 INFO munnet.nodes: узлы (collapse): 1945 узлов, из них узлов-городов 2; МО панели 2190, исключено 0
2026-10-03 13:13:05,483 INFO munnet.features: features: режим узлов collapse, узлов сети 1776 из 1945 (ряд не короче 24 мес.)
2026-10-03 13:13:05,757 INFO munnet.features: корзина по месяцам: мультипликативная замена долей < 0.001 у 1 узло-месяцев
2026-10-03 13:13:13,132 INFO munnet.features_report: features: отчёт docs\features.md
2026-10-03 13:13:13,132 INFO munnet.features: features: ami_region = 0.004793 (сверка: 0.005, разница -0.0002071; черновик 26.09: 0.004)
2026-10-03 13:13:13,132 INFO munnet.features: features: ari_years = 0.3172 (сверка: 0.317, разница +0.0001563; черновик 26.09: 0.32)
2026-10-03 13:13:13,132 INFO munnet.features: features: moved_share = 0.2331 (сверка: 0.233, разница +0.0001081; черновик 26.09: 0.228)
2026-10-03 13:13:13,132 INFO munnet.features: features: noise_share = 0.07714 (сверка: 0.077, разница +0.0001396; черновик 26.09: 0.075)
2026-10-03 13:13:13,132 INFO munnet.features: features: offline_2023 = 722 (сверка: 722, разница +0; черновик 26.09: 720.0)
2026-10-03 13:13:13,132 INFO munnet.features: features: offline_2024 = 18 (сверка: 18, разница +0; черновик 26.09: 17.0)
2026-10-03 13:13:13,132 INFO munnet.features: features: tree_kappa = 0.3147 (сверка: 0.315, разница -0.000292; черновик 26.09: 0.31)
2026-10-03 13:13:13,132 INFO munnet.features: features: tree_kappa_clean = 0.1209 (сверка: 0.121, разница -7.646e-05; черновик 26.09: —)
2026-10-03 13:13:13,133 INFO munnet.features: features: выходы — data\processed/features_*.parquet, outputs\features
2026-10-03 13:13:13,137 INFO munnet: Этап network: построить рёбра по правилам из конфига
2026-10-03 13:13:14,504 INFO munnet.network.stage: network: 1776 узлов (режим collapse), исключено 169; корзина окна = features_windows (1e-15)
2026-10-03 13:13:17,040 INFO munnet.network.geo: дороги (railway): 1319314 повторных записей пар схлопнуто (пары в обе стороны)
2026-10-03 13:13:22,677 INFO munnet.network.stage: network: правило basket_cos (basket_cosine)
2026-10-03 13:13:31,167 INFO munnet.network.stage: network: правило basket_dist (basket_distance)
2026-10-03 13:13:40,948 INFO munnet.network.stage: network: правило rhythm_corr (rhythm_corr)
2026-10-03 13:13:50,455 INFO munnet.network.stage: network: правило rhythm_corr_all (rhythm_corr)
2026-10-03 13:13:59,759 INFO munnet.network.stage: network: правило rhythm_lag (rhythm_lag)
2026-10-03 13:14:08,418 INFO munnet.network.stage: network: правило rhythm_dtw (rhythm_dtw)
2026-10-03 13:14:44,236 INFO munnet.network.stage: network: правило basket_dist_abs (basket_distance)
2026-10-03 13:14:53,373 INFO munnet.network.stage: network: правило rhythm_corr_rel (rhythm_corr)
2026-10-03 13:15:03,397 INFO munnet.network.stage: network: правило geo_gravity (gravity)
2026-10-03 13:15:07,925 INFO munnet.network.stage: network: чувствительность к k, способы разрежения, сходство правил между собой
2026-10-03 13:18:25,047 INFO munnet.network.stage: network: бутстрап месяцев для критериев выбора и допуска ничьей
2026-10-03 13:19:36,216 INFO munnet.network.stage: network: выбрано правило basket_dist; Парето-фронт ['basket_dist']; альтернативы ['rhythm_corr', 'geo_road']
2026-10-03 13:19:36,216 INFO munnet.network.stage: network: режимы узлов ['separate'] и окна динамики
2026-10-03 13:19:36,604 INFO munnet.nodes: узлы (separate): 2190 узлов, из них узлов-городов 0; МО панели 2190, исключено 0
2026-10-03 13:19:36,933 INFO munnet.network.data: network: режим узлов separate — 2016 узлов сети
2026-10-03 13:20:06,272 INFO munnet.network.report: network: отчёт docs\network.md
2026-10-03 13:20:06,272 INFO munnet.network.stage: network: выходы — data\processed/network_*.parquet, outputs\network; 413 с
2026-10-03 13:20:06,338 INFO munnet: Этап cluster: кластеризовать узлы сети разными методами
2026-10-03 13:20:08,109 INFO munnet.clustering.inputs: cluster: 1776 узлов, 12418 рёбер G, признаков X 11; пропуски заменены: {'urban_share_rel': 47, 'age_old_share_rel': 6, 'market_access_rel': 12}
2026-10-03 13:20:08,111 INFO munnet.clustering.stage: cluster: G — 12418 рёбер, компонент связности 1, веса True
2026-10-03 13:20:34,678 INFO munnet.clustering.compute: cluster[main]: параметры под K подобраны за 27 с
2026-10-03 13:21:01,305 INFO munnet.clustering.compute: cluster[main]: 87 кандидатов за 27 с
случайный базис s_dbw: 17 из 200 перестановок дали NaN
случайный базис s_dbw: 19 из 200 перестановок дали NaN
случайный базис s_dbw: 57 из 200 перестановок дали NaN
случайный базис s_dbw: 99 из 200 перестановок дали NaN
случайный базис s_dbw: 30 из 200 перестановок дали NaN
случайный базис s_dbw: 63 из 200 перестановок дали NaN
случайный базис s_dbw: 100 из 200 перестановок дали NaN
случайный базис s_dbw: 156 из 200 перестановок дали NaN
случайный базис s_dbw: 120 из 200 перестановок дали NaN
случайный базис s_dbw: 129 из 200 перестановок дали NaN
случайный базис s_dbw: 118 из 200 перестановок дали NaN
случайный базис s_dbw: 120 из 200 перестановок дали NaN
случайный базис s_dbw: 163 из 200 перестановок дали NaN
случайный базис s_dbw: 4 из 200 перестановок дали NaN
случайный базис s_dbw: 162 из 200 перестановок дали NaN
случайный базис s_dbw: 13 из 200 перестановок дали NaN
случайный базис s_dbw: 71 из 200 перестановок дали NaN
случайный базис s_dbw: 22 из 200 перестановок дали NaN
случайный базис s_dbw: 158 из 200 перестановок дали NaN
случайный базис s_dbw: 143 из 200 перестановок дали NaN
случайный базис s_dbw: 110 из 200 перестановок дали NaN
случайный базис s_dbw: 51 из 200 перестановок дали NaN
случайный базис s_dbw: 112 из 200 перестановок дали NaN
случайный базис s_dbw: 109 из 200 перестановок дали NaN
случайный базис s_dbw: 121 из 200 перестановок дали NaN
случайный базис s_dbw: 155 из 200 перестановок дали NaN
случайный базис s_dbw: 127 из 200 перестановок дали NaN
случайный базис s_dbw: 123 из 200 перестановок дали NaN
случайный базис s_dbw: 160 из 200 перестановок дали NaN
случайный базис s_dbw: 7 из 200 перестановок дали NaN
случайный базис s_dbw: 172 из 200 перестановок дали NaN
случайный базис s_dbw: 23 из 200 перестановок дали NaN
случайный базис s_dbw: 10 из 200 перестановок дали NaN
случайный базис s_dbw: 152 из 200 перестановок дали NaN
случайный базис s_dbw: 51 из 200 перестановок дали NaN
случайный базис s_dbw: 49 из 200 перестановок дали NaN
случайный базис s_dbw: 147 из 200 перестановок дали NaN
случайный базис s_dbw: 79 из 200 перестановок дали NaN
случайный базис s_dbw: 99 из 200 перестановок дали NaN
случайный базис s_dbw: 90 из 200 перестановок дали NaN
случайный базис s_dbw: 121 из 200 перестановок дали NaN
случайный базис s_dbw: 138 из 200 перестановок дали NaN
случайный базис s_dbw: 116 из 200 перестановок дали NaN
случайный базис s_dbw: 125 из 200 перестановок дали NaN
случайный базис s_dbw: 155 из 200 перестановок дали NaN
случайный базис s_dbw: 168 из 200 перестановок дали NaN
случайный базис s_dbw: 157 из 200 перестановок дали NaN
случайный базис s_dbw: 3 из 200 перестановок дали NaN
случайный базис s_dbw: 152 из 200 перестановок дали NaN
случайный базис s_dbw: 6 из 200 перестановок дали NaN
случайный базис s_dbw: 16 из 200 перестановок дали NaN
случайный базис s_dbw: 59 из 200 перестановок дали NaN
случайный базис s_dbw: 31 из 200 перестановок дали NaN
случайный базис s_dbw: 58 из 200 перестановок дали NaN
случайный базис s_dbw: 121 из 200 перестановок дали NaN
случайный базис s_dbw: 90 из 200 перестановок дали NaN
случайный базис s_dbw: 81 из 200 перестановок дали NaN
случайный базис s_dbw: 149 из 200 перестановок дали NaN
случайный базис s_dbw: 166 из 200 перестановок дали NaN
случайный базис s_dbw: 1 из 200 перестановок дали NaN
случайный базис s_dbw: 168 из 200 перестановок дали NaN
случайный базис s_dbw: 7 из 200 перестановок дали NaN
случайный базис s_dbw: 157 из 200 перестановок дали NaN
случайный базис s_dbw: 26 из 200 перестановок дали NaN
случайный базис s_dbw: 63 из 200 перестановок дали NaN
случайный базис s_dbw: 49 из 200 перестановок дали NaN
случайный базис s_dbw: 132 из 200 перестановок дали NaN
случайный базис s_dbw: 85 из 200 перестановок дали NaN
случайный базис s_dbw: 169 из 200 перестановок дали NaN
случайный базис s_dbw: 2 из 200 перестановок дали NaN
случайный базис s_dbw: 32 из 200 перестановок дали NaN
случайный базис s_dbw: 175 из 200 перестановок дали NaN
случайный базис s_dbw: 35 из 200 перестановок дали NaN
случайный базис s_dbw: 8 из 200 перестановок дали NaN
случайный базис s_dbw: 55 из 200 перестановок дали NaN
случайный базис s_dbw: 64 из 200 перестановок дали NaN
случайный базис s_dbw: 129 из 200 перестановок дали NaN
случайный базис s_dbw: 21 из 200 перестановок дали NaN
случайный базис s_dbw: 158 из 200 перестановок дали NaN
случайный базис s_dbw: 93 из 200 перестановок дали NaN
случайный базис s_dbw: 165 из 200 перестановок дали NaN
случайный базис s_dbw: 25 из 200 перестановок дали NaN
случайный базис s_dbw: 82 из 200 перестановок дали NaN
случайный базис s_dbw: 19 из 200 перестановок дали NaN
случайный базис s_dbw: 34 из 200 перестановок дали NaN
случайный базис s_dbw: 84 из 200 перестановок дали NaN
случайный базис s_dbw: 31 из 200 перестановок дали NaN
случайный базис s_dbw: 74 из 200 перестановок дали NaN
случайный базис s_dbw: 165 из 200 перестановок дали NaN
случайный базис s_dbw: 58 из 200 перестановок дали NaN
случайный базис s_dbw: 160 из 200 перестановок дали NaN
случайный базис s_dbw: 117 из 200 перестановок дали NaN
случайный базис s_dbw: 94 из 200 перестановок дали NaN
случайный базис s_dbw: 138 из 200 перестановок дали NaN
случайный базис s_dbw: 62 из 200 перестановок дали NaN
случайный базис s_dbw: 80 из 200 перестановок дали NaN
случайный базис s_dbw: 150 из 200 перестановок дали NaN
случайный базис s_dbw: 42 из 200 перестановок дали NaN
случайный базис s_dbw: 4 из 200 перестановок дали NaN
случайный базис s_dbw: 7 из 200 перестановок дали NaN
случайный базис s_dbw: 75 из 200 перестановок дали NaN
случайный базис s_dbw: 32 из 200 перестановок дали NaN
случайный базис s_dbw: 95 из 200 перестановок дали NaN
случайный базис s_dbw: 12 из 200 перестановок дали NaN
случайный базис s_dbw: 41 из 200 перестановок дали NaN
случайный базис s_dbw: 49 из 200 перестановок дали NaN
случайный базис s_dbw: 83 из 200 перестановок дали NaN
случайный базис s_dbw: 116 из 200 перестановок дали NaN
случайный базис s_dbw: 78 из 200 перестановок дали NaN
случайный базис s_dbw: 99 из 200 перестановок дали NaN
случайный базис s_dbw: 137 из 200 перестановок дали NaN
случайный базис s_dbw: 112 из 200 перестановок дали NaN
случайный базис s_dbw: 150 из 200 перестановок дали NaN
случайный базис s_dbw: 93 из 200 перестановок дали NaN
случайный базис s_dbw: 2 из 200 перестановок дали NaN
случайный базис s_dbw: 174 из 200 перестановок дали NaN
случайный базис s_dbw: 18 из 200 перестановок дали NaN
случайный базис s_dbw: 8 из 200 перестановок дали NaN
случайный базис s_dbw: 180 из 200 перестановок дали NaN
случайный базис s_dbw: 52 из 200 перестановок дали NaN
случайный базис s_dbw: 45 из 200 перестановок дали NaN
случайный базис s_dbw: 83 из 200 перестановок дали NaN
случайный базис s_dbw: 155 из 200 перестановок дали NaN
случайный базис s_dbw: 92 из 200 перестановок дали NaN
случайный базис s_dbw: 104 из 200 перестановок дали NaN
случайный базис s_dbw: 118 из 200 перестановок дали NaN
случайный базис s_dbw: 148 из 200 перестановок дали NaN
случайный базис s_dbw: 128 из 200 перестановок дали NaN
случайный базис s_dbw: 111 из 200 перестановок дали NaN
случайный базис s_dbw: 161 из 200 перестановок дали NaN
случайный базис s_dbw: 174 из 200 перестановок дали NaN
случайный базис s_dbw: 166 из 200 перестановок дали NaN
случайный базис s_dbw: 147 из 200 перестановок дали NaN
2026-10-03 13:21:36,338 INFO munnet.clustering.compute: cluster[main]: ICVI и случайный базис за 35 с
2026-10-03 13:24:38,844 INFO munnet.clustering.compute: cluster[main]: бутстрап 100 повторов за 183 с
случайный базис s_dbw: 3 из 200 перестановок дали NaN
случайный базис s_dbw: 43 из 200 перестановок дали NaN
случайный базис s_dbw: 86 из 200 перестановок дали NaN
случайный базис s_dbw: 53 из 200 перестановок дали NaN
случайный базис s_dbw: 163 из 200 перестановок дали NaN
случайный базис s_dbw: 21 из 200 перестановок дали NaN
случайный базис s_dbw: 174 из 200 перестановок дали NaN
случайный базис s_dbw: 5 из 200 перестановок дали NaN
случайный базис s_dbw: 56 из 200 перестановок дали NaN
случайный базис s_dbw: 143 из 200 перестановок дали NaN
случайный базис s_dbw: 6 из 200 перестановок дали NaN
случайный базис s_dbw: 22 из 200 перестановок дали NaN
случайный базис s_dbw: 85 из 200 перестановок дали NaN
случайный базис s_dbw: 161 из 200 перестановок дали NaN
случайный базис s_dbw: 122 из 200 перестановок дали NaN
случайный базис s_dbw: 86 из 200 перестановок дали NaN
случайный базис s_dbw: 3 из 200 перестановок дали NaN
случайный базис s_dbw: 38 из 200 перестановок дали NaN
случайный базис s_dbw: 169 из 200 перестановок дали NaN
случайный базис s_dbw: 71 из 200 перестановок дали NaN
случайный базис s_dbw: 70 из 200 перестановок дали NaN
случайный базис s_dbw: 165 из 200 перестановок дали NaN
случайный базис s_dbw: 2 из 200 перестановок дали NaN
случайный базис s_dbw: 52 из 200 перестановок дали NaN
случайный базис s_dbw: 73 из 200 перестановок дали NaN
случайный базис s_dbw: 23 из 200 перестановок дали NaN
случайный базис s_dbw: 158 из 200 перестановок дали NaN
случайный базис s_dbw: 10 из 200 перестановок дали NaN
случайный базис s_dbw: 143 из 200 перестановок дали NaN
случайный базис s_dbw: 130 из 200 перестановок дали NaN
случайный базис s_dbw: 170 из 200 перестановок дали NaN
случайный базис s_dbw: 66 из 200 перестановок дали NaN
случайный базис s_dbw: 5 из 200 перестановок дали NaN
случайный базис s_dbw: 70 из 200 перестановок дали NaN
случайный базис s_dbw: 158 из 200 перестановок дали NaN
случайный базис s_dbw: 24 из 200 перестановок дали NaN
случайный базис s_dbw: 68 из 200 перестановок дали NaN
случайный базис s_dbw: 129 из 200 перестановок дали NaN
случайный базис s_dbw: 72 из 200 перестановок дали NaN
случайный базис s_dbw: 164 из 200 перестановок дали NaN
случайный базис s_dbw: 99 из 200 перестановок дали NaN
случайный базис s_dbw: 156 из 200 перестановок дали NaN
случайный базис s_dbw: 1 из 200 перестановок дали NaN
случайный базис s_dbw: 39 из 200 перестановок дали NaN
случайный базис s_dbw: 56 из 200 перестановок дали NaN
случайный базис s_dbw: 9 из 200 перестановок дали NaN
случайный базис s_dbw: 164 из 200 перестановок дали NaN
случайный базис s_dbw: 48 из 200 перестановок дали NaN
случайный базис s_dbw: 73 из 200 перестановок дали NaN
случайный базис s_dbw: 158 из 200 перестановок дали NaN
случайный базис s_dbw: 167 из 200 перестановок дали NaN
случайный базис s_dbw: 23 из 200 перестановок дали NaN
случайный базис s_dbw: 1 из 200 перестановок дали NaN
случайный базис s_dbw: 166 из 200 перестановок дали NaN
случайный базис s_dbw: 23 из 200 перестановок дали NaN
случайный базис s_dbw: 12 из 200 перестановок дали NaN
случайный базис s_dbw: 133 из 200 перестановок дали NaN
случайный базис s_dbw: 77 из 200 перестановок дали NaN
случайный базис s_dbw: 82 из 200 перестановок дали NaN
случайный базис s_dbw: 1 из 200 перестановок дали NaN
случайный базис s_dbw: 126 из 200 перестановок дали NaN
случайный базис s_dbw: 84 из 200 перестановок дали NaN
случайный базис s_dbw: 64 из 200 перестановок дали NaN
случайный базис s_dbw: 161 из 200 перестановок дали NaN
случайный базис s_dbw: 48 из 200 перестановок дали NaN
случайный базис s_dbw: 162 из 200 перестановок дали NaN
случайный базис s_dbw: 142 из 200 перестановок дали NaN
случайный базис s_dbw: 157 из 200 перестановок дали NaN
случайный базис s_dbw: 4 из 200 перестановок дали NaN
случайный базис s_dbw: 89 из 200 перестановок дали NaN
случайный базис s_dbw: 1 из 200 перестановок дали NaN
случайный базис s_dbw: 42 из 200 перестановок дали NaN
случайный базис s_dbw: 61 из 200 перестановок дали NaN
случайный базис s_dbw: 8 из 200 перестановок дали NaN
случайный базис s_dbw: 162 из 200 перестановок дали NaN
случайный базис s_dbw: 19 из 200 перестановок дали NaN
случайный базис s_dbw: 167 из 200 перестановок дали NaN
случайный базис s_dbw: 103 из 200 перестановок дали NaN
случайный базис s_dbw: 15 из 200 перестановок дали NaN
случайный базис s_dbw: 132 из 200 перестановок дали NaN
случайный базис s_dbw: 6 из 200 перестановок дали NaN
случайный базис s_dbw: 66 из 200 перестановок дали NaN
случайный базис s_dbw: 160 из 200 перестановок дали NaN
случайный базис s_dbw: 141 из 200 перестановок дали NaN
случайный базис s_dbw: 2 из 200 перестановок дали NaN
случайный базис s_dbw: 88 из 200 перестановок дали NaN
случайный базис s_dbw: 172 из 200 перестановок дали NaN
случайный базис s_dbw: 41 из 200 перестановок дали NaN
случайный базис s_dbw: 64 из 200 перестановок дали NaN
случайный базис s_dbw: 77 из 200 перестановок дали NaN
случайный базис s_dbw: 5 из 200 перестановок дали NaN
случайный базис s_dbw: 48 из 200 перестановок дали NaN
случайный базис s_dbw: 167 из 200 перестановок дали NaN
случайный базис s_dbw: 167 из 200 перестановок дали NaN
случайный базис s_dbw: 15 из 200 перестановок дали NaN
случайный базис s_dbw: 57 из 200 перестановок дали NaN
случайный базис s_dbw: 165 из 200 перестановок дали NaN
случайный базис s_dbw: 153 из 200 перестановок дали NaN
случайный базис s_dbw: 25 из 200 перестановок дали NaN
случайный базис s_dbw: 84 из 200 перестановок дали NaN
случайный базис s_dbw: 59 из 200 перестановок дали NaN
случайный базис s_dbw: 137 из 200 перестановок дали NaN
случайный базис s_dbw: 162 из 200 перестановок дали NaN
случайный базис s_dbw: 12 из 200 перестановок дали NaN
случайный базис s_dbw: 164 из 200 перестановок дали NaN
случайный базис s_dbw: 6 из 200 перестановок дали NaN
случайный базис s_dbw: 61 из 200 перестановок дали NaN
случайный базис s_dbw: 138 из 200 перестановок дали NaN
случайный базис s_dbw: 3 из 200 перестановок дали NaN
случайный базис s_dbw: 82 из 200 перестановок дали NaN
случайный базис s_dbw: 82 из 200 перестановок дали NaN
случайный базис s_dbw: 41 из 200 перестановок дали NaN
случайный базис s_dbw: 160 из 200 перестановок дали NaN
случайный базис s_dbw: 62 из 200 перестановок дали NaN
случайный базис s_dbw: 158 из 200 перестановок дали NaN
случайный базис s_dbw: 8 из 200 перестановок дали NaN
случайный базис s_dbw: 1 из 200 перестановок дали NaN
случайный базис s_dbw: 162 из 200 перестановок дали NaN
случайный базис s_dbw: 153 из 200 перестановок дали NaN
случайный базис s_dbw: 91 из 200 перестановок дали NaN
случайный базис s_dbw: 56 из 200 перестановок дали NaN
случайный базис s_dbw: 68 из 200 перестановок дали NaN
случайный базис s_dbw: 19 из 200 перестановок дали NaN
случайный базис s_dbw: 26 из 200 перестановок дали NaN
случайный базис s_dbw: 171 из 200 перестановок дали NaN
случайный базис s_dbw: 24 из 200 перестановок дали NaN
случайный базис s_dbw: 170 из 200 перестановок дали NaN
случайный базис s_dbw: 5 из 200 перестановок дали NaN
случайный базис s_dbw: 128 из 200 перестановок дали NaN
случайный базис s_dbw: 130 из 200 перестановок дали NaN
случайный базис s_dbw: 62 из 200 перестановок дали NaN
случайный базис s_dbw: 72 из 200 перестановок дали NaN
случайный базис s_dbw: 73 из 200 перестановок дали NaN
случайный базис s_dbw: 91 из 200 перестановок дали NaN
случайный базис s_dbw: 52 из 200 перестановок дали NaN
случайный базис s_dbw: 169 из 200 перестановок дали NaN
случайный базис s_dbw: 175 из 200 перестановок дали NaN
случайный базис s_dbw: 160 из 200 перестановок дали NaN
случайный базис s_dbw: 158 из 200 перестановок дали NaN
случайный базис s_dbw: 89 из 200 перестановок дали NaN
случайный базис s_dbw: 165 из 200 перестановок дали NaN
2026-10-03 13:26:38,896 INFO munnet.clustering.compute: cluster[seed43]: параметры под K подобраны за 26 с
2026-10-03 13:27:06,332 INFO munnet.clustering.compute: cluster[seed43]: 87 кандидатов за 27 с
случайный базис s_dbw: 15 из 200 перестановок дали NaN
случайный базис s_dbw: 27 из 200 перестановок дали NaN
случайный базис s_dbw: 60 из 200 перестановок дали NaN
случайный базис s_dbw: 103 из 200 перестановок дали NaN
случайный базис s_dbw: 29 из 200 перестановок дали NaN
случайный базис s_dbw: 60 из 200 перестановок дали NaN
случайный базис s_dbw: 103 из 200 перестановок дали NaN
случайный базис s_dbw: 156 из 200 перестановок дали NaN
случайный базис s_dbw: 117 из 200 перестановок дали NaN
случайный базис s_dbw: 130 из 200 перестановок дали NaN
случайный базис s_dbw: 132 из 200 перестановок дали NaN
случайный базис s_dbw: 122 из 200 перестановок дали NaN
случайный базис s_dbw: 162 из 200 перестановок дали NaN
случайный базис s_dbw: 7 из 200 перестановок дали NaN
случайный базис s_dbw: 162 из 200 перестановок дали NaN
случайный базис s_dbw: 12 из 200 перестановок дали NaN
случайный базис s_dbw: 20 из 200 перестановок дали NaN
случайный базис s_dbw: 78 из 200 перестановок дали NaN
случайный базис s_dbw: 159 из 200 перестановок дали NaN
случайный базис s_dbw: 148 из 200 перестановок дали NaN
случайный базис s_dbw: 106 из 200 перестановок дали NaN
случайный базис s_dbw: 53 из 200 перестановок дали NaN
случайный базис s_dbw: 112 из 200 перестановок дали NaN
случайный базис s_dbw: 116 из 200 перестановок дали NaN
случайный базис s_dbw: 131 из 200 перестановок дали NaN
случайный базис s_dbw: 150 из 200 перестановок дали NaN
случайный базис s_dbw: 115 из 200 перестановок дали NaN
случайный базис s_dbw: 164 из 200 перестановок дали NaN
случайный базис s_dbw: 125 из 200 перестановок дали NaN
случайный базис s_dbw: 164 из 200 перестановок дали NaN
случайный базис s_dbw: 3 из 200 перестановок дали NaN
случайный базис s_dbw: 12 из 200 перестановок дали NaN
случайный базис s_dbw: 42 из 200 перестановок дали NaN
случайный базис s_dbw: 163 из 200 перестановок дали NaN
случайный базис s_dbw: 14 из 200 перестановок дали NaN
случайный базис s_dbw: 94 из 200 перестановок дали NaN
случайный базис s_dbw: 138 из 200 перестановок дали NaN
случайный базис s_dbw: 57 из 200 перестановок дали NaN
случайный базис s_dbw: 99 из 200 перестановок дали NaN
случайный базис s_dbw: 114 из 200 перестановок дали NaN
случайный базис s_dbw: 118 из 200 перестановок дали NaN
случайный базис s_dbw: 144 из 200 перестановок дали NaN
случайный базис s_dbw: 118 из 200 перестановок дали NaN
случайный базис s_dbw: 126 из 200 перестановок дали NaN
случайный базис s_dbw: 164 из 200 перестановок дали NaN
случайный базис s_dbw: 157 из 200 перестановок дали NaN
случайный базис s_dbw: 3 из 200 перестановок дали NaN
случайный базис s_dbw: 154 из 200 перестановок дали NaN
случайный базис s_dbw: 20 из 200 перестановок дали NaN
случайный базис s_dbw: 140 из 200 перестановок дали NaN
случайный базис s_dbw: 5 из 200 перестановок дали NaN
случайный базис s_dbw: 39 из 200 перестановок дали NaN
случайный базис s_dbw: 53 из 200 перестановок дали NaN
случайный базис s_dbw: 128 из 200 перестановок дали NaN
случайный базис s_dbw: 66 из 200 перестановок дали NaN
случайный базис s_dbw: 79 из 200 перестановок дали NaN
случайный базис s_dbw: 74 из 200 перестановок дали NaN
случайный базис s_dbw: 147 из 200 перестановок дали NaN
случайный базис s_dbw: 159 из 200 перестановок дали NaN
случайный базис s_dbw: 22 из 200 перестановок дали NaN
случайный базис s_dbw: 169 из 200 перестановок дали NaN
случайный базис s_dbw: 163 из 200 перестановок дали NaN
случайный базис s_dbw: 6 из 200 перестановок дали NaN
случайный базис s_dbw: 38 из 200 перестановок дали NaN
случайный базис s_dbw: 71 из 200 перестановок дали NaN
случайный базис s_dbw: 122 из 200 перестановок дали NaN
случайный базис s_dbw: 86 из 200 перестановок дали NaN
случайный базис s_dbw: 2 из 200 перестановок дали NaN
случайный базис s_dbw: 158 из 200 перестановок дали NaN
случайный базис s_dbw: 3 из 200 перестановок дали NaN
случайный базис s_dbw: 10 из 200 перестановок дали NaN
случайный базис s_dbw: 23 из 200 перестановок дали NaN
случайный базис s_dbw: 165 из 200 перестановок дали NaN
случайный базис s_dbw: 52 из 200 перестановок дали NaN
случайный базис s_dbw: 66 из 200 перестановок дали NaN
случайный базис s_dbw: 70 из 200 перестановок дали NaN
случайный базис s_dbw: 130 из 200 перестановок дали NaN
случайный базис s_dbw: 73 из 200 перестановок дали NaN
случайный базис s_dbw: 23 из 200 перестановок дали NaN
случайный базис s_dbw: 143 из 200 перестановок дали NaN
случайный базис s_dbw: 158 из 200 перестановок дали NaN
случайный базис s_dbw: 70 из 200 перестановок дали NaN
случайный базис s_dbw: 25 из 200 перестановок дали NaN
случайный базис s_dbw: 15 из 200 перестановок дали NaN
случайный базис s_dbw: 42 из 200 перестановок дали NaN
случайный базис s_dbw: 170 из 200 перестановок дали NaN
случайный базис s_dbw: 90 из 200 перестановок дали NaN
случайный базис s_dbw: 23 из 200 перестановок дали NaN
случайный базис s_dbw: 83 из 200 перестановок дали NaN
случайный базис s_dbw: 57 из 200 перестановок дали NaN
случайный базис s_dbw: 164 из 200 перестановок дали NaN
случайный базис s_dbw: 117 из 200 перестановок дали NaN
случайный базис s_dbw: 101 из 200 перестановок дали NaN
случайный базис s_dbw: 135 из 200 перестановок дали NaN
случайный базис s_dbw: 75 из 200 перестановок дали NaN
случайный базис s_dbw: 57 из 200 перестановок дали NaN
случайный базис s_dbw: 146 из 200 перестановок дали NaN
случайный базис s_dbw: 54 из 200 перестановок дали NaN
случайный базис s_dbw: 3 из 200 перестановок дали NaN
случайный базис s_dbw: 7 из 200 перестановок дали NaN
случайный базис s_dbw: 78 из 200 перестановок дали NaN
случайный базис s_dbw: 26 из 200 перестановок дали NaN
случайный базис s_dbw: 12 из 200 перестановок дали NaN
случайный базис s_dbw: 96 из 200 перестановок дали NaN
случайный базис s_dbw: 50 из 200 перестановок дали NaN
случайный базис s_dbw: 48 из 200 перестановок дали NaN
случайный базис s_dbw: 83 из 200 перестановок дали NaN
случайный базис s_dbw: 90 из 200 перестановок дали NaN
случайный базис s_dbw: 75 из 200 перестановок дали NaN
случайный базис s_dbw: 139 из 200 перестановок дали NaN
случайный базис s_dbw: 102 из 200 перестановок дали NaN
случайный базис s_dbw: 97 из 200 перестановок дали NaN
случайный базис s_dbw: 92 из 200 перестановок дали NaN
случайный базис s_dbw: 150 из 200 перестановок дали NaN
случайный базис s_dbw: 170 из 200 перестановок дали NaN
случайный базис s_dbw: 25 из 200 перестановок дали NaN
случайный базис s_dbw: 167 из 200 перестановок дали NaN
случайный базис s_dbw: 45 из 200 перестановок дали NaN
случайный базис s_dbw: 10 из 200 перестановок дали NaN
случайный базис s_dbw: 72 из 200 перестановок дали NaN
случайный базис s_dbw: 162 из 200 перестановок дали NaN
случайный базис s_dbw: 61 из 200 перестановок дали NaN
случайный базис s_dbw: 108 из 200 перестановок дали NaN
случайный базис s_dbw: 111 из 200 перестановок дали NaN
случайный базис s_dbw: 108 из 200 перестановок дали NaN
случайный базис s_dbw: 139 из 200 перестановок дали NaN
случайный базис s_dbw: 126 из 200 перестановок дали NaN
случайный базис s_dbw: 169 из 200 перестановок дали NaN
случайный базис s_dbw: 124 из 200 перестановок дали NaN
случайный базис s_dbw: 166 из 200 перестановок дали NaN
случайный базис s_dbw: 166 из 200 перестановок дали NaN
случайный базис s_dbw: 144 из 200 перестановок дали NaN
2026-10-03 13:27:41,412 INFO munnet.clustering.compute: cluster[seed43]: ICVI и случайный базис за 35 с
2026-10-03 13:30:52,423 INFO munnet.clustering.compute: cluster[seed43]: бутстрап 100 повторов за 191 с
2026-10-03 13:31:33,517 INFO munnet.clustering.compute: cluster[seed44]: параметры под K подобраны за 26 с
2026-10-03 13:32:00,659 INFO munnet.clustering.compute: cluster[seed44]: 88 кандидатов за 27 с
случайный базис s_dbw: 9 из 200 перестановок дали NaN
случайный базис s_dbw: 21 из 200 перестановок дали NaN
случайный базис s_dbw: 49 из 200 перестановок дали NaN
случайный базис s_dbw: 102 из 200 перестановок дали NaN
случайный базис s_dbw: 32 из 200 перестановок дали NaN
случайный базис s_dbw: 60 из 200 перестановок дали NaN
случайный базис s_dbw: 91 из 200 перестановок дали NaN
случайный базис s_dbw: 153 из 200 перестановок дали NaN
случайный базис s_dbw: 116 из 200 перестановок дали NaN
случайный базис s_dbw: 116 из 200 перестановок дали NaN
случайный базис s_dbw: 128 из 200 перестановок дали NaN
случайный базис s_dbw: 109 из 200 перестановок дали NaN
случайный базис s_dbw: 154 из 200 перестановок дали NaN
случайный базис s_dbw: 6 из 200 перестановок дали NaN
случайный базис s_dbw: 165 из 200 перестановок дали NaN
случайный базис s_dbw: 20 из 200 перестановок дали NaN
случайный базис s_dbw: 85 из 200 перестановок дали NaN
случайный базис s_dbw: 150 из 200 перестановок дали NaN
случайный базис s_dbw: 17 из 200 перестановок дали NaN
случайный базис s_dbw: 105 из 200 перестановок дали NaN
случайный базис s_dbw: 49 из 200 перестановок дали NaN
случайный базис s_dbw: 149 из 200 перестановок дали NaN
случайный базис s_dbw: 122 из 200 перестановок дали NaN
случайный базис s_dbw: 112 из 200 перестановок дали NaN
случайный базис s_dbw: 125 из 200 перестановок дали NaN
случайный базис s_dbw: 154 из 200 перестановок дали NaN
случайный базис s_dbw: 124 из 200 перестановок дали NaN
случайный базис s_dbw: 115 из 200 перестановок дали NaN
случайный базис s_dbw: 154 из 200 перестановок дали NaN
случайный базис s_dbw: 3 из 200 перестановок дали NaN
случайный базис s_dbw: 174 из 200 перестановок дали NaN
случайный базис s_dbw: 11 из 200 перестановок дали NaN
случайный базис s_dbw: 48 из 200 перестановок дали NaN
случайный базис s_dbw: 18 из 200 перестановок дали NaN
случайный базис s_dbw: 145 из 200 перестановок дали NaN
случайный базис s_dbw: 79 из 200 перестановок дали NaN
случайный базис s_dbw: 136 из 200 перестановок дали NaN
случайный базис s_dbw: 54 из 200 перестановок дали NaN
случайный базис s_dbw: 101 из 200 перестановок дали NaN
случайный базис s_dbw: 110 из 200 перестановок дали NaN
случайный базис s_dbw: 126 из 200 перестановок дали NaN
случайный базис s_dbw: 138 из 200 перестановок дали NaN
случайный базис s_dbw: 118 из 200 перестановок дали NaN
случайный базис s_dbw: 112 из 200 перестановок дали NaN
случайный базис s_dbw: 168 из 200 перестановок дали NaN
случайный базис s_dbw: 164 из 200 перестановок дали NaN
случайный базис s_dbw: 166 из 200 перестановок дали NaN
случайный базис s_dbw: 18 из 200 перестановок дали NaN
случайный базис s_dbw: 133 из 200 перестановок дали NaN
случайный базис s_dbw: 5 из 200 перестановок дали NaN
случайный базис s_dbw: 72 из 200 перестановок дали NaN
случайный базис s_dbw: 35 из 200 перестановок дали NaN
случайный базис s_dbw: 58 из 200 перестановок дали NaN
случайный базис s_dbw: 132 из 200 перестановок дали NaN
случайный базис s_dbw: 83 из 200 перестановок дали NaN
случайный базис s_dbw: 85 из 200 перестановок дали NaN
случайный базис s_dbw: 159 из 200 перестановок дали NaN
случайный базис s_dbw: 148 из 200 перестановок дали NaN
случайный базис s_dbw: 1 из 200 перестановок дали NaN
случайный базис s_dbw: 172 из 200 перестановок дали NaN
случайный базис s_dbw: 23 из 200 перестановок дали NaN
случайный базис s_dbw: 9 из 200 перестановок дали NaN
случайный базис s_dbw: 159 из 200 перестановок дали NaN
случайный базис s_dbw: 68 из 200 перестановок дали NaN
случайный базис s_dbw: 48 из 200 перестановок дали NaN
случайный базис s_dbw: 133 из 200 перестановок дали NaN
случайный базис s_dbw: 77 из 200 перестановок дали NaN
случайный базис s_dbw: 170 из 200 перестановок дали NaN
случайный базис s_dbw: 70 из 200 перестановок дали NaN
случайный базис s_dbw: 1 из 200 перестановок дали NaN
случайный базис s_dbw: 1 из 200 перестановок дали NaN
случайный базис s_dbw: 161 из 200 перестановок дали NaN
случайный базис s_dbw: 23 из 200 перестановок дали NaN
случайный базис s_dbw: 12 из 200 перестановок дали NaN
случайный базис s_dbw: 64 из 200 перестановок дали NaN
случайный базис s_dbw: 155 из 200 перестановок дали NaN
случайный базис s_dbw: 48 из 200 перестановок дали NaN
случайный базис s_dbw: 82 из 200 перестановок дали NaN
случайный базис s_dbw: 126 из 200 перестановок дали NaN
случайный базис s_dbw: 89 из 200 перестановок дали NaN
случайный базис s_dbw: 19 из 200 перестановок дали NaN
случайный базис s_dbw: 142 из 200 перестановок дали NaN
случайный базис s_dbw: 84 из 200 перестановок дали NaN
случайный базис s_dbw: 21 из 200 перестановок дали NaN
случайный базис s_dbw: 162 из 200 перестановок дали NaN
случайный базис s_dbw: 25 из 200 перестановок дали NaN
случайный базис s_dbw: 41 из 200 перестановок дали NaN
случайный базис s_dbw: 162 из 200 перестановок дали NaN
случайный базис s_dbw: 29 из 200 перестановок дали NaN
случайный базис s_dbw: 61 из 200 перестановок дали NaN
случайный базис s_dbw: 90 из 200 перестановок дали NaN
случайный базис s_dbw: 69 из 200 перестановок дали NaN
случайный базис s_dbw: 157 из 200 перестановок дали NaN
случайный базис s_dbw: 108 из 200 перестановок дали NaN
случайный базис s_dbw: 118 из 200 перестановок дали NaN
случайный базис s_dbw: 60 из 200 перестановок дали NaN
случайный базис s_dbw: 148 из 200 перестановок дали NaN
случайный базис s_dbw: 68 из 200 перестановок дали NaN
случайный базис s_dbw: 137 из 200 перестановок дали NaN
случайный базис s_dbw: 60 из 200 перестановок дали NaN
случайный базис s_dbw: 102 из 200 перестановок дали NaN
случайный базис s_dbw: 1 из 200 перестановок дали NaN
случайный базис s_dbw: 8 из 200 перестановок дали NaN
случайный базис s_dbw: 95 из 200 перестановок дали NaN
случайный базис s_dbw: 26 из 200 перестановок дали NaN
случайный базис s_dbw: 51 из 200 перестановок дали NaN
случайный базис s_dbw: 15 из 200 перестановок дали NaN
случайный базис s_dbw: 39 из 200 перестановок дали NaN
случайный базис s_dbw: 72 из 200 перестановок дали NaN
случайный базис s_dbw: 92 из 200 перестановок дали NaN
случайный базис s_dbw: 93 из 200 перестановок дали NaN
случайный базис s_dbw: 139 из 200 перестановок дали NaN
случайный базис s_dbw: 80 из 200 перестановок дали NaN
случайный базис s_dbw: 97 из 200 перестановок дали NaN
случайный базис s_dbw: 159 из 200 перестановок дали NaN
случайный базис s_dbw: 91 из 200 перестановок дали NaN
случайный базис s_dbw: 1 из 200 перестановок дали NaN
случайный базис s_dbw: 27 из 200 перестановок дали NaN
случайный базис s_dbw: 171 из 200 перестановок дали NaN
случайный базис s_dbw: 53 из 200 перестановок дали NaN
случайный базис s_dbw: 171 из 200 перестановок дали NaN
случайный базис s_dbw: 5 из 200 перестановок дали NaN
случайный базис s_dbw: 68 из 200 перестановок дали NaN
случайный базис s_dbw: 152 из 200 перестановок дали NaN
случайный базис s_dbw: 80 из 200 перестановок дали NaN
случайный базис s_dbw: 112 из 200 перестановок дали NaN
случайный базис s_dbw: 104 из 200 перестановок дали NaN
случайный базис s_dbw: 122 из 200 перестановок дали NaN
случайный базис s_dbw: 151 из 200 перестановок дали NaN
случайный базис s_dbw: 120 из 200 перестановок дали NaN
случайный базис s_dbw: 110 из 200 перестановок дали NaN
случайный базис s_dbw: 150 из 200 перестановок дали NaN
случайный базис s_dbw: 174 из 200 перестановок дали NaN
случайный базис s_dbw: 164 из 200 перестановок дали NaN
случайный базис s_dbw: 152 из 200 перестановок дали NaN
2026-10-03 13:32:36,271 INFO munnet.clustering.compute: cluster[seed44]: ICVI и случайный базис за 36 с
2026-10-03 13:35:46,178 INFO munnet.clustering.compute: cluster[seed44]: бутстрап 100 повторов за 190 с
2026-10-03 13:36:26,520 INFO munnet.clustering.compute: cluster[seed45]: параметры под K подобраны за 25 с
2026-10-03 13:36:54,068 INFO munnet.clustering.compute: cluster[seed45]: 89 кандидатов за 28 с
случайный базис s_dbw: 21 из 200 перестановок дали NaN
случайный базис s_dbw: 11 из 200 перестановок дали NaN
случайный базис s_dbw: 62 из 200 перестановок дали NaN
случайный базис s_dbw: 102 из 200 перестановок дали NaN
случайный базис s_dbw: 29 из 200 перестановок дали NaN
случайный базис s_dbw: 62 из 200 перестановок дали NaN
случайный базис s_dbw: 112 из 200 перестановок дали NaN
случайный базис s_dbw: 158 из 200 перестановок дали NaN
случайный базис s_dbw: 108 из 200 перестановок дали NaN
случайный базис s_dbw: 124 из 200 перестановок дали NaN
случайный базис s_dbw: 140 из 200 перестановок дали NaN
случайный базис s_dbw: 165 из 200 перестановок дали NaN
случайный базис s_dbw: 99 из 200 перестановок дали NaN
случайный базис s_dbw: 3 из 200 перестановок дали NaN
случайный базис s_dbw: 169 из 200 перестановок дали NaN
случайный базис s_dbw: 13 из 200 перестановок дали NaN
случайный базис s_dbw: 33 из 200 перестановок дали NaN
случайный базис s_dbw: 75 из 200 перестановок дали NaN
случайный базис s_dbw: 163 из 200 перестановок дали NaN
случайный базис s_dbw: 54 из 200 перестановок дали NaN
случайный базис s_dbw: 101 из 200 перестановок дали NaN
случайный базис s_dbw: 149 из 200 перестановок дали NaN
случайный базис s_dbw: 118 из 200 перестановок дали NaN
случайный базис s_dbw: 108 из 200 перестановок дали NaN
случайный базис s_dbw: 125 из 200 перестановок дали NaN
случайный базис s_dbw: 147 из 200 перестановок дали NaN
случайный базис s_dbw: 118 из 200 перестановок дали NaN
случайный базис s_dbw: 165 из 200 перестановок дали NaN
случайный базис s_dbw: 114 из 200 перестановок дали NaN
случайный базис s_dbw: 4 из 200 перестановок дали NaN
случайный базис s_dbw: 167 из 200 перестановок дали NaN
случайный базис s_dbw: 20 из 200 перестановок дали NaN
случайный базис s_dbw: 8 из 200 перестановок дали NaN
случайный базис s_dbw: 47 из 200 перестановок дали NaN
случайный базис s_dbw: 163 из 200 перестановок дали NaN
случайный базис s_dbw: 84 из 200 перестановок дали NaN
случайный базис s_dbw: 50 из 200 перестановок дали NaN
случайный базис s_dbw: 143 из 200 перестановок дали NaN
случайный базис s_dbw: 96 из 200 перестановок дали NaN
случайный базис s_dbw: 110 из 200 перестановок дали NaN
случайный базис s_dbw: 145 из 200 перестановок дали NaN
случайный базис s_dbw: 127 из 200 перестановок дали NaN
случайный базис s_dbw: 130 из 200 перестановок дали NaN
случайный базис s_dbw: 161 из 200 перестановок дали NaN
случайный базис s_dbw: 80 из 200 перестановок дали NaN
случайный базис s_dbw: 168 из 200 перестановок дали NaN
случайный базис s_dbw: 157 из 200 перестановок дали NaN
случайный базис s_dbw: 3 из 200 перестановок дали NaN
случайный базис s_dbw: 5 из 200 перестановок дали NaN
случайный базис s_dbw: 128 из 200 перестановок дали NaN
случайный базис s_dbw: 19 из 200 перестановок дали NaN
случайный базис s_dbw: 41 из 200 перестановок дали NaN
случайный базис s_dbw: 59 из 200 перестановок дали NaN
случайный базис s_dbw: 133 из 200 перестановок дали NaN
случайный базис s_dbw: 61 из 200 перестановок дали NaN
случайный базис s_dbw: 80 из 200 перестановок дали NaN
случайный базис s_dbw: 74 из 200 перестановок дали NaN
случайный базис s_dbw: 160 из 200 перестановок дали NaN
случайный базис s_dbw: 2 из 200 перестановок дали NaN
случайный базис s_dbw: 176 из 200 перестановок дали NaN
случайный базис s_dbw: 164 из 200 перестановок дали NaN
случайный базис s_dbw: 169 из 200 перестановок дали NaN
случайный базис s_dbw: 16 из 200 перестановок дали NaN
случайный базис s_dbw: 6 из 200 перестановок дали NaN
случайный базис s_dbw: 41 из 200 перестановок дали NaN
случайный базис s_dbw: 50 из 200 перестановок дали NaN
случайный базис s_dbw: 57 из 200 перестановок дали NaN
случайный базис s_dbw: 133 из 200 перестановок дали NaN
случайный базис s_dbw: 87 из 200 перестановок дали NaN
случайный базис s_dbw: 85 из 200 перестановок дали NaN
случайный базис s_dbw: 162 из 200 перестановок дали NaN
случайный базис s_dbw: 167 из 200 перестановок дали NaN
случайный базис s_dbw: 173 из 200 перестановок дали NaN
случайный базис s_dbw: 5 из 200 перестановок дали NaN
случайный базис s_dbw: 160 из 200 перестановок дали NaN
случайный базис s_dbw: 15 из 200 перестановок дали NaN
случайный базис s_dbw: 25 из 200 перестановок дали NaN
случайный базис s_dbw: 48 из 200 перестановок дали NaN
случайный базис s_dbw: 57 из 200 перестановок дали NaN
случайный базис s_dbw: 59 из 200 перестановок дали NaN
случайный базис s_dbw: 137 из 200 перестановок дали NaN
случайный базис s_dbw: 84 из 200 перестановок дали NaN
случайный базис s_dbw: 80 из 200 перестановок дали NaN
случайный базис s_dbw: 15 из 200 перестановок дали NaN
случайный базис s_dbw: 153 из 200 перестановок дали NaN
случайный базис s_dbw: 22 из 200 перестановок дали NaN
случайный базис s_dbw: 164 из 200 перестановок дали NaN
случайный базис s_dbw: 13 из 200 перестановок дали NaN
случайный базис s_dbw: 47 из 200 перестановок дали NaN
случайный базис s_dbw: 162 из 200 перестановок дали NaN
случайный базис s_dbw: 32 из 200 перестановок дали NaN
случайный базис s_dbw: 71 из 200 перестановок дали NaN
случайный базис s_dbw: 161 из 200 перестановок дали NaN
случайный базис s_dbw: 66 из 200 перестановок дали NaN
случайный базис s_dbw: 79 из 200 перестановок дали NaN
случайный базис s_dbw: 112 из 200 перестановок дали NaN
случайный базис s_dbw: 112 из 200 перестановок дали NaN
случайный базис s_dbw: 74 из 200 перестановок дали NaN
случайный базис s_dbw: 124 из 200 перестановок дали NaN
случайный базис s_dbw: 61 из 200 перестановок дали NaN
случайный базис s_dbw: 57 из 200 перестановок дали NaN
случайный базис s_dbw: 142 из 200 перестановок дали NaN
случайный базис s_dbw: 102 из 200 перестановок дали NaN
случайный базис s_dbw: 1 из 200 перестановок дали NaN
случайный базис s_dbw: 11 из 200 перестановок дали NaN
случайный базис s_dbw: 88 из 200 перестановок дали NaN
случайный базис s_dbw: 27 из 200 перестановок дали NaN
случайный базис s_dbw: 77 из 200 перестановок дали NaN
случайный базис s_dbw: 21 из 200 перестановок дали NaN
случайный базис s_dbw: 39 из 200 перестановок дали NaN
случайный базис s_dbw: 44 из 200 перестановок дали NaN
случайный базис s_dbw: 86 из 200 перестановок дали NaN
случайный базис s_dbw: 77 из 200 перестановок дали NaN
случайный базис s_dbw: 96 из 200 перестановок дали NaN
случайный базис s_dbw: 143 из 200 перестановок дали NaN
случайный базис s_dbw: 98 из 200 перестановок дали NaN
случайный базис s_dbw: 160 из 200 перестановок дали NaN
случайный базис s_dbw: 97 из 200 перестановок дали NaN
случайный базис s_dbw: 1 из 200 перестановок дали NaN
случайный базис s_dbw: 171 из 200 перестановок дали NaN
случайный базис s_dbw: 20 из 200 перестановок дали NaN
случайный базис s_dbw: 170 из 200 перестановок дали NaN
случайный базис s_dbw: 8 из 200 перестановок дали NaN
случайный базис s_dbw: 47 из 200 перестановок дали NaN
случайный базис s_dbw: 153 из 200 перестановок дали NaN
случайный базис s_dbw: 84 из 200 перестановок дали NaN
случайный базис s_dbw: 47 из 200 перестановок дали NaN
случайный базис s_dbw: 99 из 200 перестановок дали NaN
случайный базис s_dbw: 117 из 200 перестановок дали NaN
случайный базис s_dbw: 128 из 200 перестановок дали NaN
случайный базис s_dbw: 148 из 200 перестановок дали NaN
случайный базис s_dbw: 123 из 200 перестановок дали NaN
случайный базис s_dbw: 117 из 200 перестановок дали NaN
случайный базис s_dbw: 152 из 200 перестановок дали NaN
случайный базис s_dbw: 172 из 200 перестановок дали NaN
случайный базис s_dbw: 164 из 200 перестановок дали NaN
случайный базис s_dbw: 142 из 200 перестановок дали NaN
2026-10-03 13:37:30,159 INFO munnet.clustering.compute: cluster[seed45]: ICVI и случайный базис за 36 с
2026-10-03 13:40:40,078 INFO munnet.clustering.compute: cluster[seed45]: бутстрап 100 повторов за 190 с
2026-10-03 13:41:19,244 INFO munnet.clustering.compute: cluster[seed46]: параметры под K подобраны за 24 с
2026-10-03 13:41:46,731 INFO munnet.clustering.compute: cluster[seed46]: 89 кандидатов за 27 с
случайный базис s_dbw: 12 из 200 перестановок дали NaN
случайный базис s_dbw: 19 из 200 перестановок дали NaN
случайный базис s_dbw: 47 из 200 перестановок дали NaN
случайный базис s_dbw: 97 из 200 перестановок дали NaN
случайный базис s_dbw: 30 из 200 перестановок дали NaN
случайный базис s_dbw: 59 из 200 перестановок дали NaN
случайный базис s_dbw: 129 из 200 перестановок дали NaN
случайный базис s_dbw: 143 из 200 перестановок дали NaN
случайный базис s_dbw: 117 из 200 перестановок дали NaN
случайный базис s_dbw: 136 из 200 перестановок дали NaN
случайный базис s_dbw: 118 из 200 перестановок дали NaN
случайный базис s_dbw: 128 из 200 перестановок дали NaN
случайный базис s_dbw: 166 из 200 перестановок дали NaN
случайный базис s_dbw: 7 из 200 перестановок дали NaN
случайный базис s_dbw: 14 из 200 перестановок дали NaN
случайный базис s_dbw: 166 из 200 перестановок дали NaN
случайный базис s_dbw: 75 из 200 перестановок дали NaN
случайный базис s_dbw: 21 из 200 перестановок дали NaN
случайный базис s_dbw: 164 из 200 перестановок дали NaN
случайный базис s_dbw: 54 из 200 перестановок дали NaN
случайный базис s_dbw: 151 из 200 перестановок дали NaN
случайный базис s_dbw: 95 из 200 перестановок дали NaN
случайный базис s_dbw: 113 из 200 перестановок дали NaN
случайный базис s_dbw: 108 из 200 перестановок дали NaN
случайный базис s_dbw: 134 из 200 перестановок дали NaN
случайный базис s_dbw: 143 из 200 перестановок дали NaN
случайный базис s_dbw: 118 из 200 перестановок дали NaN
случайный базис s_dbw: 167 из 200 перестановок дали NaN
случайный базис s_dbw: 121 из 200 перестановок дали NaN
случайный базис s_dbw: 7 из 200 перестановок дали NaN
случайный базис s_dbw: 164 из 200 перестановок дали NaN
случайный базис s_dbw: 15 из 200 перестановок дали NaN
случайный базис s_dbw: 44 из 200 перестановок дали NaN
случайный базис s_dbw: 157 из 200 перестановок дали NaN
случайный базис s_dbw: 14 из 200 перестановок дали NaN
случайный базис s_dbw: 41 из 200 перестановок дали NaN
случайный базис s_dbw: 143 из 200 перестановок дали NaN
случайный базис s_dbw: 88 из 200 перестановок дали NaN
случайный базис s_dbw: 104 из 200 перестановок дали NaN
случайный базис s_dbw: 107 из 200 перестановок дали NaN
случайный базис s_dbw: 115 из 200 перестановок дали NaN
случайный базис s_dbw: 143 из 200 перестановок дали NaN
случайный базис s_dbw: 115 из 200 перестановок дали NaN
случайный базис s_dbw: 79 из 200 перестановок дали NaN
случайный базис s_dbw: 165 из 200 перестановок дали NaN
случайный базис s_dbw: 168 из 200 перестановок дали NaN
случайный базис s_dbw: 156 из 200 перестановок дали NaN
случайный базис s_dbw: 1 из 200 перестановок дали NaN
случайный базис s_dbw: 1 из 200 перестановок дали NaN
случайный базис s_dbw: 121 из 200 перестановок дали NaN
случайный базис s_dbw: 13 из 200 перестановок дали NaN
случайный базис s_dbw: 5 из 200 перестановок дали NaN
случайный базис s_dbw: 41 из 200 перестановок дали NaN
случайный базис s_dbw: 72 из 200 перестановок дали NaN
случайный базис s_dbw: 71 из 200 перестановок дали NaN
случайный базис s_dbw: 136 из 200 перестановок дали NaN
случайный базис s_dbw: 85 из 200 перестановок дали NaN
случайный базис s_dbw: 82 из 200 перестановок дали NaN
случайный базис s_dbw: 153 из 200 перестановок дали NaN
случайный базис s_dbw: 169 из 200 перестановок дали NaN
случайный базис s_dbw: 165 из 200 перестановок дали NaN
случайный базис s_dbw: 1 из 200 перестановок дали NaN
случайный базис s_dbw: 20 из 200 перестановок дали NaN
случайный базис s_dbw: 35 из 200 перестановок дали NaN
случайный базис s_dbw: 5 из 200 перестановок дали NaN
случайный базис s_dbw: 162 из 200 перестановок дали NaN
случайный базис s_dbw: 56 из 200 перестановок дали NaN
случайный базис s_dbw: 62 из 200 перестановок дали NaN
случайный базис s_dbw: 129 из 200 перестановок дали NaN
случайный базис s_dbw: 163 из 200 перестановок дали NaN
случайный базис s_dbw: 87 из 200 перестановок дали NaN
случайный базис s_dbw: 85 из 200 перестановок дали NaN
случайный базис s_dbw: 165 из 200 перестановок дали NaN
случайный базис s_dbw: 5 из 200 перестановок дали NaN
случайный базис s_dbw: 169 из 200 перестановок дали NaN
случайный базис s_dbw: 19 из 200 перестановок дали NaN
случайный базис s_dbw: 24 из 200 перестановок дали NaN
случайный базис s_dbw: 165 из 200 перестановок дали NaN
случайный базис s_dbw: 72 из 200 перестановок дали NaN
случайный базис s_dbw: 48 из 200 перестановок дали NaN
случайный базис s_dbw: 62 из 200 перестановок дали NaN
случайный базис s_dbw: 130 из 200 перестановок дали NaN
случайный базис s_dbw: 89 из 200 перестановок дали NaN
случайный базис s_dbw: 16 из 200 перестановок дали NaN
случайный базис s_dbw: 85 из 200 перестановок дали NaN
случайный базис s_dbw: 156 из 200 перестановок дали NaN
случайный базис s_dbw: 17 из 200 перестановок дали NaN
случайный базис s_dbw: 169 из 200 перестановок дали NaN
случайный базис s_dbw: 22 из 200 перестановок дали NaN
случайный базис s_dbw: 38 из 200 перестановок дали NaN
случайный базис s_dbw: 165 из 200 перестановок дали NaN
случайный базис s_dbw: 32 из 200 перестановок дали NaN
случайный базис s_dbw: 74 из 200 перестановок дали NaN
случайный базис s_dbw: 73 из 200 перестановок дали NaN
случайный базис s_dbw: 161 из 200 перестановок дали NaN
случайный базис s_dbw: 92 из 200 перестановок дали NaN
случайный базис s_dbw: 103 из 200 перестановок дали NaN
случайный базис s_dbw: 127 из 200 перестановок дали NaN
случайный базис s_dbw: 59 из 200 перестановок дали NaN
случайный базис s_dbw: 145 из 200 перестановок дали NaN
случайный базис s_dbw: 57 из 200 перестановок дали NaN
случайный базис s_dbw: 56 из 200 перестановок дали NaN
случайный базис s_dbw: 150 из 200 перестановок дали NaN
случайный базис s_dbw: 86 из 200 перестановок дали NaN
случайный базис s_dbw: 13 из 200 перестановок дали NaN
случайный базис s_dbw: 92 из 200 перестановок дали NaN
случайный базис s_dbw: 27 из 200 перестановок дали NaN
случайный базис s_dbw: 20 из 200 перестановок дали NaN
случайный базис s_dbw: 69 из 200 перестановок дали NaN
случайный базис s_dbw: 75 из 200 перестановок дали NaN
случайный базис s_dbw: 44 из 200 перестановок дали NaN
случайный базис s_dbw: 69 из 200 перестановок дали NaN
случайный базис s_dbw: 92 из 200 перестановок дали NaN
случайный базис s_dbw: 141 из 200 перестановок дали NaN
случайный базис s_dbw: 88 из 200 перестановок дали NaN
случайный базис s_dbw: 117 из 200 перестановок дали NaN
случайный базис s_dbw: 99 из 200 перестановок дали NaN
случайный базис s_dbw: 163 из 200 перестановок дали NaN
случайный базис s_dbw: 29 из 200 перестановок дали NaN
случайный базис s_dbw: 174 из 200 перестановок дали NaN
случайный базис s_dbw: 169 из 200 перестановок дали NaN
случайный базис s_dbw: 11 из 200 перестановок дали NaN
случайный базис s_dbw: 49 из 200 перестановок дали NaN
случайный базис s_dbw: 161 из 200 перестановок дали NaN
случайный базис s_dbw: 48 из 200 перестановок дали NaN
случайный базис s_dbw: 88 из 200 перестановок дали NaN
случайный базис s_dbw: 105 из 200 перестановок дали NaN
случайный базис s_dbw: 98 из 200 перестановок дали NaN
случайный базис s_dbw: 126 из 200 перестановок дали NaN
случайный базис s_dbw: 117 из 200 перестановок дали NaN
случайный базис s_dbw: 150 из 200 перестановок дали NaN
случайный базис s_dbw: 122 из 200 перестановок дали NaN
случайный базис s_dbw: 158 из 200 перестановок дали NaN
случайный базис s_dbw: 176 из 200 перестановок дали NaN
случайный базис s_dbw: 150 из 200 перестановок дали NaN
случайный базис s_dbw: 145 из 200 перестановок дали NaN
2026-10-03 13:42:22,955 INFO munnet.clustering.compute: cluster[seed46]: ICVI и случайный базис за 36 с
2026-10-03 13:45:34,005 INFO munnet.clustering.compute: cluster[seed46]: бутстрап 100 повторов за 191 с
2026-10-03 13:45:49,116 INFO munnet.clustering.stage: cluster: итог — hybrid_k04; проверки: [['main', 'hybrid_k04'], ['borda', 'hybrid_k04'], ['copeland_all', 'hybrid_k04'], ['set_icvi_only', 'hybrid_k04'], ['set_plan', 'hybrid_k04'], ['tie_x0', 'hybrid_k04'], ['tie_x2', 'hybrid_k04'], ['joint', 'hybrid_k04'], ['tie_chain', 'hybrid_k04'], ['all_eligible', 'hybrid_k04'], ['main', 'hybrid_k04'], ['borda', 'hybrid_k04'], ['copeland_all', 'hybrid_k04'], ['set_icvi_only', 'hybrid_k04'], ['set_plan', 'hybrid_k04'], ['tie_x0', 'hybrid_k04'], ['tie_x2', 'hybrid_k04'], ['joint', 'spectral_k04'], ['tie_chain', 'hybrid_k04'], ['borda', 'hybrid_k04']]
2026-10-03 13:46:17,029 INFO munnet.clustering.compute: cluster[graph_basket_cos]: параметры под K подобраны за 24 с
2026-10-03 13:46:45,649 INFO munnet.clustering.compute: cluster[graph_basket_cos]: 90 кандидатов за 29 с
случайный базис s_dbw: 17 из 200 перестановок дали NaN
случайный базис s_dbw: 19 из 200 перестановок дали NaN
случайный базис s_dbw: 57 из 200 перестановок дали NaN
случайный базис s_dbw: 99 из 200 перестановок дали NaN
случайный базис s_dbw: 30 из 200 перестановок дали NaN
случайный базис s_dbw: 63 из 200 перестановок дали NaN
случайный базис s_dbw: 100 из 200 перестановок дали NaN
случайный базис s_dbw: 156 из 200 перестановок дали NaN
случайный базис s_dbw: 120 из 200 перестановок дали NaN
случайный базис s_dbw: 129 из 200 перестановок дали NaN
случайный базис s_dbw: 118 из 200 перестановок дали NaN
случайный базис s_dbw: 120 из 200 перестановок дали NaN
случайный базис s_dbw: 4 из 200 перестановок дали NaN
случайный базис s_dbw: 163 из 200 перестановок дали NaN
случайный базис s_dbw: 162 из 200 перестановок дали NaN
случайный базис s_dbw: 13 из 200 перестановок дали NaN
случайный базис s_dbw: 22 из 200 перестановок дали NaN
случайный базис s_dbw: 158 из 200 перестановок дали NaN
случайный базис s_dbw: 71 из 200 перестановок дали NaN
случайный базис s_dbw: 110 из 200 перестановок дали NaN
случайный базис s_dbw: 143 из 200 перестановок дали NaN
случайный базис s_dbw: 51 из 200 перестановок дали NaN
случайный базис s_dbw: 112 из 200 перестановок дали NaN
случайный базис s_dbw: 109 из 200 перестановок дали NaN
случайный базис s_dbw: 121 из 200 перестановок дали NaN
случайный базис s_dbw: 155 из 200 перестановок дали NaN
случайный базис s_dbw: 127 из 200 перестановок дали NaN
случайный базис s_dbw: 123 из 200 перестановок дали NaN
случайный базис s_dbw: 160 из 200 перестановок дали NaN
случайный базис s_dbw: 172 из 200 перестановок дали NaN
случайный базис s_dbw: 7 из 200 перестановок дали NaN
случайный базис s_dbw: 23 из 200 перестановок дали NaN
случайный базис s_dbw: 51 из 200 перестановок дали NaN
случайный базис s_dbw: 79 из 200 перестановок дали NaN
случайный базис s_dbw: 152 из 200 перестановок дали NaN
случайный базис s_dbw: 10 из 200 перестановок дали NaN
случайный базис s_dbw: 147 из 200 перестановок дали NaN
случайный базис s_dbw: 49 из 200 перестановок дали NaN
случайный базис s_dbw: 99 из 200 перестановок дали NaN
случайный базис s_dbw: 90 из 200 перестановок дали NaN
случайный базис s_dbw: 138 из 200 перестановок дали NaN
случайный базис s_dbw: 121 из 200 перестановок дали NaN
случайный базис s_dbw: 116 из 200 перестановок дали NaN
случайный базис s_dbw: 125 из 200 перестановок дали NaN
случайный базис s_dbw: 155 из 200 перестановок дали NaN
случайный базис s_dbw: 168 из 200 перестановок дали NaN
случайный базис s_dbw: 1 из 200 перестановок дали NaN
случайный базис s_dbw: 157 из 200 перестановок дали NaN
случайный базис s_dbw: 2 из 200 перестановок дали NaN
случайный базис s_dbw: 2 из 200 перестановок дали NaN
случайный базис s_dbw: 152 из 200 перестановок дали NaN
случайный базис s_dbw: 17 из 200 перестановок дали NaN
случайный базис s_dbw: 8 из 200 перестановок дали NaN
случайный базис s_dbw: 68 из 200 перестановок дали NaN
случайный базис s_dbw: 58 из 200 перестановок дали NaN
случайный базис s_dbw: 56 из 200 перестановок дали NaN
случайный базис s_dbw: 127 из 200 перестановок дали NaN
случайный базис s_dbw: 71 из 200 перестановок дали NaN
случайный базис s_dbw: 92 из 200 перестановок дали NaN
случайный базис s_dbw: 161 из 200 перестановок дали NaN
случайный базис s_dbw: 165 из 200 перестановок дали NaN
случайный базис s_dbw: 2 из 200 перестановок дали NaN
случайный базис s_dbw: 168 из 200 перестановок дали NaN
случайный базис s_dbw: 4 из 200 перестановок дали NaN
случайный базис s_dbw: 18 из 200 перестановок дали NaN
случайный базис s_dbw: 4 из 200 перестановок дали NaN
случайный базис s_dbw: 167 из 200 перестановок дали NaN
случайный базис s_dbw: 66 из 200 перестановок дали NaN
случайный базис s_dbw: 37 из 200 перестановок дали NaN
случайный базис s_dbw: 59 из 200 перестановок дали NaN
случайный базис s_dbw: 134 из 200 перестановок дали NaN
случайный базис s_dbw: 82 из 200 перестановок дали NaN
случайный базис s_dbw: 88 из 200 перестановок дали NaN
случайный базис s_dbw: 162 из 200 перестановок дали NaN
случайный базис s_dbw: 168 из 200 перестановок дали NaN
случайный базис s_dbw: 2 из 200 перестановок дали NaN
случайный базис s_dbw: 167 из 200 перестановок дали NaN
случайный базис s_dbw: 19 из 200 перестановок дали NaN
случайный базис s_dbw: 3 из 200 перестановок дали NaN
случайный базис s_dbw: 161 из 200 перестановок дали NaN
случайный базис s_dbw: 50 из 200 перестановок дали NaN
случайный базис s_dbw: 39 из 200 перестановок дали NaN
случайный базис s_dbw: 64 из 200 перестановок дали NaN
случайный базис s_dbw: 126 из 200 перестановок дали NaN
случайный базис s_dbw: 81 из 200 перестановок дали NaN
случайный базис s_dbw: 21 из 200 перестановок дали NaN
случайный базис s_dbw: 76 из 200 перестановок дали NaN
случайный базис s_dbw: 161 из 200 перестановок дали NaN
случайный базис s_dbw: 20 из 200 перестановок дали NaN
случайный базис s_dbw: 153 из 200 перестановок дали NaN
случайный базис s_dbw: 25 из 200 перестановок дали NaN
случайный базис s_dbw: 35 из 200 перестановок дали NaN
случайный базис s_dbw: 159 из 200 перестановок дали NaN
случайный базис s_dbw: 30 из 200 перестановок дали NaN
случайный базис s_dbw: 88 из 200 перестановок дали NaN
случайный базис s_dbw: 75 из 200 перестановок дали NaN
случайный базис s_dbw: 158 из 200 перестановок дали NaN
случайный базис s_dbw: 58 из 200 перестановок дали NaN
случайный базис s_dbw: 97 из 200 перестановок дали NaN
случайный базис s_dbw: 112 из 200 перестановок дали NaN
случайный базис s_dbw: 62 из 200 перестановок дали NaN
случайный базис s_dbw: 137 из 200 перестановок дали NaN
случайный базис s_dbw: 68 из 200 перестановок дали NaN
случайный базис s_dbw: 148 из 200 перестановок дали NaN
случайный базис s_dbw: 47 из 200 перестановок дали NaN
случайный базис s_dbw: 76 из 200 перестановок дали NaN
случайный базис s_dbw: 2 из 200 перестановок дали NaN
случайный базис s_dbw: 90 из 200 перестановок дали NaN
случайный базис s_dbw: 24 из 200 перестановок дали NaN
случайный базис s_dbw: 5 из 200 перестановок дали NaN
случайный базис s_dbw: 45 из 200 перестановок дали NaN
случайный базис s_dbw: 18 из 200 перестановок дали NaN
случайный базис s_dbw: 82 из 200 перестановок дали NaN
случайный базис s_dbw: 92 из 200 перестановок дали NaN
случайный базис s_dbw: 67 из 200 перестановок дали NaN
случайный базис s_dbw: 118 из 200 перестановок дали NaN
случайный базис s_dbw: 140 из 200 перестановок дали NaN
случайный базис s_dbw: 126 из 200 перестановок дали NaN
случайный базис s_dbw: 162 из 200 перестановок дали NaN
случайный базис s_dbw: 113 из 200 перестановок дали NaN
случайный базис s_dbw: 175 из 200 перестановок дали NaN
случайный базис s_dbw: 2 из 200 перестановок дали NaN
случайный базис s_dbw: 18 из 200 перестановок дали NaN
случайный базис s_dbw: 52 из 200 перестановок дали NaN
случайный базис s_dbw: 170 из 200 перестановок дали NaN
случайный базис s_dbw: 83 из 200 перестановок дали NaN
случайный базис s_dbw: 8 из 200 перестановок дали NaN
случайный базис s_dbw: 45 из 200 перестановок дали NaN
случайный базис s_dbw: 152 из 200 перестановок дали NaN
случайный базис s_dbw: 104 из 200 перестановок дали NaN
случайный базис s_dbw: 92 из 200 перестановок дали NaN
случайный базис s_dbw: 148 из 200 перестановок дали NaN
случайный базис s_dbw: 118 из 200 перестановок дали NaN
случайный базис s_dbw: 128 из 200 перестановок дали NaN
случайный базис s_dbw: 161 из 200 перестановок дали NaN
случайный базис s_dbw: 111 из 200 перестановок дали NaN
случайный базис s_dbw: 174 из 200 перестановок дали NaN
случайный базис s_dbw: 166 из 200 перестановок дали NaN
случайный базис s_dbw: 147 из 200 перестановок дали NaN
2026-10-03 13:47:21,611 INFO munnet.clustering.compute: cluster[graph_basket_cos]: ICVI и случайный базис за 36 с
2026-10-03 13:48:01,532 INFO munnet.clustering.compute: cluster[graph_basket_cos]: бутстрап 20 повторов за 40 с
2026-10-03 13:48:05,339 INFO munnet.clustering.stage: cluster: вариант graph_basket_cos — победитель hybrid_k03
2026-10-03 13:48:32,582 INFO munnet.clustering.compute: cluster[no_level]: параметры под K подобраны за 27 с
2026-10-03 13:48:59,903 INFO munnet.clustering.compute: cluster[no_level]: 89 кандидатов за 27 с
случайный базис s_dbw: 15 из 200 перестановок дали NaN
случайный базис s_dbw: 20 из 200 перестановок дали NaN
случайный базис s_dbw: 50 из 200 перестановок дали NaN
случайный базис s_dbw: 75 из 200 перестановок дали NaN
случайный базис s_dbw: 28 из 200 перестановок дали NaN
случайный базис s_dbw: 47 из 200 перестановок дали NaN
случайный базис s_dbw: 100 из 200 перестановок дали NaN
случайный базис s_dbw: 130 из 200 перестановок дали NaN
случайный базис s_dbw: 116 из 200 перестановок дали NaN
случайный базис s_dbw: 129 из 200 перестановок дали NaN
случайный базис s_dbw: 136 из 200 перестановок дали NaN
случайный базис s_dbw: 154 из 200 перестановок дали NaN
случайный базис s_dbw: 145 из 200 перестановок дали NaN
случайный базис s_dbw: 5 из 200 перестановок дали NaN
случайный базис s_dbw: 158 из 200 перестановок дали NaN
случайный базис s_dbw: 46 из 200 перестановок дали NaN
случайный базис s_dbw: 61 из 200 перестановок дали NaN
случайный базис s_dbw: 171 из 200 перестановок дали NaN
случайный базис s_dbw: 27 из 200 перестановок дали NaN
случайный базис s_dbw: 73 из 200 перестановок дали NaN
случайный базис s_dbw: 78 из 200 перестановок дали NaN
случайный базис s_dbw: 178 из 200 перестановок дали NaN
случайный базис s_dbw: 98 из 200 перестановок дали NaN
случайный базис s_dbw: 104 из 200 перестановок дали NaN
случайный базис s_dbw: 130 из 200 перестановок дали NaN
случайный базис s_dbw: 125 из 200 перестановок дали NaN
случайный базис s_dbw: 124 из 200 перестановок дали NaN
случайный базис s_dbw: 138 из 200 перестановок дали NaN
случайный базис s_dbw: 160 из 200 перестановок дали NaN
случайный базис s_dbw: 1 из 200 перестановок дали NaN
случайный базис s_dbw: 162 из 200 перестановок дали NaN
случайный базис s_dbw: 12 из 200 перестановок дали NaN
случайный базис s_dbw: 4 из 200 перестановок дали NaN
случайный базис s_dbw: 177 из 200 перестановок дали NaN
случайный базис s_dbw: 36 из 200 перестановок дали NaN
случайный базис s_dbw: 62 из 200 перестановок дали NaN
случайный базис s_dbw: 182 из 200 перестановок дали NaN
случайный базис s_dbw: 28 из 200 перестановок дали NaN
случайный базис s_dbw: 88 из 200 перестановок дали NaN
случайный базис s_dbw: 85 из 200 перестановок дали NaN
случайный базис s_dbw: 4 из 200 перестановок дали NaN
случайный базис s_dbw: 29 из 200 перестановок дали NaN
случайный базис s_dbw: 110 из 200 перестановок дали NaN
случайный базис s_dbw: 124 из 200 перестановок дали NaN
случайный базис s_dbw: 37 из 200 перестановок дали NaN
случайный базис s_dbw: 70 из 200 перестановок дали NaN
случайный базис s_dbw: 6 из 200 перестановок дали NaN
случайный базис s_dbw: 119 из 200 перестановок дали NaN
случайный базис s_dbw: 29 из 200 перестановок дали NaN
случайный базис s_dbw: 149 из 200 перестановок дали NaN
случайный базис s_dbw: 135 из 200 перестановок дали NaN
случайный базис s_dbw: 164 из 200 перестановок дали NaN
случайный базис s_dbw: 173 из 200 перестановок дали NaN
случайный базис s_dbw: 166 из 200 перестановок дали NaN
случайный базис s_dbw: 2 из 200 перестановок дали NaN
случайный базис s_dbw: 4 из 200 перестановок дали NaN
случайный базис s_dbw: 18 из 200 перестановок дали NaN
случайный базис s_dbw: 24 из 200 перестановок дали NaN
случайный базис s_dbw: 51 из 200 перестановок дали NaN
случайный базис s_dbw: 86 из 200 перестановок дали NaN
случайный базис s_dbw: 78 из 200 перестановок дали NaN
случайный базис s_dbw: 140 из 200 перестановок дали NaN
случайный базис s_dbw: 101 из 200 перестановок дали NaN
случайный базис s_dbw: 168 из 200 перестановок дали NaN
случайный базис s_dbw: 1 из 200 перестановок дали NaN
случайный базис s_dbw: 167 из 200 перестановок дали NaN
случайный базис s_dbw: 11 из 200 перестановок дали NaN
случайный базис s_dbw: 2 из 200 перестановок дали NaN
случайный базис s_dbw: 171 из 200 перестановок дали NaN
случайный базис s_dbw: 42 из 200 перестановок дали NaN
случайный базис s_dbw: 24 из 200 перестановок дали NaN
случайный базис s_dbw: 106 из 200 перестановок дали NaN
случайный базис s_dbw: 65 из 200 перестановок дали NaN
случайный базис s_dbw: 164 из 200 перестановок дали NaN
случайный базис s_dbw: 20 из 200 перестановок дали NaN
случайный базис s_dbw: 169 из 200 перестановок дали NaN
случайный базис s_dbw: 3 из 200 перестановок дали NaN
случайный базис s_dbw: 32 из 200 перестановок дали NaN
случайный базис s_dbw: 32 из 200 перестановок дали NaN
случайный базис s_dbw: 57 из 200 перестановок дали NaN
случайный базис s_dbw: 101 из 200 перестановок дали NaN
случайный базис s_dbw: 18 из 200 перестановок дали NaN
случайный базис s_dbw: 60 из 200 перестановок дали NaN
случайный базис s_dbw: 140 из 200 перестановок дали NaN
случайный базис s_dbw: 99 из 200 перестановок дали NaN
случайный базис s_dbw: 156 из 200 перестановок дали NaN
случайный базис s_dbw: 20 из 200 перестановок дали NaN
случайный базис s_dbw: 13 из 200 перестановок дали NaN
случайный базис s_dbw: 30 из 200 перестановок дали NaN
случайный базис s_dbw: 70 из 200 перестановок дали NaN
случайный базис s_dbw: 167 из 200 перестановок дали NaN
случайный базис s_dbw: 32 из 200 перестановок дали NaN
случайный базис s_dbw: 62 из 200 перестановок дали NaN
случайный базис s_dbw: 50 из 200 перестановок дали NaN
случайный базис s_dbw: 161 из 200 перестановок дали NaN
случайный базис s_dbw: 97 из 200 перестановок дали NaN
случайный базис s_dbw: 92 из 200 перестановок дали NaN
случайный базис s_dbw: 123 из 200 перестановок дали NaN
случайный базис s_dbw: 81 из 200 перестановок дали NaN
случайный базис s_dbw: 99 из 200 перестановок дали NaN
случайный базис s_dbw: 108 из 200 перестановок дали NaN
случайный базис s_dbw: 146 из 200 перестановок дали NaN
случайный базис s_dbw: 134 из 200 перестановок дали NaN
случайный базис s_dbw: 5 из 200 перестановок дали NaN
случайный базис s_dbw: 144 из 200 перестановок дали NaN
случайный базис s_dbw: 11 из 200 перестановок дали NaN
случайный базис s_dbw: 23 из 200 перестановок дали NaN
случайный базис s_dbw: 41 из 200 перестановок дали NaN
случайный базис s_dbw: 147 из 200 перестановок дали NaN
случайный базис s_dbw: 29 из 200 перестановок дали NaN
случайный базис s_dbw: 53 из 200 перестановок дали NaN
случайный базис s_dbw: 77 из 200 перестановок дали NaN
случайный базис s_dbw: 86 из 200 перестановок дали NaN
случайный базис s_dbw: 114 из 200 перестановок дали NaN
случайный базис s_dbw: 115 из 200 перестановок дали NaN
случайный базис s_dbw: 151 из 200 перестановок дали NaN
случайный базис s_dbw: 138 из 200 перестановок дали NaN
случайный базис s_dbw: 172 из 200 перестановок дали NaN
случайный базис s_dbw: 14 из 200 перестановок дали NaN
случайный базис s_dbw: 36 из 200 перестановок дали NaN
случайный базис s_dbw: 179 из 200 перестановок дали NaN
случайный базис s_dbw: 3 из 200 перестановок дали NaN
случайный базис s_dbw: 62 из 200 перестановок дали NaN
случайный базис s_dbw: 181 из 200 перестановок дали NaN
случайный базис s_dbw: 36 из 200 перестановок дали NaN
случайный базис s_dbw: 87 из 200 перестановок дали NaN
случайный базис s_dbw: 97 из 200 перестановок дали NaN
случайный базис s_dbw: 126 из 200 перестановок дали NaN
случайный базис s_dbw: 126 из 200 перестановок дали NaN
случайный базис s_dbw: 143 из 200 перестановок дали NaN
случайный базис s_dbw: 142 из 200 перестановок дали NaN
случайный базис s_dbw: 150 из 200 перестановок дали NaN
случайный базис s_dbw: 167 из 200 перестановок дали NaN
случайный базис s_dbw: 179 из 200 перестановок дали NaN
случайный базис s_dbw: 171 из 200 перестановок дали NaN
2026-10-03 13:49:35,238 INFO munnet.clustering.compute: cluster[no_level]: ICVI и случайный базис за 35 с
2026-10-03 13:50:14,641 INFO munnet.clustering.compute: cluster[no_level]: бутстрап 20 повторов за 39 с
2026-10-03 13:50:18,194 INFO munnet.clustering.stage: cluster: вариант no_level — победитель hybrid_k04
2026-10-03 13:50:18,602 INFO munnet.nodes: узлы (separate): 2190 узлов, из них узлов-городов 0; МО панели 2190, исключено 0
2026-10-03 13:50:19,626 INFO munnet.clustering.inputs: cluster: режим узлов separate — 2016 узлов
2026-10-03 13:50:47,195 INFO munnet.clustering.compute: cluster[nodes_separate]: параметры под K подобраны за 27 с
2026-10-03 13:51:12,366 INFO munnet.clustering.compute: cluster[nodes_separate]: 91 кандидатов за 25 с
случайный базис s_dbw: 3 из 200 перестановок дали NaN
случайный базис s_dbw: 28 из 200 перестановок дали NaN
случайный базис s_dbw: 33 из 200 перестановок дали NaN
случайный базис s_dbw: 4 из 200 перестановок дали NaN
случайный базис s_dbw: 18 из 200 перестановок дали NaN
случайный базис s_dbw: 70 из 200 перестановок дали NaN
случайный базис s_dbw: 115 из 200 перестановок дали NaN
случайный базис s_dbw: 68 из 200 перестановок дали NaN
случайный базис s_dbw: 108 из 200 перестановок дали NaN
случайный базис s_dbw: 104 из 200 перестановок дали NaN
случайный базис s_dbw: 160 из 200 перестановок дали NaN
случайный базис s_dbw: 139 из 200 перестановок дали NaN
случайный базис s_dbw: 178 из 200 перестановок дали NaN
случайный базис s_dbw: 4 из 200 перестановок дали NaN
случайный базис s_dbw: 31 из 200 перестановок дали NaN
случайный базис s_dbw: 185 из 200 перестановок дали NaN
случайный базис s_dbw: 5 из 200 перестановок дали NaN
случайный базис s_dbw: 26 из 200 перестановок дали NaN
случайный базис s_dbw: 43 из 200 перестановок дали NaN
случайный базис s_dbw: 187 из 200 перестановок дали NaN
случайный базис s_dbw: 81 из 200 перестановок дали NaN
случайный базис s_dbw: 65 из 200 перестановок дали NaN
случайный базис s_dbw: 115 из 200 перестановок дали NaN
случайный базис s_dbw: 98 из 200 перестановок дали NaN
случайный базис s_dbw: 121 из 200 перестановок дали NaN
случайный базис s_dbw: 138 из 200 перестановок дали NaN
случайный базис s_dbw: 160 из 200 перестановок дали NaN
случайный базис s_dbw: 165 из 200 перестановок дали NaN
случайный базис s_dbw: 1 из 200 перестановок дали NaN
случайный базис s_dbw: 182 из 200 перестановок дали NaN
случайный базис s_dbw: 14 из 200 перестановок дали NaN
случайный базис s_dbw: 80 из 200 перестановок дали NaN
случайный базис s_dbw: 187 из 200 перестановок дали NaN
случайный базис s_dbw: 5 из 200 перестановок дали NaN
случайный базис s_dbw: 70 из 200 перестановок дали NaN
случайный базис s_dbw: 47 из 200 перестановок дали NaN
случайный базис s_dbw: 1 из 200 перестановок дали NaN
случайный базис s_dbw: 111 из 200 перестановок дали NaN
случайный базис s_dbw: 113 из 200 перестановок дали NaN
случайный базис s_dbw: 17 из 200 перестановок дали NaN
случайный базис s_dbw: 143 из 200 перестановок дали NaN
случайный базис s_dbw: 132 из 200 перестановок дали NaN
случайный базис s_dbw: 3 из 200 перестановок дали NaN
случайный базис s_dbw: 150 из 200 перестановок дали NaN
случайный базис s_dbw: 167 из 200 перестановок дали NaN
случайный базис s_dbw: 186 из 200 перестановок дали NaN
случайный базис s_dbw: 185 из 200 перестановок дали NaN
случайный базис s_dbw: 4 из 200 перестановок дали NaN
случайный базис s_dbw: 14 из 200 перестановок дали NaN
случайный базис s_dbw: 9 из 200 перестановок дали NaN
случайный базис s_dbw: 50 из 200 перестановок дали NaN
случайный базис s_dbw: 58 из 200 перестановок дали NaN
случайный базис s_dbw: 62 из 200 перестановок дали NaN
случайный базис s_dbw: 131 из 200 перестановок дали NaN
случайный базис s_dbw: 74 из 200 перестановок дали NaN
случайный базис s_dbw: 172 из 200 перестановок дали NaN
случайный базис s_dbw: 178 из 200 перестановок дали NaN
случайный базис s_dbw: 1 из 200 перестановок дали NaN
случайный базис s_dbw: 177 из 200 перестановок дали NaN
случайный базис s_dbw: 1 из 200 перестановок дали NaN
случайный базис s_dbw: 12 из 200 перестановок дали NaN
случайный базис s_dbw: 17 из 200 перестановок дали NaN
случайный базис s_dbw: 59 из 200 перестановок дали NaN
случайный базис s_dbw: 42 из 200 перестановок дали NaN
случайный базис s_dbw: 62 из 200 перестановок дали NaN
случайный базис s_dbw: 70 из 200 перестановок дали NaN
случайный базис s_dbw: 128 из 200 перестановок дали NaN
случайный базис s_dbw: 167 из 200 перестановок дали NaN
случайный базис s_dbw: 168 из 200 перестановок дали NaN
случайный базис s_dbw: 1 из 200 перестановок дали NaN
случайный базис s_dbw: 183 из 200 перестановок дали NaN
случайный базис s_dbw: 9 из 200 перестановок дали NaN
случайный базис s_dbw: 1 из 200 перестановок дали NaN
случайный базис s_dbw: 20 из 200 перестановок дали NaN
случайный базис s_dbw: 23 из 200 перестановок дали NaN
случайный базис s_dbw: 45 из 200 перестановок дали NaN
случайный базис s_dbw: 70 из 200 перестановок дали NaN
случайный базис s_dbw: 82 из 200 перестановок дали NaN
случайный базис s_dbw: 136 из 200 перестановок дали NaN
случайный базис s_dbw: 80 из 200 перестановок дали NaN
случайный базис s_dbw: 164 из 200 перестановок дали NaN
случайный базис s_dbw: 18 из 200 перестановок дали NaN
случайный базис s_dbw: 16 из 200 перестановок дали NaN
случайный базис s_dbw: 167 из 200 перестановок дали NaN
случайный базис s_dbw: 39 из 200 перестановок дали NaN
случайный базис s_dbw: 74 из 200 перестановок дали NaN
случайный базис s_dbw: 18 из 200 перестановок дали NaN
случайный базис s_dbw: 175 из 200 перестановок дали NaN
случайный базис s_dbw: 40 из 200 перестановок дали NaN
случайный базис s_dbw: 74 из 200 перестановок дали NaN
случайный базис s_dbw: 81 из 200 перестановок дали NaN
случайный базис s_dbw: 117 из 200 перестановок дали NaN
случайный базис s_dbw: 101 из 200 перестановок дали NaN
случайный базис s_dbw: 117 из 200 перестановок дали NaN
случайный базис s_dbw: 146 из 200 перестановок дали NaN
случайный базис s_dbw: 95 из 200 перестановок дали NaN
случайный базис s_dbw: 159 из 200 перестановок дали NaN
случайный базис s_dbw: 187 из 200 перестановок дали NaN
случайный базис s_dbw: 3 из 200 перестановок дали NaN
случайный базис s_dbw: 158 из 200 перестановок дали NaN
случайный базис s_dbw: 24 из 200 перестановок дали NaN
случайный базис s_dbw: 31 из 200 перестановок дали NaN
случайный базис s_dbw: 50 из 200 перестановок дали NaN
случайный базис s_dbw: 96 из 200 перестановок дали NaN
случайный базис s_dbw: 87 из 200 перестановок дали NaN
случайный базис s_dbw: 97 из 200 перестановок дали NaN
случайный базис s_dbw: 127 из 200 перестановок дали NaN
случайный базис s_dbw: 110 из 200 перестановок дали NaN
случайный базис s_dbw: 167 из 200 перестановок дали NaN
случайный базис s_dbw: 180 из 200 перестановок дали NaN
случайный базис s_dbw: 9 из 200 перестановок дали NaN
случайный базис s_dbw: 11 из 200 перестановок дали NaN
случайный базис s_dbw: 22 из 200 перестановок дали NaN
случайный базис s_dbw: 189 из 200 перестановок дали NaN
случайный базис s_dbw: 43 из 200 перестановок дали NaN
случайный базис s_dbw: 58 из 200 перестановок дали NaN
случайный базис s_dbw: 91 из 200 перестановок дали NaN
случайный базис s_dbw: 73 из 200 перестановок дали NaN
случайный базис s_dbw: 129 из 200 перестановок дали NaN
случайный базис s_dbw: 132 из 200 перестановок дали NaN
случайный базис s_dbw: 135 из 200 перестановок дали NaN
случайный базис s_dbw: 171 из 200 перестановок дали NaN
случайный базис s_dbw: 186 из 200 перестановок дали NaN
случайный базис s_dbw: 182 из 200 перестановок дали NaN
2026-10-03 13:51:55,027 INFO munnet.clustering.compute: cluster[nodes_separate]: ICVI и случайный базис за 43 с
2026-10-03 13:52:36,458 INFO munnet.clustering.compute: cluster[nodes_separate]: бутстрап 20 повторов за 41 с
2026-10-03 13:52:40,813 INFO munnet.clustering.stage: cluster: вариант nodes_separate — победитель kmeans_joint_k04
2026-10-03 13:53:07,792 INFO munnet.clustering.compute: cluster[x_clipped]: параметры под K подобраны за 27 с
2026-10-03 13:53:35,690 INFO munnet.clustering.compute: cluster[x_clipped]: 87 кандидатов за 28 с
случайный базис s_dbw: 1 из 200 перестановок дали NaN
случайный базис s_dbw: 12 из 200 перестановок дали NaN
случайный базис s_dbw: 29 из 200 перестановок дали NaN
случайный базис s_dbw: 27 из 200 перестановок дали NaN
случайный базис s_dbw: 7 из 200 перестановок дали NaN
случайный базис s_dbw: 9 из 200 перестановок дали NaN
случайный базис s_dbw: 73 из 200 перестановок дали NaN
случайный базис s_dbw: 132 из 200 перестановок дали NaN
случайный базис s_dbw: 120 из 200 перестановок дали NaN
случайный базис s_dbw: 44 из 200 перестановок дали NaN
случайный базис s_dbw: 7 из 200 перестановок дали NaN
случайный базис s_dbw: 4 из 200 перестановок дали NaN
случайный базис s_dbw: 4 из 200 перестановок дали NaN
случайный базис s_dbw: 1 из 200 перестановок дали NaN
случайный базис s_dbw: 19 из 200 перестановок дали NaN
случайный базис s_dbw: 11 из 200 перестановок дали NaN
случайный базис s_dbw: 5 из 200 перестановок дали NaN
случайный базис s_dbw: 32 из 200 перестановок дали NaN
случайный базис s_dbw: 27 из 200 перестановок дали NaN
случайный базис s_dbw: 1 из 200 перестановок дали NaN
случайный базис s_dbw: 55 из 200 перестановок дали NaN
случайный базис s_dbw: 19 из 200 перестановок дали NaN
случайный базис s_dbw: 125 из 200 перестановок дали NaN
случайный базис s_dbw: 117 из 200 перестановок дали NaN
случайный базис s_dbw: 9 из 200 перестановок дали NaN
случайный базис s_dbw: 68 из 200 перестановок дали NaN
случайный базис s_dbw: 2 из 200 перестановок дали NaN
случайный базис s_dbw: 1 из 200 перестановок дали NaN
случайный базис s_dbw: 12 из 200 перестановок дали NaN
случайный базис s_dbw: 3 из 200 перестановок дали NaN
случайный базис s_dbw: 3 из 200 перестановок дали NaN
случайный базис s_dbw: 17 из 200 перестановок дали NaN
случайный базис s_dbw: 69 из 200 перестановок дали NaN
случайный базис s_dbw: 1 из 200 перестановок дали NaN
случайный базис s_dbw: 25 из 200 перестановок дали NaN
случайный базис s_dbw: 61 из 200 перестановок дали NaN
случайный базис s_dbw: 122 из 200 перестановок дали NaN
случайный базис s_dbw: 99 из 200 перестановок дали NaN
случайный базис s_dbw: 24 из 200 перестановок дали NaN
случайный базис s_dbw: 2 из 200 перестановок дали NaN
случайный базис s_dbw: 81 из 200 перестановок дали NaN
случайный базис s_dbw: 37 из 200 перестановок дали NaN
случайный базис s_dbw: 9 из 200 перестановок дали NaN
случайный базис s_dbw: 3 из 200 перестановок дали NaN
случайный базис s_dbw: 16 из 200 перестановок дали NaN
случайный базис s_dbw: 15 из 200 перестановок дали NaN
случайный базис s_dbw: 3 из 200 перестановок дали NaN
случайный базис s_dbw: 57 из 200 перестановок дали NaN
случайный базис s_dbw: 3 из 200 перестановок дали NaN
случайный базис s_dbw: 116 из 200 перестановок дали NaN
случайный базис s_dbw: 89 из 200 перестановок дали NaN
случайный базис s_dbw: 1 из 200 перестановок дали NaN
случайный базис s_dbw: 9 из 200 перестановок дали NaN
случайный базис s_dbw: 3 из 200 перестановок дали NaN
случайный базис s_dbw: 15 из 200 перестановок дали NaN
случайный базис s_dbw: 13 из 200 перестановок дали NaN
случайный базис s_dbw: 4 из 200 перестановок дали NaN
случайный базис s_dbw: 111 из 200 перестановок дали NaN
случайный базис s_dbw: 1 из 200 перестановок дали NaN
случайный базис s_dbw: 89 из 200 перестановок дали NaN
случайный базис s_dbw: 20 из 200 перестановок дали NaN
случайный базис s_dbw: 5 из 200 перестановок дали NaN
случайный базис s_dbw: 4 из 200 перестановок дали NaN
случайный базис s_dbw: 19 из 200 перестановок дали NaN
случайный базис s_dbw: 16 из 200 перестановок дали NaN
случайный базис s_dbw: 62 из 200 перестановок дали NaN
случайный базис s_dbw: 4 из 200 перестановок дали NaN
случайный базис s_dbw: 121 из 200 перестановок дали NaN
случайный базис s_dbw: 100 из 200 перестановок дали NaN
случайный базис s_dbw: 27 из 200 перестановок дали NaN
случайный базис s_dbw: 4 из 200 перестановок дали NaN
случайный базис s_dbw: 12 из 200 перестановок дали NaN
случайный базис s_dbw: 7 из 200 перестановок дали NaN
случайный базис s_dbw: 28 из 200 перестановок дали NaN
случайный базис s_dbw: 57 из 200 перестановок дали NaN
случайный базис s_dbw: 61 из 200 перестановок дали NaN
случайный базис s_dbw: 123 из 200 перестановок дали NaN
случайный базис s_dbw: 43 из 200 перестановок дали NaN
случайный базис s_dbw: 61 из 200 перестановок дали NaN
случайный базис s_dbw: 138 из 200 перестановок дали NaN
случайный базис s_dbw: 79 из 200 перестановок дали NaN
случайный базис s_dbw: 15 из 200 перестановок дали NaN
случайный базис s_dbw: 10 из 200 перестановок дали NaN
случайный базис s_dbw: 11 из 200 перестановок дали NaN
случайный базис s_dbw: 71 из 200 перестановок дали NaN
случайный базис s_dbw: 2 из 200 перестановок дали NaN
случайный базис s_dbw: 1 из 200 перестановок дали NaN
случайный базис s_dbw: 14 из 200 перестановок дали NaN
случайный базис s_dbw: 16 из 200 перестановок дали NaN
случайный базис s_dbw: 13 из 200 перестановок дали NaN
случайный базис s_dbw: 35 из 200 перестановок дали NaN
случайный базис s_dbw: 63 из 200 перестановок дали NaN
случайный базис s_dbw: 10 из 200 перестановок дали NaN
случайный базис s_dbw: 10 из 200 перестановок дали NaN
случайный базис s_dbw: 131 из 200 перестановок дали NaN
случайный базис s_dbw: 5 из 200 перестановок дали NaN
случайный базис s_dbw: 124 из 200 перестановок дали NaN
случайный базис s_dbw: 40 из 200 перестановок дали NaN
случайный базис s_dbw: 17 из 200 перестановок дали NaN
случайный базис s_dbw: 14 из 200 перестановок дали NaN
случайный базис s_dbw: 2 из 200 перестановок дали NaN
случайный базис s_dbw: 28 из 200 перестановок дали NaN
случайный базис s_dbw: 1 из 200 перестановок дали NaN
случайный базис s_dbw: 73 из 200 перестановок дали NaN
случайный базис s_dbw: 35 из 200 перестановок дали NaN
случайный базис s_dbw: 13 из 200 перестановок дали NaN
случайный базис s_dbw: 125 из 200 перестановок дали NaN
случайный базис s_dbw: 9 из 200 перестановок дали NaN
случайный базис s_dbw: 117 из 200 перестановок дали NaN
случайный базис s_dbw: 2 из 200 перестановок дали NaN
случайный базис s_dbw: 46 из 200 перестановок дали NaN
случайный базис s_dbw: 10 из 200 перестановок дали NaN
случайный базис s_dbw: 4 из 200 перестановок дали NaN
случайный базис s_dbw: 1 из 200 перестановок дали NaN
2026-10-03 13:54:07,784 INFO munnet.clustering.compute: cluster[x_clipped]: ICVI и случайный базис за 32 с
2026-10-03 13:54:47,071 INFO munnet.clustering.compute: cluster[x_clipped]: бутстрап 20 повторов за 39 с
2026-10-03 13:54:51,184 INFO munnet.nodes: узлы: соединение «траты районов × население, узел 90077»: 3476 строк -> 3476
2026-10-03 13:54:51,304 INFO munnet.nodes: узел-город Москва (90077): 146 районов
2026-10-03 13:54:51,312 INFO munnet.nodes: узлы: соединение «траты районов × население, узел 90078»: 2388 строк -> 2388
2026-10-03 13:54:51,418 INFO munnet.nodes: узел-город Санкт-Петербург (90078): 101 районов
2026-10-03 13:54:51,672 INFO munnet.nodes: узлы (collapse): 1945 узлов, из них узлов-городов 2; МО панели 2190, исключено 0
2026-10-03 14:07:14,570 INFO munnet.clustering.stage: cluster: расчёт — 2828 с
C:\Users\1\AppData\Local\Temp\claude\C--Users-1-Desktop-sberindex\88336ceb-52e8-4598-9744-ea7313d592d2\scratchpad\repro_clean\copy\src\munnet\style.py:675: UserWarning: constrained_layout not applied because axes sizes collapsed to zero.  Try making figure larger or Axes decorations smaller.
  fig.savefig(path, format=fmt, dpi=dpi, metadata=metadata.get(fmt))
C:\Users\1\AppData\Local\Temp\claude\C--Users-1-Desktop-sberindex\88336ceb-52e8-4598-9744-ea7313d592d2\scratchpad\repro_clean\copy\src\munnet\clustering\report.py:1808: RuntimeWarning: Mean of empty slice
  else float(np.nanmean([tt.get(x, np.nan) for x in c.index[c["method"] == m]]))
2026-10-03 14:07:29,181 INFO munnet.clustering.report: cluster: отчёт docs\clustering.md
2026-10-03 14:07:29,182 INFO munnet.clustering.stage: cluster: выходы — data\processed, outputs\cluster; всего 2843 с
2026-10-03 14:07:29,185 INFO munnet: Этап evaluate: посчитать ICVI: SW, CH, S_Dbw, AVI, AVU, MQ
2026-10-03 14:07:30,983 INFO munnet.clustering.inputs: cluster: 1776 узлов, 12418 рёбер G, признаков X 11; пропуски заменены: {'urban_share_rel': 47, 'age_old_share_rel': 6, 'market_access_rel': 12}
случайный базис s_dbw: 7 из 200 перестановок дали NaN
случайный базис s_dbw: 23 из 200 перестановок дали NaN
случайный базис s_dbw: 51 из 200 перестановок дали NaN
случайный базис s_dbw: 79 из 200 перестановок дали NaN
случайный базис s_dbw: 90 из 200 перестановок дали NaN
случайный базис s_dbw: 121 из 200 перестановок дали NaN
случайный базис s_dbw: 116 из 200 перестановок дали NaN
случайный базис s_dbw: 125 из 200 перестановок дали NaN
случайный базис s_dbw: 4 из 200 перестановок дали NaN
случайный базис s_dbw: 7 из 200 перестановок дали NaN
случайный базис s_dbw: 32 из 200 перестановок дали NaN
случайный базис s_dbw: 49 из 200 перестановок дали NaN
случайный базис s_dbw: 78 из 200 перестановок дали NaN
случайный базис s_dbw: 99 из 200 перестановок дали NaN
случайный базис s_dbw: 112 из 200 перестановок дали NaN
случайный базис s_dbw: 93 из 200 перестановок дали NaN
случайный базис s_dbw: 2 из 200 перестановок дали NaN
случайный базис s_dbw: 18 из 200 перестановок дали NaN
случайный базис s_dbw: 52 из 200 перестановок дали NaN
случайный базис s_dbw: 83 из 200 перестановок дали NaN
случайный базис s_dbw: 92 из 200 перестановок дали NaN
случайный базис s_dbw: 118 из 200 перестановок дали NaN
случайный базис s_dbw: 128 из 200 перестановок дали NaN
случайный базис s_dbw: 111 из 200 перестановок дали NaN
случайный базис s_dbw: 17 из 200 перестановок дали NaN
случайный базис s_dbw: 19 из 200 перестановок дали NaN
случайный базис s_dbw: 57 из 200 перестановок дали NaN
случайный базис s_dbw: 99 из 200 перестановок дали NaN
случайный базис s_dbw: 120 из 200 перестановок дали NaN
случайный базис s_dbw: 129 из 200 перестановок дали NaN
случайный базис s_dbw: 118 из 200 перестановок дали NaN
случайный базис s_dbw: 120 из 200 перестановок дали NaN
случайный базис s_dbw: 3 из 200 перестановок дали NaN
случайный базис s_dbw: 16 из 200 перестановок дали NaN
случайный базис s_dbw: 31 из 200 перестановок дали NaN
случайный базис s_dbw: 58 из 200 перестановок дали NaN
случайный базис s_dbw: 90 из 200 перестановок дали NaN
случайный базис s_dbw: 81 из 200 перестановок дали NaN
случайный базис s_dbw: 1 из 200 перестановок дали NaN
случайный базис s_dbw: 26 из 200 перестановок дали NaN
случайный базис s_dbw: 49 из 200 перестановок дали NaN
случайный базис s_dbw: 21 из 200 перестановок дали NaN
случайный базис s_dbw: 85 из 200 перестановок дали NaN
случайный базис s_dbw: 19 из 200 перестановок дали NaN
случайный базис s_dbw: 34 из 200 перестановок дали NaN
случайный базис s_dbw: 84 из 200 перестановок дали NaN
случайный базис s_dbw: 74 из 200 перестановок дали NaN
случайный базис s_dbw: 94 из 200 перестановок дали NaN
случайный базис s_dbw: 62 из 200 перестановок дали NaN
случайный базис s_dbw: 80 из 200 перестановок дали NaN
случайный базис s_dbw: 42 из 200 перестановок дали NaN
случайный базис s_dbw: 2 из 200 перестановок дали NaN
случайный базис s_dbw: 32 из 200 перестановок дали NaN
случайный базис s_dbw: 35 из 200 перестановок дали NaN
случайный базис s_dbw: 64 из 200 перестановок дали NaN
случайный базис s_dbw: 93 из 200 перестановок дали NaN
случайный базис s_dbw: 82 из 200 перестановок дали NaN
случайный базис s_dbw: 4 из 200 перестановок дали NaN
случайный базис s_dbw: 13 из 200 перестановок дали NaN
случайный базис s_dbw: 71 из 200 перестановок дали NaN
случайный базис s_dbw: 110 из 200 перестановок дали NaN
случайный базис s_dbw: 109 из 200 перестановок дали NaN
случайный базис s_dbw: 121 из 200 перестановок дали NaN
случайный базис s_dbw: 127 из 200 перестановок дали NaN
случайный базис s_dbw: 123 из 200 перестановок дали NaN
2026-10-03 14:08:44,240 INFO munnet.icvi_stage: evaluate: 87 кандидатов за 73.2 с
2026-10-03 14:08:48,455 INFO matplotlib.category: Using categorical units to plot a list of strings that are all parsable as floats or dates. If these strings should be plotted as numbers, cast to the appropriate data type before plotting.
2026-10-03 14:08:48,456 INFO matplotlib.category: Using categorical units to plot a list of strings that are all parsable as floats or dates. If these strings should be plotted as numbers, cast to the appropriate data type before plotting.
2026-10-03 14:08:49,306 INFO munnet.icvi_report: evaluate: отчёт docs\icvi.md
2026-10-03 14:08:49,306 INFO munnet.icvi_stage: evaluate: выходы outputs\evaluate
2026-10-03 14:08:49,307 INFO munnet: Этап dynamics: проследить изменения кластеров во времени
2026-10-03 14:08:51,011 INFO munnet.clustering.inputs: cluster: 1776 узлов, 12418 рёбер G, признаков X 11; пропуски заменены: {'urban_share_rel': 47, 'age_old_share_rel': 6, 'market_access_rel': 12}
2026-10-03 14:08:56,428 INFO munnet.dynamics.stage: dynamics: 2023-01…2023-12 — K = 4, ARI разных seed 0.993
2026-10-03 14:08:58,280 INFO munnet.dynamics.stage: dynamics: 2023-02…2024-01 — K = 4, ARI разных seed 0.998
2026-10-03 14:08:59,997 INFO munnet.dynamics.stage: dynamics: 2023-03…2024-02 — K = 4, ARI разных seed 1.000
2026-10-03 14:09:01,735 INFO munnet.dynamics.stage: dynamics: 2023-04…2024-03 — K = 4, ARI разных seed 1.000
2026-10-03 14:09:03,499 INFO munnet.dynamics.stage: dynamics: 2023-05…2024-04 — K = 4, ARI разных seed 0.995
2026-10-03 14:09:05,229 INFO munnet.dynamics.stage: dynamics: 2023-06…2024-05 — K = 4, ARI разных seed 0.996
2026-10-03 14:09:07,021 INFO munnet.dynamics.stage: dynamics: 2023-07…2024-06 — K = 4, ARI разных seed 0.996
2026-10-03 14:09:08,788 INFO munnet.dynamics.stage: dynamics: 2023-08…2024-07 — K = 4, ARI разных seed 0.995
2026-10-03 14:09:10,540 INFO munnet.dynamics.stage: dynamics: 2023-09…2024-08 — K = 4, ARI разных seed 1.000
2026-10-03 14:09:12,181 INFO munnet.dynamics.stage: dynamics: 2023-10…2024-09 — K = 4, ARI разных seed 1.000
2026-10-03 14:09:13,911 INFO munnet.dynamics.stage: dynamics: 2023-11…2024-10 — K = 4, ARI разных seed 1.000
2026-10-03 14:09:15,594 INFO munnet.dynamics.stage: dynamics: 2023-12…2024-11 — K = 4, ARI разных seed 1.000
2026-10-03 14:09:17,228 INFO munnet.dynamics.stage: dynamics: 2024-01…2024-12 — K = 4, ARI разных seed 1.000
2026-10-03 14:09:18,947 INFO munnet.dynamics.stage: dynamics: 2023, нечётные месяцы — K = 4, ARI разных seed 1.000
2026-10-03 14:09:20,786 INFO munnet.dynamics.stage: dynamics: 2023, чётные месяцы — K = 4, ARI разных seed 1.000
2026-10-03 14:09:22,544 INFO munnet.dynamics.stage: dynamics: 2024, нечётные месяцы — K = 4, ARI разных seed 1.000
2026-10-03 14:09:24,242 INFO munnet.dynamics.stage: dynamics: 2024, чётные месяцы — K = 4, ARI разных seed 1.000
2026-10-03 14:09:25,861 INFO munnet.dynamics.stage: dynamics: 24 месяца — K = 4, ARI разных seed 1.000
2026-10-03 14:09:28,089 INFO munnet.dynamics.stage: dynamics: сменили тип 2023 → 2024 15.3% узлов, шум 5.5%, надёжных переходов 181
2026-10-03 14:09:34,319 INFO munnet.dynamics.report: dynamics: отчёт docs\dynamics.md
2026-10-03 14:09:34,319 INFO munnet.dynamics.stage: dynamics: способы refit_match, fixed_prototypes, evolutionary, 45 с
2026-10-03 14:09:34,322 INFO munnet: Этап interpret: проверки тезиса, профили, названия и примеры типов (этап 5)
2026-10-03 14:09:36,133 INFO munnet.clustering.inputs: cluster: 1776 узлов, 12418 рёбер G, признаков X 11; пропуски заменены: {'urban_share_rel': 47, 'age_old_share_rel': 6, 'market_access_rel': 12}
2026-10-03 14:09:37,044 INFO munnet.nodes: узлы (separate): 2190 узлов, из них узлов-городов 0; МО панели 2190, исключено 0
2026-10-03 14:09:38,067 INFO munnet.clustering.inputs: cluster: режим узлов separate — 2016 узлов
2026-10-03 14:09:38,708 INFO munnet.nodes: узлы (separate): 2190 узлов, из них узлов-городов 0; МО панели 2190, исключено 0
2026-10-03 14:09:39,739 INFO munnet.clustering.inputs: cluster: режим узлов separate — 2016 узлов
2026-10-03 14:09:57,289 INFO munnet.interpret.stage: interpret: evidence — 18 с
2026-10-03 14:12:50,577 INFO munnet.interpret.stage: interpret: controls — 173 с
2026-10-03 14:13:59,961 INFO munnet.interpret.stage: interpret: t1_t5_t4 — 69 с
2026-10-03 14:29:06,421 INFO munnet.interpret.stage: interpret: placebo_main — 906 с
2026-10-03 14:42:46,417 INFO munnet.interpret.stage: interpret: вариант graph_basket_cos — 820 с
2026-10-03 14:57:22,620 INFO munnet.interpret.stage: interpret: вариант no_level — 876 с
2026-10-03 15:11:53,450 INFO munnet.interpret.stage: interpret: вариант nodes_separate — 871 с
2026-10-03 15:26:44,032 INFO munnet.interpret.stage: interpret: seed 142 — 891 с
2026-10-03 15:41:35,202 INFO munnet.interpret.stage: interpret: seed 242 — 891 с
2026-10-03 15:56:21,681 INFO munnet.interpret.stage: interpret: seed 342 — 886 с
2026-10-03 16:11:07,286 INFO munnet.interpret.stage: interpret: seed 442 — 886 с
2026-10-03 16:11:07,286 INFO munnet.interpret.stage: interpret: robustness — 6121 с
2026-10-03 16:11:24,800 INFO munnet.interpret.stage: interpret: t6_t7 — 18 с
2026-10-03 16:11:44,812 INFO munnet.interpret.stage: interpret: describe — 20 с
2026-10-03 16:11:49,314 INFO munnet.interpret.report: interpret: отчёт docs\interpretation.md
2026-10-03 16:11:49,318 INFO munnet.interpret.stage: interpret: готово за 7335 с
2026-10-03 16:11:49,373 INFO munnet: Этап usefulness: разведка после вскрытия: польза сверки с соседями по региону, устойчивость типа МО
2026-10-03 16:11:56,760 INFO munnet.usefulness: usefulness: соседи по региону ближе похожих по тратам в 882 из 1542 случаев (0.572, интервал 0.547–0.597: чаще, чем нет); пример — Йошкар-Ола (Республика Марий Эл); тип устойчив у 578 из 1776 узлов
2026-10-03 16:12:23,812 INFO munnet.usefulness_by_type: usefulness.by_type_test: вердикты по прогонам {'main': 'confirmed', 'variant:graph_basket_cos': 'confirmed', 'variant:no_level': 'confirmed', 'variant:nodes_separate': 'confirmed', 'seed:142': 'confirmed', 'seed:242': 'confirmed', 'seed:342': 'confirmed', 'seed:442': 'confirmed'}; в главный текст — confirmed (main)
2026-10-03 16:12:30,193 INFO munnet.usefulness_size: usefulness.size_posthoc (разведка после вскрытия): доля «B ближе D» по квинтилям населения [0.582, 0.568, 0.555, 0.549, 0.507]; крупные против остальных Δ -0.0563; p типа при равном размере 0.552, размера при равном типе 0.045
2026-10-03 16:12:30,194 INFO munnet: Этап site: собрать данные для интерактивного лендинга
2026-10-03 16:12:30,902 INFO munnet.landing: site: палитры типов — 39 проверок пройдены
2026-10-03 16:12:32,652 INFO munnet.clustering.inputs: cluster: 1776 узлов, 12418 рёбер G, признаков X 11; пропуски заменены: {'urban_share_rel': 47, 'age_old_share_rel': 6, 'market_access_rel': 12}
2026-10-03 16:12:37,392 INFO munnet.site_layout: site: доля сохранённых соседей (k = 10, 1776 узлов, 12418 рёбер): graph_fr 0.2989, hybrid_pca 0.0733; случайная схема 0.0078; выбор — перестановки нет
2026-10-03 16:12:37,875 INFO munnet.site_hexgrid: site: ячейки 1945 (сторона 40 км, запас 15%): смещение медиана 408 км, 90% — 655, макс. 2613; регионов разорвано 0 из 77; сохранено ближайших соседей 0.58
2026-10-03 16:12:39,577 INFO munnet.clustering.inputs: cluster: 1776 узлов, 12418 рёбер G, признаков X 11; пропуски заменены: {'urban_share_rel': 47, 'age_old_share_rel': 6, 'market_access_rel': 12}
2026-10-03 16:12:41,711 INFO munnet.landing: site: страница 2.94 МБ (из них vendor 0.86 МБ), первый экран 0.75 МБ
2026-10-03 16:12:41,711 WARNING munnet.landing: site: первый экран 0.75 МБ больше budget_mb.first_screen 0.30
2026-10-03 16:12:41,728 INFO munnet.landing: site (normal): 26 файлов в site (index.html 2123 КБ, data/story.json 32 КБ, data/mo.json 1165 КБ, data/types.json 16 КБ, data/checks.json 26 КБ, data/methods.json 27 КБ, data/hexgrid.json 47 КБ, data/scene.json 78 КБ, vendor/fonts/fonts.css 3 КБ, vendor/fonts/golos-text-cyrillic-ext-wght-normal.woff2 17 КБ, vendor/fonts/golos-text-cyrillic-wght-normal.woff2 22 КБ, vendor/fonts/golos-text-latin-ext-wght-normal.woff2 19 КБ, vendor/fonts/golos-text-latin-wght-normal.woff2 37 КБ, vendor/fonts/golos-text-OFL.txt 4 КБ, vendor/fonts/unbounded-cyrillic-ext-wght-normal.woff2 2 КБ, vendor/fonts/unbounded-cyrillic-wght-normal.woff2 31 КБ, vendor/fonts/unbounded-latin-wght-normal.woff2 50 КБ, vendor/fonts/unbounded-OFL.txt 4 КБ, vendor/three.module.min.js 675 КБ, vendor/OrbitControls.js 31 КБ, vendor/three-LICENSE.txt 1 КБ, vendor/README.md 4 КБ); строк mo.json 2192; ячеек 1945
EXIT=0
Sat Oct  3 16:12:42 RTZ 2026
