2026-10-06 20:13:10,183 INFO munnet: Этап data: скачать и распаковать исходные данные
2026-10-06 20:13:10,419 INFO munnet.data: hackathonlicence.zip уже скачан
2026-10-06 20:13:10,421 INFO munnet.data: hackathonlicence.zip уже распакован в data\raw\hackathon
2026-10-06 20:13:10,446 INFO munnet.data: t_dict_municipal.rar уже скачан
2026-10-06 20:13:10,447 INFO munnet.data: t_dict_municipal.rar уже распакован в data\raw\borders
2026-10-06 20:13:10,455 INFO munnet.data: Y48112027.csv.gz уже скачан
2026-10-06 20:13:10,471 INFO munnet.data: Y48112014_2023.csv.gz уже скачан
2026-10-06 20:13:10,486 INFO munnet.data: Y48112014_2024.csv.gz уже скачан
2026-10-06 20:13:10,508 INFO munnet.data: Y48423005.csv.gz уже скачан
2026-10-06 20:13:10,535 INFO munnet.data: Y48423006.csv.gz уже скачан
2026-10-06 20:13:10,570 INFO munnet.data: Y48423007.csv.gz уже скачан
2026-10-06 20:13:10,575 INFO munnet.data: Y48401003.csv.gz уже скачан
2026-10-06 20:13:10,577 INFO munnet.data: Y48401006.csv.gz уже скачан
2026-10-06 20:13:10,582 INFO munnet.data: Y48401011.csv.gz уже скачан
2026-10-06 20:13:10,583 INFO munnet.data: Y49010002.csv.gz уже скачан
2026-10-06 20:13:10,586 INFO munnet.data: Y49010003.csv.gz уже скачан
2026-10-06 20:13:10,599 INFO munnet.data: Y48109001.csv.gz уже скачан
2026-10-06 20:13:10,600 INFO munnet.data: Y47000004.csv.gz уже скачан
2026-10-06 20:13:10,601 INFO munnet.data: Y48060002.csv.gz уже скачан
2026-10-06 20:13:10,638 INFO munnet.data: data_5ndfl_155_v20260722.parquet уже скачан
2026-10-06 20:13:10,644 INFO munnet: Этап panel: собрать панель «МО × месяц × категория», справочник территорий и контекст
2026-10-06 20:13:11,809 INFO munnet.panel: панель: 2190 МО, 50521 МО-месяцев, 353647 строк
2026-10-06 20:13:12,875 INFO munnet.panel.territory: статус центра субъекта снят у 2 МО (в субъекте центр — городской округ): [{'territory_id': 1207, 'name': 'Кировский муниципальный район'}, {'territory_id': 2339, 'name': 'Биробиджанский муниципальный район'}]
2026-10-06 20:13:19,619 INFO munnet.panel: справочник: 2190 МО панели, 2660 полигонов
2026-10-06 20:13:20,361 INFO munnet.panel.context: БД ПМО Y48112027: 25356 строк верхнего уровня
2026-10-06 20:13:23,375 INFO munnet.panel.context: БД ПМО Y48423005: 396003 строк верхнего уровня
2026-10-06 20:13:25,934 INFO munnet.panel.context: БД ПМО Y48423006: 400638 строк верхнего уровня
2026-10-06 20:13:29,111 INFO munnet.panel.context: БД ПМО Y48423007: 488576 строк верхнего уровня
2026-10-06 20:13:29,626 INFO munnet.panel.context: БД ПМО Y48401003: 112298 строк верхнего уровня
2026-10-06 20:13:29,804 INFO munnet.panel.context: БД ПМО Y48401006: 26784 строк верхнего уровня
2026-10-06 20:13:30,284 INFO munnet.panel.context: БД ПМО Y48401011: 65913 строк верхнего уровня
2026-10-06 20:13:30,401 INFO munnet.panel.context: БД ПМО Y49010002: 12277 строк верхнего уровня
2026-10-06 20:13:30,525 INFO munnet.panel.context: БД ПМО Y49010003: 12285 строк верхнего уровня
2026-10-06 20:13:30,582 INFO munnet.panel.context: БД ПМО Y47000004: 4558 строк верхнего уровня
2026-10-06 20:13:30,681 INFO munnet.panel.context: БД ПМО Y48060002: 4696 строк верхнего уровня
2026-10-06 20:13:31,711 INFO munnet.panel.context: БД ПМО Y48109001: 178856 строк верхнего уровня
2026-10-06 20:13:34,137 INFO munnet.panel.context: БД ПМО Y48112014_2023: 819668 строк верхнего уровня
2026-10-06 20:13:36,582 INFO munnet.panel.context: БД ПМО Y48112014_2024: 809545 строк верхнего уровня
2026-10-06 20:13:41,732 INFO munnet.panel.ndfl: 5-НДФЛ income: 6091 строк МО-год
2026-10-06 20:13:41,732 INFO munnet.panel.ndfl: 5-НДФЛ recipients: 6030 строк МО-год
2026-10-06 20:13:41,732 INFO munnet.panel.ndfl: 5-НДФЛ: 3187 пар моста oktmo_stable
2026-10-06 20:13:48,163 INFO munnet.panel.context: население 2023: перенесено с 2022 года у 1 МО
2026-10-06 20:13:48,177 INFO munnet.panel.context: население 2024: перенесено с 2023 года у 28 МО
2026-10-06 20:13:48,360 INFO munnet.panel.crosswalk: год 2022: значение уже за объединённое МО (union_merged) у МО [772, 1248, 1524, 2877]
2026-10-06 20:13:48,543 INFO munnet.panel.crosswalk: год 2023: значение уже за объединённое МО (union_merged) у МО [1471]
2026-10-06 20:13:48,944 INFO munnet.panel.crosswalk: год 2022: значение уже за объединённое МО (union_merged) у МО [772, 1248, 1524, 2877]
2026-10-06 20:13:49,119 INFO munnet.panel.crosswalk: год 2023: значение уже за объединённое МО (union_merged) у МО [1471]
2026-10-06 20:13:49,357 INFO munnet.panel.context: 5-НДФЛ: получатели с дефектом источника (recipients_jump) у 43 МО-лет срезов
2026-10-06 20:13:49,501 WARNING munnet.panel.context: доля горожан вне [0; 1] у 1 МО-лет — пропуск
2026-10-06 20:13:49,687 INFO munnet.panel.context: 5-НДФЛ: ndfl_ok по соседнему году (получатели своего года — дефект) у 33 МО-лет
2026-10-06 20:13:50,206 INFO munnet.panel: контекст: 121301 значений, 10457 потерь
2026-10-06 20:13:52,705 INFO munnet.panel.ndfl: 5-НДФЛ, города целиком: 6 строк (45000000)
2026-10-06 20:13:59,323 INFO munnet.panel: этап panel готов за 48.5 с; мягких расхождений: 0; выходы: data\processed, outputs\panel
2026-10-06 20:13:59,339 INFO munnet: Этап eda: разведочный анализ: графики, таблицы и отчёт docs/eda.md
2026-10-06 20:14:10,473 INFO munnet.eda: Раздел e1 «Что есть в данных»: 8.7 с
2026-10-06 20:14:19,948 INFO munnet.eda: Раздел e2 «Сколько тратят и от чего это зависит»: 9.5 с
2026-10-06 20:14:20,266 INFO munnet.eda.s3_rhythm: E3: устойчивый свой ритм у 314 МО из 2016 (15.6%, на нуле 1.5%), доля общего ритма 0.731
2026-10-06 20:14:27,083 INFO munnet.eda: Раздел e3 «Годовой ритм»: 7.1 с
2026-10-06 20:14:29,568 INFO munnet.eda: Раздел e4 «Корзина и маркетплейсы»: 2.5 с
2026-10-06 20:14:31,770 INFO munnet.eda: Раздел e5 «Экономика места»: 2.2 с
2026-10-06 20:14:35,958 INFO munnet.eda.synthesis: Сводка: own_reliable — флаг, η² и I Морана не считаются
2026-10-06 20:14:36,465 INFO munnet.eda.synthesis: Сводка: 17 показателей МО, 16 в T13
2026-10-06 20:14:37,800 INFO munnet.nodes: узлы: соединение «траты районов × население, узел 90077»: 3476 строк -> 3476
2026-10-06 20:14:37,916 INFO munnet.nodes: узел-город Москва (90077): 146 районов
2026-10-06 20:14:37,924 INFO munnet.nodes: узлы: соединение «траты районов × население, узел 90078»: 2388 строк -> 2388
2026-10-06 20:14:38,028 INFO munnet.nodes: узел-город Санкт-Петербург (90078): 101 районов
2026-10-06 20:14:38,210 INFO munnet.nodes: узлы (collapse): 1945 узлов, из них узлов-городов 2; МО панели 2190, исключено 0
2026-10-06 20:14:42,900 INFO munnet.eda: Отчёт: docs\eda.md
2026-10-06 20:14:42,902 INFO munnet: Этап features: признаки узлов для сети (этап 2)
2026-10-06 20:14:43,110 INFO munnet.nodes: узлы: соединение «траты районов × население, узел 90077»: 3476 строк -> 3476
2026-10-06 20:14:43,226 INFO munnet.nodes: узел-город Москва (90077): 146 районов
2026-10-06 20:14:43,234 INFO munnet.nodes: узлы: соединение «траты районов × население, узел 90078»: 2388 строк -> 2388
2026-10-06 20:14:43,337 INFO munnet.nodes: узел-город Санкт-Петербург (90078): 101 районов
2026-10-06 20:14:43,525 INFO munnet.nodes: узлы (collapse): 1945 узлов, из них узлов-городов 2; МО панели 2190, исключено 0
2026-10-06 20:14:43,792 INFO munnet.features: features: режим узлов collapse, узлов сети 1776 из 1945 (ряд не короче 24 мес.)
2026-10-06 20:14:44,048 INFO munnet.features: корзина по месяцам: мультипликативная замена долей < 0.001 у 1 узло-месяцев
2026-10-06 20:14:50,214 INFO munnet.features_report: features: отчёт docs\features.md
2026-10-06 20:14:50,215 INFO munnet.features: features: ami_region = 0.004793 (сверка: 0.005, разница -0.0002071; черновик 26.09: 0.004)
2026-10-06 20:14:50,215 INFO munnet.features: features: ari_years = 0.3172 (сверка: 0.317, разница +0.0001563; черновик 26.09: 0.32)
2026-10-06 20:14:50,215 INFO munnet.features: features: moved_share = 0.2331 (сверка: 0.233, разница +0.0001081; черновик 26.09: 0.228)
2026-10-06 20:14:50,215 INFO munnet.features: features: noise_share = 0.07714 (сверка: 0.077, разница +0.0001396; черновик 26.09: 0.075)
2026-10-06 20:14:50,215 INFO munnet.features: features: offline_2023 = 722 (сверка: 722, разница +0; черновик 26.09: 720.0)
2026-10-06 20:14:50,215 INFO munnet.features: features: offline_2024 = 18 (сверка: 18, разница +0; черновик 26.09: 17.0)
2026-10-06 20:14:50,215 INFO munnet.features: features: tree_kappa = 0.3147 (сверка: 0.315, разница -0.000292; черновик 26.09: 0.31)
2026-10-06 20:14:50,215 INFO munnet.features: features: tree_kappa_clean = 0.1209 (сверка: 0.121, разница -7.646e-05; черновик 26.09: —)
2026-10-06 20:14:50,215 INFO munnet.features: features: выходы — data\processed/features_*.parquet, outputs\features
2026-10-06 20:14:50,218 INFO munnet: Этап network: построить рёбра по правилам из конфига
2026-10-06 20:14:51,387 INFO munnet.network.stage: network: 1776 узлов (режим collapse), исключено 169; корзина окна = features_windows (1e-15)
2026-10-06 20:14:53,635 INFO munnet.network.geo: дороги (railway): 1319314 повторных записей пар схлопнуто (пары в обе стороны)
2026-10-06 20:14:58,537 INFO munnet.network.stage: network: правило basket_cos (basket_cosine)
2026-10-06 20:15:05,147 INFO munnet.network.stage: network: правило basket_dist (basket_distance)
2026-10-06 20:15:13,671 INFO munnet.network.stage: network: правило rhythm_corr (rhythm_corr)
2026-10-06 20:15:20,985 INFO munnet.network.stage: network: правило rhythm_corr_all (rhythm_corr)
2026-10-06 20:15:28,582 INFO munnet.network.stage: network: правило rhythm_lag (rhythm_lag)
2026-10-06 20:15:36,027 INFO munnet.network.stage: network: правило rhythm_dtw (rhythm_dtw)
2026-10-06 20:16:08,224 INFO munnet.network.stage: network: правило basket_dist_abs (basket_distance)
2026-10-06 20:16:16,594 INFO munnet.network.stage: network: правило rhythm_corr_rel (rhythm_corr)
2026-10-06 20:16:24,594 INFO munnet.network.stage: network: правило geo_gravity (gravity)
2026-10-06 20:16:28,595 INFO munnet.network.stage: network: чувствительность к k, способы разрежения, сходство правил между собой
2026-10-06 20:19:19,395 INFO munnet.network.stage: network: бутстрап месяцев для критериев выбора и допуска ничьей
2026-10-06 20:20:19,254 INFO munnet.network.stage: network: выбрано правило basket_dist; Парето-фронт ['basket_dist']; альтернативы ['rhythm_corr', 'geo_road']
2026-10-06 20:20:19,254 INFO munnet.network.stage: network: режимы узлов ['separate'] и окна динамики
2026-10-06 20:20:19,632 INFO munnet.nodes: узлы (separate): 2190 узлов, из них узлов-городов 0; МО панели 2190, исключено 0
2026-10-06 20:20:19,958 INFO munnet.network.data: network: режим узлов separate — 2016 узлов сети
2026-10-06 20:20:47,619 INFO munnet.network.report: network: отчёт docs\network.md
2026-10-06 20:20:47,619 INFO munnet.network.stage: network: выходы — data\processed/network_*.parquet, outputs\network; 357 с
2026-10-06 20:20:47,688 INFO munnet: Этап cluster: кластеризовать узлы сети разными методами
2026-10-06 20:20:49,388 INFO munnet.clustering.inputs: cluster: 1776 узлов, 12418 рёбер G, признаков X 11; пропуски заменены: {'urban_share_rel': 47, 'age_old_share_rel': 6, 'market_access_rel': 12}
2026-10-06 20:20:49,390 INFO munnet.clustering.stage: cluster: G — 12418 рёбер, компонент связности 1, веса True
2026-10-06 20:21:14,043 INFO munnet.clustering.compute: cluster[main]: параметры под K подобраны за 25 с
2026-10-06 20:21:40,388 INFO munnet.clustering.compute: cluster[main]: 87 кандидатов за 26 с
случайный базис s_dbw: 17 из 200 перестановок дали NaN
случайный базис s_dbw: 19 из 200 перестановок дали NaN
случайный базис s_dbw: 57 из 200 перестановок дали NaN
случайный базис s_dbw: 99 из 200 перестановок дали NaN
случайный базис s_dbw: 30 из 200 перестановок дали NaN
случайный базис s_dbw: 63 из 200 перестановок дали NaN
случайный базис s_dbw: 100 из 200 перестановок дали NaN
случайный базис s_dbw: 156 из 200 перестановок дали NaN
случайный базис s_dbw: 120 из 200 перестановок дали NaN
случайный базис s_dbw: 129 из 200 перестановок дали NaN
случайный базис s_dbw: 118 из 200 перестановок дали NaN
случайный базис s_dbw: 120 из 200 перестановок дали NaN
случайный базис s_dbw: 163 из 200 перестановок дали NaN
случайный базис s_dbw: 4 из 200 перестановок дали NaN
случайный базис s_dbw: 162 из 200 перестановок дали NaN
случайный базис s_dbw: 13 из 200 перестановок дали NaN
случайный базис s_dbw: 71 из 200 перестановок дали NaN
случайный базис s_dbw: 22 из 200 перестановок дали NaN
случайный базис s_dbw: 158 из 200 перестановок дали NaN
случайный базис s_dbw: 110 из 200 перестановок дали NaN
случайный базис s_dbw: 51 из 200 перестановок дали NaN
случайный базис s_dbw: 143 из 200 перестановок дали NaN
случайный базис s_dbw: 112 из 200 перестановок дали NaN
случайный базис s_dbw: 109 из 200 перестановок дали NaN
случайный базис s_dbw: 121 из 200 перестановок дали NaN
случайный базис s_dbw: 155 из 200 перестановок дали NaN
случайный базис s_dbw: 127 из 200 перестановок дали NaN
случайный базис s_dbw: 123 из 200 перестановок дали NaN
случайный базис s_dbw: 160 из 200 перестановок дали NaN
случайный базис s_dbw: 7 из 200 перестановок дали NaN
случайный базис s_dbw: 172 из 200 перестановок дали NaN
случайный базис s_dbw: 23 из 200 перестановок дали NaN
случайный базис s_dbw: 10 из 200 перестановок дали NaN
случайный базис s_dbw: 152 из 200 перестановок дали NaN
случайный базис s_dbw: 51 из 200 перестановок дали NaN
случайный базис s_dbw: 79 из 200 перестановок дали NaN
случайный базис s_dbw: 147 из 200 перестановок дали NaN
случайный базис s_dbw: 49 из 200 перестановок дали NaN
случайный базис s_dbw: 90 из 200 перестановок дали NaN
случайный базис s_dbw: 99 из 200 перестановок дали NaN
случайный базис s_dbw: 121 из 200 перестановок дали NaN
случайный базис s_dbw: 138 из 200 перестановок дали NaN
случайный базис s_dbw: 116 из 200 перестановок дали NaN
случайный базис s_dbw: 125 из 200 перестановок дали NaN
случайный базис s_dbw: 155 из 200 перестановок дали NaN
случайный базис s_dbw: 168 из 200 перестановок дали NaN
случайный базис s_dbw: 157 из 200 перестановок дали NaN
случайный базис s_dbw: 3 из 200 перестановок дали NaN
случайный базис s_dbw: 16 из 200 перестановок дали NaN
случайный базис s_dbw: 152 из 200 перестановок дали NaN
случайный базис s_dbw: 6 из 200 перестановок дали NaN
случайный базис s_dbw: 59 из 200 перестановок дали NaN
случайный базис s_dbw: 31 из 200 перестановок дали NaN
случайный базис s_dbw: 121 из 200 перестановок дали NaN
случайный базис s_dbw: 58 из 200 перестановок дали NaN
случайный базис s_dbw: 90 из 200 перестановок дали NaN
случайный базис s_dbw: 81 из 200 перестановок дали NaN
случайный базис s_dbw: 149 из 200 перестановок дали NaN
случайный базис s_dbw: 166 из 200 перестановок дали NaN
случайный базис s_dbw: 1 из 200 перестановок дали NaN
случайный базис s_dbw: 168 из 200 перестановок дали NaN
случайный базис s_dbw: 26 из 200 перестановок дали NaN
случайный базис s_dbw: 157 из 200 перестановок дали NaN
случайный базис s_dbw: 7 из 200 перестановок дали NaN
случайный базис s_dbw: 63 из 200 перестановок дали NaN
случайный базис s_dbw: 49 из 200 перестановок дали NaN
случайный базис s_dbw: 132 из 200 перестановок дали NaN
случайный базис s_dbw: 85 из 200 перестановок дали NaN
случайный базис s_dbw: 2 из 200 перестановок дали NaN
случайный базис s_dbw: 169 из 200 перестановок дали NaN
случайный базис s_dbw: 32 из 200 перестановок дали NaN
случайный базис s_dbw: 175 из 200 перестановок дали NaN
случайный базис s_dbw: 8 из 200 перестановок дали NaN
случайный базис s_dbw: 35 из 200 перестановок дали NaN
случайный базис s_dbw: 55 из 200 перестановок дали NaN
случайный базис s_dbw: 64 из 200 перестановок дали NaN
случайный базис s_dbw: 129 из 200 перестановок дали NaN
случайный базис s_dbw: 21 из 200 перестановок дали NaN
случайный базис s_dbw: 93 из 200 перестановок дали NaN
случайный базис s_dbw: 158 из 200 перестановок дали NaN
случайный базис s_dbw: 82 из 200 перестановок дали NaN
случайный базис s_dbw: 165 из 200 перестановок дали NaN
случайный базис s_dbw: 19 из 200 перестановок дали NaN
случайный базис s_dbw: 25 из 200 перестановок дали NaN
случайный базис s_dbw: 34 из 200 перестановок дали NaN
случайный базис s_dbw: 84 из 200 перестановок дали NaN
случайный базис s_dbw: 165 из 200 перестановок дали NaN
случайный базис s_dbw: 31 из 200 перестановок дали NaN
случайный базис s_dbw: 74 из 200 перестановок дали NaN
случайный базис s_dbw: 58 из 200 перестановок дали NaN
случайный базис s_dbw: 160 из 200 перестановок дали NaN
случайный базис s_dbw: 117 из 200 перестановок дали NaN
случайный базис s_dbw: 94 из 200 перестановок дали NaN
случайный базис s_dbw: 138 из 200 перестановок дали NaN
случайный базис s_dbw: 62 из 200 перестановок дали NaN
случайный базис s_dbw: 80 из 200 перестановок дали NaN
случайный базис s_dbw: 42 из 200 перестановок дали NaN
случайный базис s_dbw: 150 из 200 перестановок дали NaN
случайный базис s_dbw: 4 из 200 перестановок дали NaN
случайный базис s_dbw: 75 из 200 перестановок дали NaN
случайный базис s_dbw: 7 из 200 перестановок дали NaN
случайный базис s_dbw: 95 из 200 перестановок дали NaN
случайный базис s_dbw: 32 из 200 перестановок дали NaN
случайный базис s_dbw: 12 из 200 перестановок дали NaN
случайный базис s_dbw: 83 из 200 перестановок дали NaN
случайный базис s_dbw: 49 из 200 перестановок дали NaN
случайный базис s_dbw: 41 из 200 перестановок дали NaN
случайный базис s_dbw: 78 из 200 перестановок дали NaN
случайный базис s_dbw: 116 из 200 перестановок дали NaN
случайный базис s_dbw: 137 из 200 перестановок дали NaN
случайный базис s_dbw: 99 из 200 перестановок дали NaN
случайный базис s_dbw: 112 из 200 перестановок дали NaN
случайный базис s_dbw: 93 из 200 перестановок дали NaN
случайный базис s_dbw: 150 из 200 перестановок дали NaN
случайный базис s_dbw: 2 из 200 перестановок дали NaN
случайный базис s_dbw: 174 из 200 перестановок дали NaN
случайный базис s_dbw: 18 из 200 перестановок дали NaN
случайный базис s_dbw: 180 из 200 перестановок дали NaN
случайный базис s_dbw: 52 из 200 перестановок дали NaN
случайный базис s_dbw: 8 из 200 перестановок дали NaN
случайный базис s_dbw: 83 из 200 перестановок дали NaN
случайный базис s_dbw: 155 из 200 перестановок дали NaN
случайный базис s_dbw: 45 из 200 перестановок дали NaN
случайный базис s_dbw: 92 из 200 перестановок дали NaN
случайный базис s_dbw: 104 из 200 перестановок дали NaN
случайный базис s_dbw: 148 из 200 перестановок дали NaN
случайный базис s_dbw: 118 из 200 перестановок дали NaN
случайный базис s_dbw: 128 из 200 перестановок дали NaN
случайный базис s_dbw: 111 из 200 перестановок дали NaN
случайный базис s_dbw: 161 из 200 перестановок дали NaN
случайный базис s_dbw: 174 из 200 перестановок дали NaN
случайный базис s_dbw: 166 из 200 перестановок дали NaN
случайный базис s_dbw: 147 из 200 перестановок дали NaN
2026-10-06 20:22:14,398 INFO munnet.clustering.compute: cluster[main]: ICVI и случайный базис за 34 с
2026-10-06 20:25:14,944 INFO munnet.clustering.compute: cluster[main]: бутстрап 100 повторов за 181 с
случайный базис s_dbw: 3 из 200 перестановок дали NaN
случайный базис s_dbw: 43 из 200 перестановок дали NaN
случайный базис s_dbw: 86 из 200 перестановок дали NaN
случайный базис s_dbw: 53 из 200 перестановок дали NaN
случайный базис s_dbw: 163 из 200 перестановок дали NaN
случайный базис s_dbw: 21 из 200 перестановок дали NaN
случайный базис s_dbw: 174 из 200 перестановок дали NaN
случайный базис s_dbw: 5 из 200 перестановок дали NaN
случайный базис s_dbw: 56 из 200 перестановок дали NaN
случайный базис s_dbw: 143 из 200 перестановок дали NaN
случайный базис s_dbw: 22 из 200 перестановок дали NaN
случайный базис s_dbw: 6 из 200 перестановок дали NaN
случайный базис s_dbw: 85 из 200 перестановок дали NaN
случайный базис s_dbw: 161 из 200 перестановок дали NaN
случайный базис s_dbw: 122 из 200 перестановок дали NaN
случайный базис s_dbw: 86 из 200 перестановок дали NaN
случайный базис s_dbw: 3 из 200 перестановок дали NaN
случайный базис s_dbw: 38 из 200 перестановок дали NaN
случайный базис s_dbw: 169 из 200 перестановок дали NaN
случайный базис s_dbw: 71 из 200 перестановок дали NaN
случайный базис s_dbw: 2 из 200 перестановок дали NaN
случайный базис s_dbw: 70 из 200 перестановок дали NaN
случайный базис s_dbw: 165 из 200 перестановок дали NaN
случайный базис s_dbw: 52 из 200 перестановок дали NaN
случайный базис s_dbw: 73 из 200 перестановок дали NaN
случайный базис s_dbw: 10 из 200 перестановок дали NaN
случайный базис s_dbw: 158 из 200 перестановок дали NaN
случайный базис s_dbw: 23 из 200 перестановок дали NaN
случайный базис s_dbw: 143 из 200 перестановок дали NaN
случайный базис s_dbw: 130 из 200 перестановок дали NaN
случайный базис s_dbw: 170 из 200 перестановок дали NaN
случайный базис s_dbw: 66 из 200 перестановок дали NaN
случайный базис s_dbw: 5 из 200 перестановок дали NaN
случайный базис s_dbw: 70 из 200 перестановок дали NaN
случайный базис s_dbw: 158 из 200 перестановок дали NaN
случайный базис s_dbw: 24 из 200 перестановок дали NaN
случайный базис s_dbw: 68 из 200 перестановок дали NaN
случайный базис s_dbw: 129 из 200 перестановок дали NaN
случайный базис s_dbw: 72 из 200 перестановок дали NaN
случайный базис s_dbw: 164 из 200 перестановок дали NaN
случайный базис s_dbw: 99 из 200 перестановок дали NaN
случайный базис s_dbw: 156 из 200 перестановок дали NaN
случайный базис s_dbw: 1 из 200 перестановок дали NaN
случайный базис s_dbw: 39 из 200 перестановок дали NaN
случайный базис s_dbw: 9 из 200 перестановок дали NaN
случайный базис s_dbw: 56 из 200 перестановок дали NaN
случайный базис s_dbw: 164 из 200 перестановок дали NaN
случайный базис s_dbw: 48 из 200 перестановок дали NaN
случайный базис s_dbw: 73 из 200 перестановок дали NaN
случайный базис s_dbw: 158 из 200 перестановок дали NaN
случайный базис s_dbw: 167 из 200 перестановок дали NaN
случайный базис s_dbw: 1 из 200 перестановок дали NaN
случайный базис s_dbw: 23 из 200 перестановок дали NaN
случайный базис s_dbw: 166 из 200 перестановок дали NaN
случайный базис s_dbw: 12 из 200 перестановок дали NaN
случайный базис s_dbw: 23 из 200 перестановок дали NaN
случайный базис s_dbw: 133 из 200 перестановок дали NaN
случайный базис s_dbw: 77 из 200 перестановок дали NaN
случайный базис s_dbw: 1 из 200 перестановок дали NaN
случайный базис s_dbw: 82 из 200 перестановок дали NaN
случайный базис s_dbw: 126 из 200 перестановок дали NaN
случайный базис s_dbw: 84 из 200 перестановок дали NaN
случайный базис s_dbw: 64 из 200 перестановок дали NaN
случайный базис s_dbw: 161 из 200 перестановок дали NaN
случайный базис s_dbw: 48 из 200 перестановок дали NaN
случайный базис s_dbw: 162 из 200 перестановок дали NaN
случайный базис s_dbw: 4 из 200 перестановок дали NaN
случайный базис s_dbw: 157 из 200 перестановок дали NaN
случайный базис s_dbw: 142 из 200 перестановок дали NaN
случайный базис s_dbw: 89 из 200 перестановок дали NaN
случайный базис s_dbw: 1 из 200 перестановок дали NaN
случайный базис s_dbw: 61 из 200 перестановок дали NaN
случайный базис s_dbw: 42 из 200 перестановок дали NaN
случайный базис s_dbw: 8 из 200 перестановок дали NaN
случайный базис s_dbw: 162 из 200 перестановок дали NaN
случайный базис s_dbw: 19 из 200 перестановок дали NaN
случайный базис s_dbw: 103 из 200 перестановок дали NaN
случайный базис s_dbw: 167 из 200 перестановок дали NaN
случайный базис s_dbw: 15 из 200 перестановок дали NaN
случайный базис s_dbw: 132 из 200 перестановок дали NaN
случайный базис s_dbw: 6 из 200 перестановок дали NaN
случайный базис s_dbw: 66 из 200 перестановок дали NaN
случайный базис s_dbw: 160 из 200 перестановок дали NaN
случайный базис s_dbw: 141 из 200 перестановок дали NaN
случайный базис s_dbw: 2 из 200 перестановок дали NaN
случайный базис s_dbw: 88 из 200 перестановок дали NaN
случайный базис s_dbw: 172 из 200 перестановок дали NaN
случайный базис s_dbw: 41 из 200 перестановок дали NaN
случайный базис s_dbw: 64 из 200 перестановок дали NaN
случайный базис s_dbw: 77 из 200 перестановок дали NaN
случайный базис s_dbw: 5 из 200 перестановок дали NaN
случайный базис s_dbw: 167 из 200 перестановок дали NaN
случайный базис s_dbw: 48 из 200 перестановок дали NaN
случайный базис s_dbw: 167 из 200 перестановок дали NaN
случайный базис s_dbw: 15 из 200 перестановок дали NaN
случайный базис s_dbw: 57 из 200 перестановок дали NaN
случайный базис s_dbw: 165 из 200 перестановок дали NaN
случайный базис s_dbw: 153 из 200 перестановок дали NaN
случайный базис s_dbw: 25 из 200 перестановок дали NaN
случайный базис s_dbw: 84 из 200 перестановок дали NaN
случайный базис s_dbw: 59 из 200 перестановок дали NaN
случайный базис s_dbw: 137 из 200 перестановок дали NaN
случайный базис s_dbw: 162 из 200 перестановок дали NaN
случайный базис s_dbw: 164 из 200 перестановок дали NaN
случайный базис s_dbw: 12 из 200 перестановок дали NaN
случайный базис s_dbw: 6 из 200 перестановок дали NaN
случайный базис s_dbw: 61 из 200 перестановок дали NaN
случайный базис s_dbw: 82 из 200 перестановок дали NaN
случайный базис s_dbw: 138 из 200 перестановок дали NaN
случайный базис s_dbw: 3 из 200 перестановок дали NaN
случайный базис s_dbw: 82 из 200 перестановок дали NaN
случайный базис s_dbw: 160 из 200 перестановок дали NaN
случайный базис s_dbw: 41 из 200 перестановок дали NaN
случайный базис s_dbw: 62 из 200 перестановок дали NaN
случайный базис s_dbw: 158 из 200 перестановок дали NaN
случайный базис s_dbw: 8 из 200 перестановок дали NaN
случайный базис s_dbw: 1 из 200 перестановок дали NaN
случайный базис s_dbw: 162 из 200 перестановок дали NaN
случайный базис s_dbw: 153 из 200 перестановок дали NaN
случайный базис s_dbw: 91 из 200 перестановок дали NaN
случайный базис s_dbw: 68 из 200 перестановок дали NaN
случайный базис s_dbw: 56 из 200 перестановок дали NaN
случайный базис s_dbw: 19 из 200 перестановок дали NaN
случайный базис s_dbw: 26 из 200 перестановок дали NaN
случайный базис s_dbw: 171 из 200 перестановок дали NaN
случайный базис s_dbw: 24 из 200 перестановок дали NaN
случайный базис s_dbw: 170 из 200 перестановок дали NaN
случайный базис s_dbw: 5 из 200 перестановок дали NaN
случайный базис s_dbw: 128 из 200 перестановок дали NaN
случайный базис s_dbw: 130 из 200 перестановок дали NaN
случайный базис s_dbw: 62 из 200 перестановок дали NaN
случайный базис s_dbw: 73 из 200 перестановок дали NaN
случайный базис s_dbw: 72 из 200 перестановок дали NaN
случайный базис s_dbw: 91 из 200 перестановок дали NaN
случайный базис s_dbw: 52 из 200 перестановок дали NaN
случайный базис s_dbw: 169 из 200 перестановок дали NaN
случайный базис s_dbw: 175 из 200 перестановок дали NaN
случайный базис s_dbw: 160 из 200 перестановок дали NaN
случайный базис s_dbw: 158 из 200 перестановок дали NaN
случайный базис s_dbw: 89 из 200 перестановок дали NaN
случайный базис s_dbw: 165 из 200 перестановок дали NaN
2026-10-06 20:26:54,198 INFO munnet.clustering.compute: cluster[seed43]: параметры под K подобраны за 23 с
2026-10-06 20:27:17,917 INFO munnet.clustering.compute: cluster[seed43]: 87 кандидатов за 24 с
случайный базис s_dbw: 15 из 200 перестановок дали NaN
случайный базис s_dbw: 27 из 200 перестановок дали NaN
случайный базис s_dbw: 60 из 200 перестановок дали NaN
случайный базис s_dbw: 103 из 200 перестановок дали NaN
случайный базис s_dbw: 29 из 200 перестановок дали NaN
случайный базис s_dbw: 60 из 200 перестановок дали NaN
случайный базис s_dbw: 103 из 200 перестановок дали NaN
случайный базис s_dbw: 156 из 200 перестановок дали NaN
случайный базис s_dbw: 117 из 200 перестановок дали NaN
случайный базис s_dbw: 130 из 200 перестановок дали NaN
случайный базис s_dbw: 132 из 200 перестановок дали NaN
случайный базис s_dbw: 122 из 200 перестановок дали NaN
случайный базис s_dbw: 162 из 200 перестановок дали NaN
случайный базис s_dbw: 7 из 200 перестановок дали NaN
случайный базис s_dbw: 162 из 200 перестановок дали NaN
случайный базис s_dbw: 12 из 200 перестановок дали NaN
случайный базис s_dbw: 78 из 200 перестановок дали NaN
случайный базис s_dbw: 20 из 200 перестановок дали NaN
случайный базис s_dbw: 159 из 200 перестановок дали NaN
случайный базис s_dbw: 106 из 200 перестановок дали NaN
случайный базис s_dbw: 148 из 200 перестановок дали NaN
случайный базис s_dbw: 53 из 200 перестановок дали NaN
случайный базис s_dbw: 112 из 200 перестановок дали NaN
случайный базис s_dbw: 116 из 200 перестановок дали NaN
случайный базис s_dbw: 131 из 200 перестановок дали NaN
случайный базис s_dbw: 150 из 200 перестановок дали NaN
случайный базис s_dbw: 115 из 200 перестановок дали NaN
случайный базис s_dbw: 125 из 200 перестановок дали NaN
случайный базис s_dbw: 164 из 200 перестановок дали NaN
случайный базис s_dbw: 3 из 200 перестановок дали NaN
случайный базис s_dbw: 164 из 200 перестановок дали NaN
случайный базис s_dbw: 12 из 200 перестановок дали NaN
случайный базис s_dbw: 14 из 200 перестановок дали NaN
случайный базис s_dbw: 42 из 200 перестановок дали NaN
случайный базис s_dbw: 163 из 200 перестановок дали NaN
случайный базис s_dbw: 94 из 200 перестановок дали NaN
случайный базис s_dbw: 138 из 200 перестановок дали NaN
случайный базис s_dbw: 57 из 200 перестановок дали NaN
случайный базис s_dbw: 114 из 200 перестановок дали NaN
случайный базис s_dbw: 99 из 200 перестановок дали NaN
случайный базис s_dbw: 118 из 200 перестановок дали NaN
случайный базис s_dbw: 144 из 200 перестановок дали NaN
случайный базис s_dbw: 118 из 200 перестановок дали NaN
случайный базис s_dbw: 126 из 200 перестановок дали NaN
случайный базис s_dbw: 164 из 200 перестановок дали NaN
случайный базис s_dbw: 157 из 200 перестановок дали NaN
случайный базис s_dbw: 154 из 200 перестановок дали NaN
случайный базис s_dbw: 3 из 200 перестановок дали NaN
случайный базис s_dbw: 20 из 200 перестановок дали NaN
случайный базис s_dbw: 140 из 200 перестановок дали NaN
случайный базис s_dbw: 5 из 200 перестановок дали NaN
случайный базис s_dbw: 53 из 200 перестановок дали NaN
случайный базис s_dbw: 39 из 200 перестановок дали NaN
случайный базис s_dbw: 128 из 200 перестановок дали NaN
случайный базис s_dbw: 66 из 200 перестановок дали NaN
случайный базис s_dbw: 79 из 200 перестановок дали NaN
случайный базис s_dbw: 74 из 200 перестановок дали NaN
случайный базис s_dbw: 147 из 200 перестановок дали NaN
случайный базис s_dbw: 159 из 200 перестановок дали NaN
случайный базис s_dbw: 169 из 200 перестановок дали NaN
случайный базис s_dbw: 22 из 200 перестановок дали NaN
случайный базис s_dbw: 6 из 200 перестановок дали NaN
случайный базис s_dbw: 163 из 200 перестановок дали NaN
случайный базис s_dbw: 71 из 200 перестановок дали NaN
случайный базис s_dbw: 38 из 200 перестановок дали NaN
случайный базис s_dbw: 122 из 200 перестановок дали NaN
случайный базис s_dbw: 86 из 200 перестановок дали NaN
случайный базис s_dbw: 2 из 200 перестановок дали NaN
случайный базис s_dbw: 158 из 200 перестановок дали NaN
случайный базис s_dbw: 3 из 200 перестановок дали NaN
случайный базис s_dbw: 23 из 200 перестановок дали NaN
случайный базис s_dbw: 10 из 200 перестановок дали NaN
случайный базис s_dbw: 165 из 200 перестановок дали NaN
случайный базис s_dbw: 52 из 200 перестановок дали NaN
случайный базис s_dbw: 70 из 200 перестановок дали NaN
случайный базис s_dbw: 66 из 200 перестановок дали NaN
случайный базис s_dbw: 130 из 200 перестановок дали NaN
случайный базис s_dbw: 23 из 200 перестановок дали NaN
случайный базис s_dbw: 143 из 200 перестановок дали NaN
случайный базис s_dbw: 73 из 200 перестановок дали NaN
случайный базис s_dbw: 70 из 200 перестановок дали NaN
случайный базис s_dbw: 158 из 200 перестановок дали NaN
случайный базис s_dbw: 15 из 200 перестановок дали NaN
случайный базис s_dbw: 25 из 200 перестановок дали NaN
случайный базис s_dbw: 42 из 200 перестановок дали NaN
случайный базис s_dbw: 90 из 200 перестановок дали NaN
случайный базис s_dbw: 23 из 200 перестановок дали NaN
случайный базис s_dbw: 170 из 200 перестановок дали NaN
случайный базис s_dbw: 83 из 200 перестановок дали NaN
случайный базис s_dbw: 57 из 200 перестановок дали NaN
случайный базис s_dbw: 164 из 200 перестановок дали NaN
случайный базис s_dbw: 117 из 200 перестановок дали NaN
случайный базис s_dbw: 101 из 200 перестановок дали NaN
случайный базис s_dbw: 135 из 200 перестановок дали NaN
случайный базис s_dbw: 75 из 200 перестановок дали NaN
случайный базис s_dbw: 57 из 200 перестановок дали NaN
случайный базис s_dbw: 54 из 200 перестановок дали NaN
случайный базис s_dbw: 146 из 200 перестановок дали NaN
случайный базис s_dbw: 3 из 200 перестановок дали NaN
случайный базис s_dbw: 78 из 200 перестановок дали NaN
случайный базис s_dbw: 7 из 200 перестановок дали NaN
случайный базис s_dbw: 96 из 200 перестановок дали NaN
случайный базис s_dbw: 12 из 200 перестановок дали NaN
случайный базис s_dbw: 26 из 200 перестановок дали NaN
случайный базис s_dbw: 83 из 200 перестановок дали NaN
случайный базис s_dbw: 50 из 200 перестановок дали NaN
случайный базис s_dbw: 48 из 200 перестановок дали NaN
случайный базис s_dbw: 75 из 200 перестановок дали NaN
случайный базис s_dbw: 90 из 200 перестановок дали NaN
случайный базис s_dbw: 102 из 200 перестановок дали NaN
случайный базис s_dbw: 139 из 200 перестановок дали NaN
случайный базис s_dbw: 97 из 200 перестановок дали NaN
случайный базис s_dbw: 150 из 200 перестановок дали NaN
случайный базис s_dbw: 92 из 200 перестановок дали NaN
случайный базис s_dbw: 170 из 200 перестановок дали NaN
случайный базис s_dbw: 25 из 200 перестановок дали NaN
случайный базис s_dbw: 167 из 200 перестановок дали NaN
случайный базис s_dbw: 45 из 200 перестановок дали NaN
случайный базис s_dbw: 10 из 200 перестановок дали NaN
случайный базис s_dbw: 72 из 200 перестановок дали NaN
случайный базис s_dbw: 61 из 200 перестановок дали NaN
случайный базис s_dbw: 162 из 200 перестановок дали NaN
случайный базис s_dbw: 108 из 200 перестановок дали NaN
случайный базис s_dbw: 111 из 200 перестановок дали NaN
случайный базис s_dbw: 139 из 200 перестановок дали NaN
случайный базис s_dbw: 108 из 200 перестановок дали NaN
случайный базис s_dbw: 126 из 200 перестановок дали NaN
случайный базис s_dbw: 124 из 200 перестановок дали NaN
случайный базис s_dbw: 169 из 200 перестановок дали NaN
случайный базис s_dbw: 166 из 200 перестановок дали NaN
случайный базис s_dbw: 166 из 200 перестановок дали NaN
случайный базис s_dbw: 144 из 200 перестановок дали NaN
2026-10-06 20:27:46,068 INFO munnet.clustering.compute: cluster[seed43]: ICVI и случайный базис за 28 с
2026-10-06 20:30:37,244 INFO munnet.clustering.compute: cluster[seed43]: бутстрап 100 повторов за 171 с
2026-10-06 20:31:14,813 INFO munnet.clustering.compute: cluster[seed44]: параметры под K подобраны за 24 с
2026-10-06 20:31:39,307 INFO munnet.clustering.compute: cluster[seed44]: 88 кандидатов за 24 с
случайный базис s_dbw: 9 из 200 перестановок дали NaN
случайный базис s_dbw: 21 из 200 перестановок дали NaN
случайный базис s_dbw: 49 из 200 перестановок дали NaN
случайный базис s_dbw: 102 из 200 перестановок дали NaN
случайный базис s_dbw: 32 из 200 перестановок дали NaN
случайный базис s_dbw: 60 из 200 перестановок дали NaN
случайный базис s_dbw: 91 из 200 перестановок дали NaN
случайный базис s_dbw: 153 из 200 перестановок дали NaN
случайный базис s_dbw: 116 из 200 перестановок дали NaN
случайный базис s_dbw: 116 из 200 перестановок дали NaN
случайный базис s_dbw: 128 из 200 перестановок дали NaN
случайный базис s_dbw: 109 из 200 перестановок дали NaN
случайный базис s_dbw: 6 из 200 перестановок дали NaN
случайный базис s_dbw: 154 из 200 перестановок дали NaN
случайный базис s_dbw: 20 из 200 перестановок дали NaN
случайный базис s_dbw: 165 из 200 перестановок дали NaN
случайный базис s_dbw: 85 из 200 перестановок дали NaN
случайный базис s_dbw: 17 из 200 перестановок дали NaN
случайный базис s_dbw: 150 из 200 перестановок дали NaN
случайный базис s_dbw: 105 из 200 перестановок дали NaN
случайный базис s_dbw: 149 из 200 перестановок дали NaN
случайный базис s_dbw: 49 из 200 перестановок дали NaN
случайный базис s_dbw: 122 из 200 перестановок дали NaN
случайный базис s_dbw: 112 из 200 перестановок дали NaN
случайный базис s_dbw: 125 из 200 перестановок дали NaN
случайный базис s_dbw: 154 из 200 перестановок дали NaN
случайный базис s_dbw: 124 из 200 перестановок дали NaN
случайный базис s_dbw: 115 из 200 перестановок дали NaN
случайный базис s_dbw: 154 из 200 перестановок дали NaN
случайный базис s_dbw: 3 из 200 перестановок дали NaN
случайный базис s_dbw: 174 из 200 перестановок дали NaN
случайный базис s_dbw: 11 из 200 перестановок дали NaN
случайный базис s_dbw: 18 из 200 перестановок дали NaN
случайный базис s_dbw: 145 из 200 перестановок дали NaN
случайный базис s_dbw: 48 из 200 перестановок дали NaN
случайный базис s_dbw: 79 из 200 перестановок дали NaN
случайный базис s_dbw: 136 из 200 перестановок дали NaN
случайный базис s_dbw: 54 из 200 перестановок дали NaN
случайный базис s_dbw: 110 из 200 перестановок дали NaN
случайный базис s_dbw: 101 из 200 перестановок дали NaN
случайный базис s_dbw: 126 из 200 перестановок дали NaN
случайный базис s_dbw: 138 из 200 перестановок дали NaN
случайный базис s_dbw: 118 из 200 перестановок дали NaN
случайный базис s_dbw: 112 из 200 перестановок дали NaN
случайный базис s_dbw: 168 из 200 перестановок дали NaN
случайный базис s_dbw: 164 из 200 перестановок дали NaN
случайный базис s_dbw: 166 из 200 перестановок дали NaN
случайный базис s_dbw: 133 из 200 перестановок дали NaN
случайный базис s_dbw: 18 из 200 перестановок дали NaN
случайный базис s_dbw: 5 из 200 перестановок дали NaN
случайный базис s_dbw: 72 из 200 перестановок дали NaN
случайный базис s_dbw: 35 из 200 перестановок дали NaN
случайный базис s_dbw: 132 из 200 перестановок дали NaN
случайный базис s_dbw: 58 из 200 перестановок дали NaN
случайный базис s_dbw: 83 из 200 перестановок дали NaN
случайный базис s_dbw: 85 из 200 перестановок дали NaN
случайный базис s_dbw: 159 из 200 перестановок дали NaN
случайный базис s_dbw: 148 из 200 перестановок дали NaN
случайный базис s_dbw: 1 из 200 перестановок дали NaN
случайный базис s_dbw: 172 из 200 перестановок дали NaN
случайный базис s_dbw: 23 из 200 перестановок дали NaN
случайный базис s_dbw: 159 из 200 перестановок дали NaN
случайный базис s_dbw: 9 из 200 перестановок дали NaN
случайный базис s_dbw: 68 из 200 перестановок дали NaN
случайный базис s_dbw: 48 из 200 перестановок дали NaN
случайный базис s_dbw: 133 из 200 перестановок дали NaN
случайный базис s_dbw: 77 из 200 перестановок дали NaN
случайный базис s_dbw: 70 из 200 перестановок дали NaN
случайный базис s_dbw: 1 из 200 перестановок дали NaN
случайный базис s_dbw: 170 из 200 перестановок дали NaN
случайный базис s_dbw: 161 из 200 перестановок дали NaN
случайный базис s_dbw: 1 из 200 перестановок дали NaN
случайный базис s_dbw: 12 из 200 перестановок дали NaN
случайный базис s_dbw: 23 из 200 перестановок дали NaN
случайный базис s_dbw: 155 из 200 перестановок дали NaN
случайный базис s_dbw: 48 из 200 перестановок дали NaN
случайный базис s_dbw: 64 из 200 перестановок дали NaN
случайный базис s_dbw: 82 из 200 перестановок дали NaN
случайный базис s_dbw: 126 из 200 перестановок дали NaN
случайный базис s_dbw: 89 из 200 перестановок дали NaN
случайный базис s_dbw: 19 из 200 перестановок дали NaN
случайный базис s_dbw: 142 из 200 перестановок дали NaN
случайный базис s_dbw: 84 из 200 перестановок дали NaN
случайный базис s_dbw: 25 из 200 перестановок дали NaN
случайный базис s_dbw: 162 из 200 перестановок дали NaN
случайный базис s_dbw: 21 из 200 перестановок дали NaN
случайный базис s_dbw: 41 из 200 перестановок дали NaN
случайный базис s_dbw: 162 из 200 перестановок дали NaN
случайный базис s_dbw: 61 из 200 перестановок дали NaN
случайный базис s_dbw: 29 из 200 перестановок дали NaN
случайный базис s_dbw: 90 из 200 перестановок дали NaN
случайный базис s_dbw: 69 из 200 перестановок дали NaN
случайный базис s_dbw: 157 из 200 перестановок дали NaN
случайный базис s_dbw: 108 из 200 перестановок дали NaN
случайный базис s_dbw: 118 из 200 перестановок дали NaN
случайный базис s_dbw: 148 из 200 перестановок дали NaN
случайный базис s_dbw: 60 из 200 перестановок дали NaN
случайный базис s_dbw: 68 из 200 перестановок дали NaN
случайный базис s_dbw: 137 из 200 перестановок дали NaN
случайный базис s_dbw: 60 из 200 перестановок дали NaN
случайный базис s_dbw: 1 из 200 перестановок дали NaN
случайный базис s_dbw: 8 из 200 перестановок дали NaN
случайный базис s_dbw: 102 из 200 перестановок дали NaN
случайный базис s_dbw: 26 из 200 перестановок дали NaN
случайный базис s_dbw: 95 из 200 перестановок дали NaN
случайный базис s_dbw: 15 из 200 перестановок дали NaN
случайный базис s_dbw: 39 из 200 перестановок дали NaN
случайный базис s_dbw: 51 из 200 перестановок дали NaN
случайный базис s_dbw: 72 из 200 перестановок дали NaN
случайный базис s_dbw: 93 из 200 перестановок дали NaN
случайный базис s_dbw: 92 из 200 перестановок дали NaN
случайный базис s_dbw: 80 из 200 перестановок дали NaN
случайный базис s_dbw: 139 из 200 перестановок дали NaN
случайный базис s_dbw: 97 из 200 перестановок дали NaN
случайный базис s_dbw: 91 из 200 перестановок дали NaN
случайный базис s_dbw: 159 из 200 перестановок дали NaN
случайный базис s_dbw: 1 из 200 перестановок дали NaN
случайный базис s_dbw: 171 из 200 перестановок дали NaN
случайный базис s_dbw: 27 из 200 перестановок дали NaN
случайный базис s_dbw: 171 из 200 перестановок дали NaN
случайный базис s_dbw: 53 из 200 перестановок дали NaN
случайный базис s_dbw: 5 из 200 перестановок дали NaN
случайный базис s_dbw: 80 из 200 перестановок дали NaN
случайный базис s_dbw: 152 из 200 перестановок дали NaN
случайный базис s_dbw: 68 из 200 перестановок дали NaN
случайный базис s_dbw: 104 из 200 перестановок дали NaN
случайный базис s_dbw: 112 из 200 перестановок дали NaN
случайный базис s_dbw: 151 из 200 перестановок дали NaN
случайный базис s_dbw: 122 из 200 перестановок дали NaN
случайный базис s_dbw: 120 из 200 перестановок дали NaN
случайный базис s_dbw: 150 из 200 перестановок дали NaN
случайный базис s_dbw: 110 из 200 перестановок дали NaN
случайный базис s_dbw: 174 из 200 перестановок дали NaN
случайный базис s_dbw: 164 из 200 перестановок дали NaN
случайный базис s_dbw: 152 из 200 перестановок дали NaN
2026-10-06 20:32:07,983 INFO munnet.clustering.compute: cluster[seed44]: ICVI и случайный базис за 29 с
2026-10-06 20:35:06,390 INFO munnet.clustering.compute: cluster[seed44]: бутстрап 100 повторов за 178 с
2026-10-06 20:35:43,172 INFO munnet.clustering.compute: cluster[seed45]: параметры под K подобраны за 23 с
2026-10-06 20:36:07,610 INFO munnet.clustering.compute: cluster[seed45]: 89 кандидатов за 24 с
случайный базис s_dbw: 11 из 200 перестановок дали NaN
случайный базис s_dbw: 21 из 200 перестановок дали NaN
случайный базис s_dbw: 62 из 200 перестановок дали NaN
случайный базис s_dbw: 102 из 200 перестановок дали NaN
случайный базис s_dbw: 29 из 200 перестановок дали NaN
случайный базис s_dbw: 62 из 200 перестановок дали NaN
случайный базис s_dbw: 112 из 200 перестановок дали NaN
случайный базис s_dbw: 158 из 200 перестановок дали NaN
случайный базис s_dbw: 108 из 200 перестановок дали NaN
случайный базис s_dbw: 124 из 200 перестановок дали NaN
случайный базис s_dbw: 140 из 200 перестановок дали NaN
случайный базис s_dbw: 99 из 200 перестановок дали NaN
случайный базис s_dbw: 165 из 200 перестановок дали NaN
случайный базис s_dbw: 3 из 200 перестановок дали NaN
случайный базис s_dbw: 169 из 200 перестановок дали NaN
случайный базис s_dbw: 13 из 200 перестановок дали NaN
случайный базис s_dbw: 75 из 200 перестановок дали NaN
случайный базис s_dbw: 163 из 200 перестановок дали NaN
случайный базис s_dbw: 33 из 200 перестановок дали NaN
случайный базис s_dbw: 101 из 200 перестановок дали NaN
случайный базис s_dbw: 149 из 200 перестановок дали NaN
случайный базис s_dbw: 54 из 200 перестановок дали NaN
случайный базис s_dbw: 118 из 200 перестановок дали NaN
случайный базис s_dbw: 108 из 200 перестановок дали NaN
случайный базис s_dbw: 125 из 200 перестановок дали NaN
случайный базис s_dbw: 147 из 200 перестановок дали NaN
случайный базис s_dbw: 118 из 200 перестановок дали NaN
случайный базис s_dbw: 114 из 200 перестановок дали NaN
случайный базис s_dbw: 165 из 200 перестановок дали NaN
случайный базис s_dbw: 4 из 200 перестановок дали NaN
случайный базис s_dbw: 167 из 200 перестановок дали NaN
случайный базис s_dbw: 20 из 200 перестановок дали NaN
случайный базис s_dbw: 8 из 200 перестановок дали NaN
случайный базис s_dbw: 47 из 200 перестановок дали NaN
случайный базис s_dbw: 163 из 200 перестановок дали NaN
случайный базис s_dbw: 84 из 200 перестановок дали NaN
случайный базис s_dbw: 143 из 200 перестановок дали NaN
случайный базис s_dbw: 50 из 200 перестановок дали NaN
случайный базис s_dbw: 110 из 200 перестановок дали NaN
случайный базис s_dbw: 96 из 200 перестановок дали NaN
случайный базис s_dbw: 127 из 200 перестановок дали NaN
случайный базис s_dbw: 145 из 200 перестановок дали NaN
случайный базис s_dbw: 130 из 200 перестановок дали NaN
случайный базис s_dbw: 80 из 200 перестановок дали NaN
случайный базис s_dbw: 161 из 200 перестановок дали NaN
случайный базис s_dbw: 168 из 200 перестановок дали NaN
случайный базис s_dbw: 157 из 200 перестановок дали NaN
случайный базис s_dbw: 3 из 200 перестановок дали NaN
случайный базис s_dbw: 19 из 200 перестановок дали NaN
случайный базис s_dbw: 128 из 200 перестановок дали NaN
случайный базис s_dbw: 5 из 200 перестановок дали NaN
случайный базис s_dbw: 59 из 200 перестановок дали NaN
случайный базис s_dbw: 41 из 200 перестановок дали NaN
случайный базис s_dbw: 133 из 200 перестановок дали NaN
случайный базис s_dbw: 61 из 200 перестановок дали NaN
случайный базис s_dbw: 80 из 200 перестановок дали NaN
случайный базис s_dbw: 160 из 200 перестановок дали NaN
случайный базис s_dbw: 74 из 200 перестановок дали NaN
случайный базис s_dbw: 176 из 200 перестановок дали NaN
случайный базис s_dbw: 2 из 200 перестановок дали NaN
случайный базис s_dbw: 164 из 200 перестановок дали NaN
случайный базис s_dbw: 16 из 200 перестановок дали NaN
случайный базис s_dbw: 6 из 200 перестановок дали NaN
случайный базис s_dbw: 50 из 200 перестановок дали NaN
случайный базис s_dbw: 169 из 200 перестановок дали NaN
случайный базис s_dbw: 41 из 200 перестановок дали NaN
случайный базис s_dbw: 57 из 200 перестановок дали NaN
случайный базис s_dbw: 133 из 200 перестановок дали NaN
случайный базис s_dbw: 162 из 200 перестановок дали NaN
случайный базис s_dbw: 87 из 200 перестановок дали NaN
случайный базис s_dbw: 85 из 200 перестановок дали NaN
случайный базис s_dbw: 167 из 200 перестановок дали NaN
случайный базис s_dbw: 5 из 200 перестановок дали NaN
случайный базис s_dbw: 173 из 200 перестановок дали NaN
случайный базис s_dbw: 25 из 200 перестановок дали NaN
случайный базис s_dbw: 15 из 200 перестановок дали NaN
случайный базис s_dbw: 160 из 200 перестановок дали NaN
случайный базис s_dbw: 48 из 200 перестановок дали NaN
случайный базис s_dbw: 57 из 200 перестановок дали NaN
случайный базис s_dbw: 59 из 200 перестановок дали NaN
случайный базис s_dbw: 137 из 200 перестановок дали NaN
случайный базис s_dbw: 84 из 200 перестановок дали NaN
случайный базис s_dbw: 15 из 200 перестановок дали NaN
случайный базис s_dbw: 153 из 200 перестановок дали NaN
случайный базис s_dbw: 80 из 200 перестановок дали NaN
случайный базис s_dbw: 13 из 200 перестановок дали NaN
случайный базис s_dbw: 164 из 200 перестановок дали NaN
случайный базис s_dbw: 22 из 200 перестановок дали NaN
случайный базис s_dbw: 47 из 200 перестановок дали NaN
случайный базис s_dbw: 162 из 200 перестановок дали NaN
случайный базис s_dbw: 71 из 200 перестановок дали NaN
случайный базис s_dbw: 32 из 200 перестановок дали NaN
случайный базис s_dbw: 79 из 200 перестановок дали NaN
случайный базис s_dbw: 66 из 200 перестановок дали NaN
случайный базис s_dbw: 161 из 200 перестановок дали NaN
случайный базис s_dbw: 112 из 200 перестановок дали NaN
случайный базис s_dbw: 112 из 200 перестановок дали NaN
случайный базис s_dbw: 124 из 200 перестановок дали NaN
случайный базис s_dbw: 74 из 200 перестановок дали NaN
случайный базис s_dbw: 61 из 200 перестановок дали NaN
случайный базис s_dbw: 142 из 200 перестановок дали NaN
случайный базис s_dbw: 57 из 200 перестановок дали NaN
случайный базис s_dbw: 1 из 200 перестановок дали NaN
случайный базис s_dbw: 102 из 200 перестановок дали NaN
случайный базис s_dbw: 11 из 200 перестановок дали NaN
случайный базис s_dbw: 27 из 200 перестановок дали NaN
случайный базис s_dbw: 88 из 200 перестановок дали NaN
случайный базис s_dbw: 21 из 200 перестановок дали NaN
случайный базис s_dbw: 39 из 200 перестановок дали NaN
случайный базис s_dbw: 44 из 200 перестановок дали NaN
случайный базис s_dbw: 77 из 200 перестановок дали NaN
случайный базис s_dbw: 86 из 200 перестановок дали NaN
случайный базис s_dbw: 77 из 200 перестановок дали NaN
случайный базис s_dbw: 96 из 200 перестановок дали NaN
случайный базис s_dbw: 143 из 200 перестановок дали NaN
случайный базис s_dbw: 98 из 200 перестановок дали NaN
случайный базис s_dbw: 160 из 200 перестановок дали NaN
случайный базис s_dbw: 97 из 200 перестановок дали NaN
случайный базис s_dbw: 1 из 200 перестановок дали NaN
случайный базис s_dbw: 171 из 200 перестановок дали NaN
случайный базис s_dbw: 20 из 200 перестановок дали NaN
случайный базис s_dbw: 170 из 200 перестановок дали NaN
случайный базис s_dbw: 8 из 200 перестановок дали NaN
случайный базис s_dbw: 47 из 200 перестановок дали NaN
случайный базис s_dbw: 84 из 200 перестановок дали NaN
случайный базис s_dbw: 47 из 200 перестановок дали NaN
случайный базис s_dbw: 153 из 200 перестановок дали NaN
случайный базис s_dbw: 99 из 200 перестановок дали NaN
случайный базис s_dbw: 117 из 200 перестановок дали NaN
случайный базис s_dbw: 128 из 200 перестановок дали NaN
случайный базис s_dbw: 148 из 200 перестановок дали NaN
случайный базис s_dbw: 123 из 200 перестановок дали NaN
случайный базис s_dbw: 152 из 200 перестановок дали NaN
случайный базис s_dbw: 117 из 200 перестановок дали NaN
случайный базис s_dbw: 172 из 200 перестановок дали NaN
случайный базис s_dbw: 164 из 200 перестановок дали NaN
случайный базис s_dbw: 142 из 200 перестановок дали NaN
2026-10-06 20:36:36,799 INFO munnet.clustering.compute: cluster[seed45]: ICVI и случайный базис за 29 с
2026-10-06 20:39:36,664 INFO munnet.clustering.compute: cluster[seed45]: бутстрап 100 повторов за 180 с
2026-10-06 20:40:12,398 INFO munnet.clustering.compute: cluster[seed46]: параметры под K подобраны за 22 с
2026-10-06 20:40:37,012 INFO munnet.clustering.compute: cluster[seed46]: 89 кандидатов за 25 с
случайный базис s_dbw: 12 из 200 перестановок дали NaN
случайный базис s_dbw: 19 из 200 перестановок дали NaN
случайный базис s_dbw: 47 из 200 перестановок дали NaN
случайный базис s_dbw: 97 из 200 перестановок дали NaN
случайный базис s_dbw: 30 из 200 перестановок дали NaN
случайный базис s_dbw: 59 из 200 перестановок дали NaN
случайный базис s_dbw: 129 из 200 перестановок дали NaN
случайный базис s_dbw: 143 из 200 перестановок дали NaN
случайный базис s_dbw: 117 из 200 перестановок дали NaN
случайный базис s_dbw: 136 из 200 перестановок дали NaN
случайный базис s_dbw: 118 из 200 перестановок дали NaN
случайный базис s_dbw: 128 из 200 перестановок дали NaN
случайный базис s_dbw: 7 из 200 перестановок дали NaN
случайный базис s_dbw: 166 из 200 перестановок дали NaN
случайный базис s_dbw: 166 из 200 перестановок дали NaN
случайный базис s_dbw: 14 из 200 перестановок дали NaN
случайный базис s_dbw: 75 из 200 перестановок дали NaN
случайный базис s_dbw: 164 из 200 перестановок дали NaN
случайный базис s_dbw: 21 из 200 перестановок дали NaN
случайный базис s_dbw: 95 из 200 перестановок дали NaN
случайный базис s_dbw: 54 из 200 перестановок дали NaN
случайный базис s_dbw: 151 из 200 перестановок дали NaN
случайный базис s_dbw: 113 из 200 перестановок дали NaN
случайный базис s_dbw: 108 из 200 перестановок дали NaN
случайный базис s_dbw: 134 из 200 перестановок дали NaN
случайный базис s_dbw: 143 из 200 перестановок дали NaN
случайный базис s_dbw: 118 из 200 перестановок дали NaN
случайный базис s_dbw: 121 из 200 перестановок дали NaN
случайный базис s_dbw: 167 из 200 перестановок дали NaN
случайный базис s_dbw: 164 из 200 перестановок дали NaN
случайный базис s_dbw: 7 из 200 перестановок дали NaN
случайный базис s_dbw: 15 из 200 перестановок дали NaN
случайный базис s_dbw: 44 из 200 перестановок дали NaN
случайный базис s_dbw: 157 из 200 перестановок дали NaN
случайный базис s_dbw: 14 из 200 перестановок дали NaN
случайный базис s_dbw: 143 из 200 перестановок дали NaN
случайный базис s_dbw: 88 из 200 перестановок дали NaN
случайный базис s_dbw: 41 из 200 перестановок дали NaN
случайный базис s_dbw: 104 из 200 перестановок дали NaN
случайный базис s_dbw: 107 из 200 перестановок дали NaN
случайный базис s_dbw: 115 из 200 перестановок дали NaN
случайный базис s_dbw: 143 из 200 перестановок дали NaN
случайный базис s_dbw: 115 из 200 перестановок дали NaN
случайный базис s_dbw: 79 из 200 перестановок дали NaN
случайный базис s_dbw: 165 из 200 перестановок дали NaN
случайный базис s_dbw: 168 из 200 перестановок дали NaN
случайный базис s_dbw: 156 из 200 перестановок дали NaN
случайный базис s_dbw: 1 из 200 перестановок дали NaN
случайный базис s_dbw: 1 из 200 перестановок дали NaN
случайный базис s_dbw: 13 из 200 перестановок дали NaN
случайный базис s_dbw: 121 из 200 перестановок дали NaN
случайный базис s_dbw: 5 из 200 перестановок дали NaN
случайный базис s_dbw: 41 из 200 перестановок дали NaN
случайный базис s_dbw: 71 из 200 перестановок дали NaN
случайный базис s_dbw: 136 из 200 перестановок дали NaN
случайный базис s_dbw: 72 из 200 перестановок дали NaN
случайный базис s_dbw: 85 из 200 перестановок дали NaN
случайный базис s_dbw: 153 из 200 перестановок дали NaN
случайный базис s_dbw: 82 из 200 перестановок дали NaN
случайный базис s_dbw: 169 из 200 перестановок дали NaN
случайный базис s_dbw: 1 из 200 перестановок дали NaN
случайный базис s_dbw: 165 из 200 перестановок дали NaN
случайный базис s_dbw: 20 из 200 перестановок дали NaN
случайный базис s_dbw: 5 из 200 перестановок дали NaN
случайный базис s_dbw: 35 из 200 перестановок дали NaN
случайный базис s_dbw: 162 из 200 перестановок дали NaN
случайный базис s_dbw: 56 из 200 перестановок дали NaN
случайный базис s_dbw: 62 из 200 перестановок дали NaN
случайный базис s_dbw: 129 из 200 перестановок дали NaN
случайный базис s_dbw: 163 из 200 перестановок дали NaN
случайный базис s_dbw: 87 из 200 перестановок дали NaN
случайный базис s_dbw: 85 из 200 перестановок дали NaN
случайный базис s_dbw: 165 из 200 перестановок дали NaN
случайный базис s_dbw: 169 из 200 перестановок дали NaN
случайный базис s_dbw: 19 из 200 перестановок дали NaN
случайный базис s_dbw: 5 из 200 перестановок дали NaN
случайный базис s_dbw: 24 из 200 перестановок дали NaN
случайный базис s_dbw: 165 из 200 перестановок дали NaN
случайный базис s_dbw: 48 из 200 перестановок дали NaN
случайный базис s_dbw: 72 из 200 перестановок дали NaN
случайный базис s_dbw: 62 из 200 перестановок дали NaN
случайный базис s_dbw: 130 из 200 перестановок дали NaN
случайный базис s_dbw: 89 из 200 перестановок дали NaN
случайный базис s_dbw: 16 из 200 перестановок дали NaN
случайный базис s_dbw: 85 из 200 перестановок дали NaN
случайный базис s_dbw: 156 из 200 перестановок дали NaN
случайный базис s_dbw: 169 из 200 перестановок дали NaN
случайный базис s_dbw: 22 из 200 перестановок дали NaN
случайный базис s_dbw: 17 из 200 перестановок дали NaN
случайный базис s_dbw: 38 из 200 перестановок дали NaN
случайный базис s_dbw: 165 из 200 перестановок дали NaN
случайный базис s_dbw: 74 из 200 перестановок дали NaN
случайный базис s_dbw: 92 из 200 перестановок дали NaN
случайный базис s_dbw: 32 из 200 перестановок дали NaN
случайный базис s_dbw: 161 из 200 перестановок дали NaN
случайный базис s_dbw: 73 из 200 перестановок дали NaN
случайный базис s_dbw: 103 из 200 перестановок дали NaN
случайный базис s_dbw: 127 из 200 перестановок дали NaN
случайный базис s_dbw: 145 из 200 перестановок дали NaN
случайный базис s_dbw: 59 из 200 перестановок дали NaN
случайный базис s_dbw: 57 из 200 перестановок дали NaN
случайный базис s_dbw: 150 из 200 перестановок дали NaN
случайный базис s_dbw: 56 из 200 перестановок дали NaN
случайный базис s_dbw: 13 из 200 перестановок дали NaN
случайный базис s_dbw: 86 из 200 перестановок дали NaN
случайный базис s_dbw: 20 из 200 перестановок дали NaN
случайный базис s_dbw: 92 из 200 перестановок дали NaN
случайный базис s_dbw: 27 из 200 перестановок дали NaN
случайный базис s_dbw: 44 из 200 перестановок дали NaN
случайный базис s_dbw: 75 из 200 перестановок дали NaN
случайный базис s_dbw: 69 из 200 перестановок дали NaN
случайный базис s_dbw: 69 из 200 перестановок дали NaN
случайный базис s_dbw: 92 из 200 перестановок дали NaN
случайный базис s_dbw: 88 из 200 перестановок дали NaN
случайный базис s_dbw: 141 из 200 перестановок дали NaN
случайный базис s_dbw: 117 из 200 перестановок дали NaN
случайный базис s_dbw: 99 из 200 перестановок дали NaN
случайный базис s_dbw: 163 из 200 перестановок дали NaN
случайный базис s_dbw: 174 из 200 перестановок дали NaN
случайный базис s_dbw: 29 из 200 перестановок дали NaN
случайный базис s_dbw: 169 из 200 перестановок дали NaN
случайный базис s_dbw: 49 из 200 перестановок дали NaN
случайный базис s_dbw: 11 из 200 перестановок дали NaN
случайный базис s_dbw: 161 из 200 перестановок дали NaN
случайный базис s_dbw: 48 из 200 перестановок дали NaN
случайный базис s_dbw: 88 из 200 перестановок дали NaN
случайный базис s_dbw: 98 из 200 перестановок дали NaN
случайный базис s_dbw: 105 из 200 перестановок дали NaN
случайный базис s_dbw: 126 из 200 перестановок дали NaN
случайный базис s_dbw: 150 из 200 перестановок дали NaN
случайный базис s_dbw: 117 из 200 перестановок дали NaN
случайный базис s_dbw: 122 из 200 перестановок дали NaN
случайный базис s_dbw: 158 из 200 перестановок дали NaN
случайный базис s_dbw: 176 из 200 перестановок дали NaN
случайный базис s_dbw: 150 из 200 перестановок дали NaN
случайный базис s_dbw: 145 из 200 перестановок дали NaN
2026-10-06 20:41:05,935 INFO munnet.clustering.compute: cluster[seed46]: ICVI и случайный базис за 29 с
2026-10-06 20:44:07,042 INFO munnet.clustering.compute: cluster[seed46]: бутстрап 100 повторов за 181 с
2026-10-06 20:44:21,174 INFO munnet.clustering.stage: cluster: итог — hybrid_k04; проверки: [['main', 'hybrid_k04'], ['borda', 'hybrid_k04'], ['copeland_all', 'hybrid_k04'], ['set_icvi_only', 'hybrid_k04'], ['set_plan', 'hybrid_k04'], ['tie_x0', 'hybrid_k04'], ['tie_x2', 'hybrid_k04'], ['joint', 'hybrid_k04'], ['tie_chain', 'hybrid_k04'], ['all_eligible', 'hybrid_k04'], ['main', 'hybrid_k04'], ['borda', 'hybrid_k04'], ['copeland_all', 'hybrid_k04'], ['set_icvi_only', 'hybrid_k04'], ['set_plan', 'hybrid_k04'], ['tie_x0', 'hybrid_k04'], ['tie_x2', 'hybrid_k04'], ['joint', 'spectral_k04'], ['tie_chain', 'hybrid_k04'], ['borda', 'hybrid_k04']]
2026-10-06 20:44:46,444 INFO munnet.clustering.compute: cluster[graph_basket_cos]: параметры под K подобраны за 21 с
2026-10-06 20:45:11,779 INFO munnet.clustering.compute: cluster[graph_basket_cos]: 90 кандидатов за 25 с
случайный базис s_dbw: 17 из 200 перестановок дали NaN
случайный базис s_dbw: 19 из 200 перестановок дали NaN
случайный базис s_dbw: 57 из 200 перестановок дали NaN
случайный базис s_dbw: 99 из 200 перестановок дали NaN
случайный базис s_dbw: 30 из 200 перестановок дали NaN
случайный базис s_dbw: 63 из 200 перестановок дали NaN
случайный базис s_dbw: 100 из 200 перестановок дали NaN
случайный базис s_dbw: 156 из 200 перестановок дали NaN
случайный базис s_dbw: 120 из 200 перестановок дали NaN
случайный базис s_dbw: 129 из 200 перестановок дали NaN
случайный базис s_dbw: 118 из 200 перестановок дали NaN
случайный базис s_dbw: 120 из 200 перестановок дали NaN
случайный базис s_dbw: 163 из 200 перестановок дали NaN
случайный базис s_dbw: 4 из 200 перестановок дали NaN
случайный базис s_dbw: 162 из 200 перестановок дали NaN
случайный базис s_dbw: 13 из 200 перестановок дали NaN
случайный базис s_dbw: 71 из 200 перестановок дали NaN
случайный базис s_dbw: 22 из 200 перестановок дали NaN
случайный базис s_dbw: 158 из 200 перестановок дали NaN
случайный базис s_dbw: 110 из 200 перестановок дали NaN
случайный базис s_dbw: 143 из 200 перестановок дали NaN
случайный базис s_dbw: 51 из 200 перестановок дали NaN
случайный базис s_dbw: 112 из 200 перестановок дали NaN
случайный базис s_dbw: 109 из 200 перестановок дали NaN
случайный базис s_dbw: 121 из 200 перестановок дали NaN
случайный базис s_dbw: 155 из 200 перестановок дали NaN
случайный базис s_dbw: 127 из 200 перестановок дали NaN
случайный базис s_dbw: 123 из 200 перестановок дали NaN
случайный базис s_dbw: 160 из 200 перестановок дали NaN
случайный базис s_dbw: 7 из 200 перестановок дали NaN
случайный базис s_dbw: 172 из 200 перестановок дали NaN
случайный базис s_dbw: 23 из 200 перестановок дали NaN
случайный базис s_dbw: 10 из 200 перестановок дали NaN
случайный базис s_dbw: 152 из 200 перестановок дали NaN
случайный базис s_dbw: 51 из 200 перестановок дали NaN
случайный базис s_dbw: 79 из 200 перестановок дали NaN
случайный базис s_dbw: 147 из 200 перестановок дали NaN
случайный базис s_dbw: 49 из 200 перестановок дали NaN
случайный базис s_dbw: 90 из 200 перестановок дали NaN
случайный базис s_dbw: 99 из 200 перестановок дали NaN
случайный базис s_dbw: 121 из 200 перестановок дали NaN
случайный базис s_dbw: 138 из 200 перестановок дали NaN
случайный базис s_dbw: 116 из 200 перестановок дали NaN
случайный базис s_dbw: 125 из 200 перестановок дали NaN
случайный базис s_dbw: 155 из 200 перестановок дали NaN
случайный базис s_dbw: 168 из 200 перестановок дали NaN
случайный базис s_dbw: 1 из 200 перестановок дали NaN
случайный базис s_dbw: 157 из 200 перестановок дали NaN
случайный базис s_dbw: 2 из 200 перестановок дали NaN
случайный базис s_dbw: 17 из 200 перестановок дали NaN
случайный базис s_dbw: 2 из 200 перестановок дали NaN
случайный базис s_dbw: 152 из 200 перестановок дали NaN
случайный базис s_dbw: 8 из 200 перестановок дали NaN
случайный базис s_dbw: 68 из 200 перестановок дали NaN
случайный базис s_dbw: 58 из 200 перестановок дали NaN
случайный базис s_dbw: 127 из 200 перестановок дали NaN
случайный базис s_dbw: 56 из 200 перестановок дали NaN
случайный базис s_dbw: 71 из 200 перестановок дали NaN
случайный базис s_dbw: 92 из 200 перестановок дали NaN
случайный базис s_dbw: 161 из 200 перестановок дали NaN
случайный базис s_dbw: 2 из 200 перестановок дали NaN
случайный базис s_dbw: 165 из 200 перестановок дали NaN
случайный базис s_dbw: 168 из 200 перестановок дали NaN
случайный базис s_dbw: 4 из 200 перестановок дали NaN
случайный базис s_dbw: 167 из 200 перестановок дали NaN
случайный базис s_dbw: 4 из 200 перестановок дали NaN
случайный базис s_dbw: 18 из 200 перестановок дали NaN
случайный базис s_dbw: 66 из 200 перестановок дали NaN
случайный базис s_dbw: 37 из 200 перестановок дали NaN
случайный базис s_dbw: 59 из 200 перестановок дали NaN
случайный базис s_dbw: 134 из 200 перестановок дали NaN
случайный базис s_dbw: 82 из 200 перестановок дали NaN
случайный базис s_dbw: 88 из 200 перестановок дали NaN
случайный базис s_dbw: 162 из 200 перестановок дали NaN
случайный базис s_dbw: 168 из 200 перестановок дали NaN
случайный базис s_dbw: 167 из 200 перестановок дали NaN
случайный базис s_dbw: 2 из 200 перестановок дали NaN
случайный базис s_dbw: 161 из 200 перестановок дали NaN
случайный базис s_dbw: 19 из 200 перестановок дали NaN
случайный базис s_dbw: 3 из 200 перестановок дали NaN
случайный базис s_dbw: 39 из 200 перестановок дали NaN
случайный базис s_dbw: 50 из 200 перестановок дали NaN
случайный базис s_dbw: 64 из 200 перестановок дали NaN
случайный базис s_dbw: 126 из 200 перестановок дали NaN
случайный базис s_dbw: 81 из 200 перестановок дали NaN
случайный базис s_dbw: 21 из 200 перестановок дали NaN
случайный базис s_dbw: 76 из 200 перестановок дали NaN
случайный базис s_dbw: 161 из 200 перестановок дали NaN
случайный базис s_dbw: 153 из 200 перестановок дали NaN
случайный базис s_dbw: 25 из 200 перестановок дали NaN
случайный базис s_dbw: 20 из 200 перестановок дали NaN
случайный базис s_dbw: 35 из 200 перестановок дали NaN
случайный базис s_dbw: 159 из 200 перестановок дали NaN
случайный базис s_dbw: 88 из 200 перестановок дали NaN
случайный базис s_dbw: 75 из 200 перестановок дали NaN
случайный базис s_dbw: 30 из 200 перестановок дали NaN
случайный базис s_dbw: 158 из 200 перестановок дали NaN
случайный базис s_dbw: 58 из 200 перестановок дали NaN
случайный базис s_dbw: 97 из 200 перестановок дали NaN
случайный базис s_dbw: 112 из 200 перестановок дали NaN
случайный базис s_dbw: 137 из 200 перестановок дали NaN
случайный базис s_dbw: 62 из 200 перестановок дали NaN
случайный базис s_dbw: 68 из 200 перестановок дали NaN
случайный базис s_dbw: 47 из 200 перестановок дали NaN
случайный базис s_dbw: 148 из 200 перестановок дали NaN
случайный базис s_dbw: 76 из 200 перестановок дали NaN
случайный базис s_dbw: 2 из 200 перестановок дали NaN
случайный базис s_dbw: 90 из 200 перестановок дали NaN
случайный базис s_dbw: 24 из 200 перестановок дали NaN
случайный базис s_dbw: 5 из 200 перестановок дали NaN
случайный базис s_dbw: 82 из 200 перестановок дали NaN
случайный базис s_dbw: 45 из 200 перестановок дали NaN
случайный базис s_dbw: 18 из 200 перестановок дали NaN
случайный базис s_dbw: 67 из 200 перестановок дали NaN
случайный базис s_dbw: 92 из 200 перестановок дали NaN
случайный базис s_dbw: 118 из 200 перестановок дали NaN
случайный базис s_dbw: 140 из 200 перестановок дали NaN
случайный базис s_dbw: 126 из 200 перестановок дали NaN
случайный базис s_dbw: 113 из 200 перестановок дали NaN
случайный базис s_dbw: 162 из 200 перестановок дали NaN
случайный базис s_dbw: 2 из 200 перестановок дали NaN
случайный базис s_dbw: 18 из 200 перестановок дали NaN
случайный базис s_dbw: 175 из 200 перестановок дали NaN
случайный базис s_dbw: 170 из 200 перестановок дали NaN
случайный базис s_dbw: 8 из 200 перестановок дали NaN
случайный базис s_dbw: 52 из 200 перестановок дали NaN
случайный базис s_dbw: 45 из 200 перестановок дали NaN
случайный базис s_dbw: 152 из 200 перестановок дали NaN
случайный базис s_dbw: 83 из 200 перестановок дали NaN
случайный базис s_dbw: 92 из 200 перестановок дали NaN
случайный базис s_dbw: 104 из 200 перестановок дали NaN
случайный базис s_dbw: 118 из 200 перестановок дали NaN
случайный базис s_dbw: 148 из 200 перестановок дали NaN
случайный базис s_dbw: 128 из 200 перестановок дали NaN
случайный базис s_dbw: 111 из 200 перестановок дали NaN
случайный базис s_dbw: 161 из 200 перестановок дали NaN
случайный базис s_dbw: 174 из 200 перестановок дали NaN
случайный базис s_dbw: 166 из 200 перестановок дали NaN
случайный базис s_dbw: 147 из 200 перестановок дали NaN
2026-10-06 20:45:40,675 INFO munnet.clustering.compute: cluster[graph_basket_cos]: ICVI и случайный базис за 29 с
2026-10-06 20:46:17,511 INFO munnet.clustering.compute: cluster[graph_basket_cos]: бутстрап 20 повторов за 37 с
2026-10-06 20:46:21,057 INFO munnet.clustering.stage: cluster: вариант graph_basket_cos — победитель hybrid_k03
2026-10-06 20:46:45,670 INFO munnet.clustering.compute: cluster[no_level]: параметры под K подобраны за 25 с
2026-10-06 20:47:10,036 INFO munnet.clustering.compute: cluster[no_level]: 89 кандидатов за 24 с
случайный базис s_dbw: 15 из 200 перестановок дали NaN
случайный базис s_dbw: 20 из 200 перестановок дали NaN
случайный базис s_dbw: 50 из 200 перестановок дали NaN
случайный базис s_dbw: 75 из 200 перестановок дали NaN
случайный базис s_dbw: 28 из 200 перестановок дали NaN
случайный базис s_dbw: 47 из 200 перестановок дали NaN
случайный базис s_dbw: 100 из 200 перестановок дали NaN
случайный базис s_dbw: 130 из 200 перестановок дали NaN
случайный базис s_dbw: 116 из 200 перестановок дали NaN
случайный базис s_dbw: 129 из 200 перестановок дали NaN
случайный базис s_dbw: 136 из 200 перестановок дали NaN
случайный базис s_dbw: 145 из 200 перестановок дали NaN
случайный базис s_dbw: 154 из 200 перестановок дали NaN
случайный базис s_dbw: 5 из 200 перестановок дали NaN
случайный базис s_dbw: 158 из 200 перестановок дали NaN
случайный базис s_dbw: 46 из 200 перестановок дали NaN
случайный базис s_dbw: 61 из 200 перестановок дали NaN
случайный базис s_dbw: 27 из 200 перестановок дали NaN
случайный базис s_dbw: 171 из 200 перестановок дали NaN
случайный базис s_dbw: 78 из 200 перестановок дали NaN
случайный базис s_dbw: 178 из 200 перестановок дали NaN
случайный базис s_dbw: 73 из 200 перестановок дали NaN
случайный базис s_dbw: 98 из 200 перестановок дали NaN
случайный базис s_dbw: 104 из 200 перестановок дали NaN
случайный базис s_dbw: 130 из 200 перестановок дали NaN
случайный базис s_dbw: 125 из 200 перестановок дали NaN
случайный базис s_dbw: 124 из 200 перестановок дали NaN
случайный базис s_dbw: 138 из 200 перестановок дали NaN
случайный базис s_dbw: 160 из 200 перестановок дали NaN
случайный базис s_dbw: 1 из 200 перестановок дали NaN
случайный базис s_dbw: 162 из 200 перестановок дали NaN
случайный базис s_dbw: 12 из 200 перестановок дали NaN
случайный базис s_dbw: 4 из 200 перестановок дали NaN
случайный базис s_dbw: 36 из 200 перестановок дали NaN
случайный базис s_dbw: 177 из 200 перестановок дали NaN
случайный базис s_dbw: 62 из 200 перестановок дали NaN
случайный базис s_dbw: 182 из 200 перестановок дали NaN
случайный базис s_dbw: 28 из 200 перестановок дали NaN
случайный базис s_dbw: 85 из 200 перестановок дали NaN
случайный базис s_dbw: 4 из 200 перестановок дали NaN
случайный базис s_dbw: 88 из 200 перестановок дали NaN
случайный базис s_dbw: 29 из 200 перестановок дали NaN
случайный базис s_dbw: 110 из 200 перестановок дали NaN
случайный базис s_dbw: 124 из 200 перестановок дали NaN
случайный базис s_dbw: 37 из 200 перестановок дали NaN
случайный базис s_dbw: 70 из 200 перестановок дали NaN
случайный базис s_dbw: 6 из 200 перестановок дали NaN
случайный базис s_dbw: 119 из 200 перестановок дали NaN
случайный базис s_dbw: 29 из 200 перестановок дали NaN
случайный базис s_dbw: 135 из 200 перестановок дали NaN
случайный базис s_dbw: 149 из 200 перестановок дали NaN
случайный базис s_dbw: 164 из 200 перестановок дали NaN
случайный базис s_dbw: 173 из 200 перестановок дали NaN
случайный базис s_dbw: 166 из 200 перестановок дали NaN
случайный базис s_dbw: 2 из 200 перестановок дали NaN
случайный базис s_dbw: 4 из 200 перестановок дали NaN
случайный базис s_dbw: 18 из 200 перестановок дали NaN
случайный базис s_dbw: 51 из 200 перестановок дали NaN
случайный базис s_dbw: 24 из 200 перестановок дали NaN
случайный базис s_dbw: 78 из 200 перестановок дали NaN
случайный базис s_dbw: 86 из 200 перестановок дали NaN
случайный базис s_dbw: 140 из 200 перестановок дали NaN
случайный базис s_dbw: 101 из 200 перестановок дали NaN
случайный базис s_dbw: 168 из 200 перестановок дали NaN
случайный базис s_dbw: 167 из 200 перестановок дали NaN
случайный базис s_dbw: 1 из 200 перестановок дали NaN
случайный базис s_dbw: 11 из 200 перестановок дали NaN
случайный базис s_dbw: 2 из 200 перестановок дали NaN
случайный базис s_dbw: 171 из 200 перестановок дали NaN
случайный базис s_dbw: 42 из 200 перестановок дали NaN
случайный базис s_dbw: 24 из 200 перестановок дали NaN
случайный базис s_dbw: 65 из 200 перестановок дали NaN
случайный базис s_dbw: 106 из 200 перестановок дали NaN
случайный базис s_dbw: 164 из 200 перестановок дали NaN
случайный базис s_dbw: 20 из 200 перестановок дали NaN
случайный базис s_dbw: 169 из 200 перестановок дали NaN
случайный базис s_dbw: 3 из 200 перестановок дали NaN
случайный базис s_dbw: 32 из 200 перестановок дали NaN
случайный базис s_dbw: 32 из 200 перестановок дали NaN
случайный базис s_dbw: 57 из 200 перестановок дали NaN
случайный базис s_dbw: 101 из 200 перестановок дали NaN
случайный базис s_dbw: 60 из 200 перестановок дали NaN
случайный базис s_dbw: 18 из 200 перестановок дали NaN
случайный базис s_dbw: 99 из 200 перестановок дали NaN
случайный базис s_dbw: 140 из 200 перестановок дали NaN
случайный базис s_dbw: 156 из 200 перестановок дали NaN
случайный базис s_dbw: 13 из 200 перестановок дали NaN
случайный базис s_dbw: 20 из 200 перестановок дали NaN
случайный базис s_dbw: 30 из 200 перестановок дали NaN
случайный базис s_dbw: 70 из 200 перестановок дали NaN
случайный базис s_dbw: 167 из 200 перестановок дали NaN
случайный базис s_dbw: 32 из 200 перестановок дали NaN
случайный базис s_dbw: 62 из 200 перестановок дали NaN
случайный базис s_dbw: 50 из 200 перестановок дали NaN
случайный базис s_dbw: 161 из 200 перестановок дали NaN
случайный базис s_dbw: 97 из 200 перестановок дали NaN
случайный базис s_dbw: 92 из 200 перестановок дали NaN
случайный базис s_dbw: 81 из 200 перестановок дали NaN
случайный базис s_dbw: 123 из 200 перестановок дали NaN
случайный базис s_dbw: 99 из 200 перестановок дали NaN
случайный базис s_dbw: 108 из 200 перестановок дали NaN
случайный базис s_dbw: 146 из 200 перестановок дали NaN
случайный базис s_dbw: 134 из 200 перестановок дали NaN
случайный базис s_dbw: 5 из 200 перестановок дали NaN
случайный базис s_dbw: 144 из 200 перестановок дали NaN
случайный базис s_dbw: 11 из 200 перестановок дали NaN
случайный базис s_dbw: 23 из 200 перестановок дали NaN
случайный базис s_dbw: 41 из 200 перестановок дали NaN
случайный базис s_dbw: 147 из 200 перестановок дали NaN
случайный базис s_dbw: 29 из 200 перестановок дали NaN
случайный базис s_dbw: 77 из 200 перестановок дали NaN
случайный базис s_dbw: 53 из 200 перестановок дали NaN
случайный базис s_dbw: 86 из 200 перестановок дали NaN
случайный базис s_dbw: 114 из 200 перестановок дали NaN
случайный базис s_dbw: 115 из 200 перестановок дали NaN
случайный базис s_dbw: 138 из 200 перестановок дали NaN
случайный базис s_dbw: 151 из 200 перестановок дали NaN
случайный базис s_dbw: 172 из 200 перестановок дали NaN
случайный базис s_dbw: 14 из 200 перестановок дали NaN
случайный базис s_dbw: 179 из 200 перестановок дали NaN
случайный базис s_dbw: 36 из 200 перестановок дали NaN
случайный базис s_dbw: 62 из 200 перестановок дали NaN
случайный базис s_dbw: 3 из 200 перестановок дали NaN
случайный базис s_dbw: 181 из 200 перестановок дали NaN
случайный базис s_dbw: 36 из 200 перестановок дали NaN
случайный базис s_dbw: 97 из 200 перестановок дали NaN
случайный базис s_dbw: 87 из 200 перестановок дали NaN
случайный базис s_dbw: 126 из 200 перестановок дали NaN
случайный базис s_dbw: 126 из 200 перестановок дали NaN
случайный базис s_dbw: 143 из 200 перестановок дали NaN
случайный базис s_dbw: 150 из 200 перестановок дали NaN
случайный базис s_dbw: 142 из 200 перестановок дали NaN
случайный базис s_dbw: 167 из 200 перестановок дали NaN
случайный базис s_dbw: 179 из 200 перестановок дали NaN
случайный базис s_dbw: 171 из 200 перестановок дали NaN
2026-10-06 20:47:38,401 INFO munnet.clustering.compute: cluster[no_level]: ICVI и случайный базис за 28 с
2026-10-06 20:48:15,427 INFO munnet.clustering.compute: cluster[no_level]: бутстрап 20 повторов за 37 с
2026-10-06 20:48:18,849 INFO munnet.clustering.stage: cluster: вариант no_level — победитель hybrid_k04
2026-10-06 20:48:19,233 INFO munnet.nodes: узлы (separate): 2190 узлов, из них узлов-городов 0; МО панели 2190, исключено 0
2026-10-06 20:48:20,192 INFO munnet.clustering.inputs: cluster: режим узлов separate — 2016 узлов
2026-10-06 20:48:45,548 INFO munnet.clustering.compute: cluster[nodes_separate]: параметры под K подобраны за 25 с
2026-10-06 20:49:09,815 INFO munnet.clustering.compute: cluster[nodes_separate]: 91 кандидатов за 24 с
случайный базис s_dbw: 3 из 200 перестановок дали NaN
случайный базис s_dbw: 28 из 200 перестановок дали NaN
случайный базис s_dbw: 33 из 200 перестановок дали NaN
случайный базис s_dbw: 4 из 200 перестановок дали NaN
случайный базис s_dbw: 18 из 200 перестановок дали NaN
случайный базис s_dbw: 70 из 200 перестановок дали NaN
случайный базис s_dbw: 115 из 200 перестановок дали NaN
случайный базис s_dbw: 68 из 200 перестановок дали NaN
случайный базис s_dbw: 108 из 200 перестановок дали NaN
случайный базис s_dbw: 104 из 200 перестановок дали NaN
случайный базис s_dbw: 160 из 200 перестановок дали NaN
случайный базис s_dbw: 139 из 200 перестановок дали NaN
случайный базис s_dbw: 178 из 200 перестановок дали NaN
случайный базис s_dbw: 4 из 200 перестановок дали NaN
случайный базис s_dbw: 31 из 200 перестановок дали NaN
случайный базис s_dbw: 185 из 200 перестановок дали NaN
случайный базис s_dbw: 5 из 200 перестановок дали NaN
случайный базис s_dbw: 43 из 200 перестановок дали NaN
случайный базис s_dbw: 187 из 200 перестановок дали NaN
случайный базис s_dbw: 26 из 200 перестановок дали NaN
случайный базис s_dbw: 81 из 200 перестановок дали NaN
случайный базис s_dbw: 65 из 200 перестановок дали NaN
случайный базис s_dbw: 115 из 200 перестановок дали NaN
случайный базис s_dbw: 98 из 200 перестановок дали NaN
случайный базис s_dbw: 121 из 200 перестановок дали NaN
случайный базис s_dbw: 138 из 200 перестановок дали NaN
случайный базис s_dbw: 160 из 200 перестановок дали NaN
случайный базис s_dbw: 165 из 200 перестановок дали NaN
случайный базис s_dbw: 1 из 200 перестановок дали NaN
случайный базис s_dbw: 182 из 200 перестановок дали NaN
случайный базис s_dbw: 14 из 200 перестановок дали NaN
случайный базис s_dbw: 80 из 200 перестановок дали NaN
случайный базис s_dbw: 187 из 200 перестановок дали NaN
случайный базис s_dbw: 5 из 200 перестановок дали NaN
случайный базис s_dbw: 47 из 200 перестановок дали NaN
случайный базис s_dbw: 70 из 200 перестановок дали NaN
случайный базис s_dbw: 1 из 200 перестановок дали NaN
случайный базис s_dbw: 111 из 200 перестановок дали NaN
случайный базис s_dbw: 113 из 200 перестановок дали NaN
случайный базис s_dbw: 17 из 200 перестановок дали NaN
случайный базис s_dbw: 143 из 200 перестановок дали NaN
случайный базис s_dbw: 3 из 200 перестановок дали NaN
случайный базис s_dbw: 132 из 200 перестановок дали NaN
случайный базис s_dbw: 150 из 200 перестановок дали NaN
случайный базис s_dbw: 167 из 200 перестановок дали NaN
случайный базис s_dbw: 186 из 200 перестановок дали NaN
случайный базис s_dbw: 185 из 200 перестановок дали NaN
случайный базис s_dbw: 4 из 200 перестановок дали NaN
случайный базис s_dbw: 9 из 200 перестановок дали NaN
случайный базис s_dbw: 14 из 200 перестановок дали NaN
случайный базис s_dbw: 50 из 200 перестановок дали NaN
случайный базис s_dbw: 62 из 200 перестановок дали NaN
случайный базис s_dbw: 58 из 200 перестановок дали NaN
случайный базис s_dbw: 74 из 200 перестановок дали NaN
случайный базис s_dbw: 131 из 200 перестановок дали NaN
случайный базис s_dbw: 172 из 200 перестановок дали NaN
случайный базис s_dbw: 178 из 200 перестановок дали NaN
случайный базис s_dbw: 177 из 200 перестановок дали NaN
случайный базис s_dbw: 1 из 200 перестановок дали NaN
случайный базис s_dbw: 1 из 200 перестановок дали NaN
случайный базис s_dbw: 17 из 200 перестановок дали NaN
случайный базис s_dbw: 42 из 200 перестановок дали NaN
случайный базис s_dbw: 12 из 200 перестановок дали NaN
случайный базис s_dbw: 59 из 200 перестановок дали NaN
случайный базис s_dbw: 62 из 200 перестановок дали NaN
случайный базис s_dbw: 70 из 200 перестановок дали NaN
случайный базис s_dbw: 128 из 200 перестановок дали NaN
случайный базис s_dbw: 167 из 200 перестановок дали NaN
случайный базис s_dbw: 168 из 200 перестановок дали NaN
случайный базис s_dbw: 1 из 200 перестановок дали NaN
случайный базис s_dbw: 183 из 200 перестановок дали NaN
случайный базис s_dbw: 9 из 200 перестановок дали NaN
случайный базис s_dbw: 1 из 200 перестановок дали NaN
случайный базис s_dbw: 23 из 200 перестановок дали NaN
случайный базис s_dbw: 20 из 200 перестановок дали NaN
случайный базис s_dbw: 45 из 200 перестановок дали NaN
случайный базис s_dbw: 70 из 200 перестановок дали NaN
случайный базис s_dbw: 82 из 200 перестановок дали NaN
случайный базис s_dbw: 136 из 200 перестановок дали NaN
случайный базис s_dbw: 80 из 200 перестановок дали NaN
случайный базис s_dbw: 18 из 200 перестановок дали NaN
случайный базис s_dbw: 164 из 200 перестановок дали NaN
случайный базис s_dbw: 16 из 200 перестановок дали NaN
случайный базис s_dbw: 167 из 200 перестановок дали NaN
случайный базис s_dbw: 39 из 200 перестановок дали NaN
случайный базис s_dbw: 18 из 200 перестановок дали NaN
случайный базис s_dbw: 74 из 200 перестановок дали NaN
случайный базис s_dbw: 40 из 200 перестановок дали NaN
случайный базис s_dbw: 175 из 200 перестановок дали NaN
случайный базис s_dbw: 74 из 200 перестановок дали NaN
случайный базис s_dbw: 81 из 200 перестановок дали NaN
случайный базис s_dbw: 117 из 200 перестановок дали NaN
случайный базис s_dbw: 101 из 200 перестановок дали NaN
случайный базис s_dbw: 117 из 200 перестановок дали NaN
случайный базис s_dbw: 95 из 200 перестановок дали NaN
случайный базис s_dbw: 146 из 200 перестановок дали NaN
случайный базис s_dbw: 159 из 200 перестановок дали NaN
случайный базис s_dbw: 187 из 200 перестановок дали NaN
случайный базис s_dbw: 24 из 200 перестановок дали NaN
случайный базис s_dbw: 158 из 200 перестановок дали NaN
случайный базис s_dbw: 3 из 200 перестановок дали NaN
случайный базис s_dbw: 31 из 200 перестановок дали NaN
случайный базис s_dbw: 50 из 200 перестановок дали NaN
случайный базис s_dbw: 87 из 200 перестановок дали NaN
случайный базис s_dbw: 96 из 200 перестановок дали NaN
случайный базис s_dbw: 97 из 200 перестановок дали NaN
случайный базис s_dbw: 110 из 200 перестановок дали NaN
случайный базис s_dbw: 127 из 200 перестановок дали NaN
случайный базис s_dbw: 167 из 200 перестановок дали NaN
случайный базис s_dbw: 180 из 200 перестановок дали NaN
случайный базис s_dbw: 9 из 200 перестановок дали NaN
случайный базис s_dbw: 189 из 200 перестановок дали NaN
случайный базис s_dbw: 22 из 200 перестановок дали NaN
случайный базис s_dbw: 11 из 200 перестановок дали NaN
случайный базис s_dbw: 58 из 200 перестановок дали NaN
случайный базис s_dbw: 43 из 200 перестановок дали NaN
случайный базис s_dbw: 73 из 200 перестановок дали NaN
случайный базис s_dbw: 91 из 200 перестановок дали NaN
случайный базис s_dbw: 129 из 200 перестановок дали NaN
случайный базис s_dbw: 135 из 200 перестановок дали NaN
случайный базис s_dbw: 132 из 200 перестановок дали NaN
случайный базис s_dbw: 171 из 200 перестановок дали NaN
случайный базис s_dbw: 186 из 200 перестановок дали NaN
случайный базис s_dbw: 182 из 200 перестановок дали NaN
2026-10-06 20:49:44,194 INFO munnet.clustering.compute: cluster[nodes_separate]: ICVI и случайный базис за 34 с
2026-10-06 20:50:24,442 INFO munnet.clustering.compute: cluster[nodes_separate]: бутстрап 20 повторов за 40 с
2026-10-06 20:50:28,396 INFO munnet.clustering.stage: cluster: вариант nodes_separate — победитель kmeans_joint_k04
2026-10-06 20:50:52,959 INFO munnet.clustering.compute: cluster[x_clipped]: параметры под K подобраны за 25 с
2026-10-06 20:51:17,794 INFO munnet.clustering.compute: cluster[x_clipped]: 87 кандидатов за 25 с
случайный базис s_dbw: 1 из 200 перестановок дали NaN
случайный базис s_dbw: 12 из 200 перестановок дали NaN
случайный базис s_dbw: 29 из 200 перестановок дали NaN
случайный базис s_dbw: 27 из 200 перестановок дали NaN
случайный базис s_dbw: 7 из 200 перестановок дали NaN
случайный базис s_dbw: 9 из 200 перестановок дали NaN
случайный базис s_dbw: 73 из 200 перестановок дали NaN
случайный базис s_dbw: 132 из 200 перестановок дали NaN
случайный базис s_dbw: 120 из 200 перестановок дали NaN
случайный базис s_dbw: 44 из 200 перестановок дали NaN
случайный базис s_dbw: 7 из 200 перестановок дали NaN
случайный базис s_dbw: 4 из 200 перестановок дали NaN
случайный базис s_dbw: 1 из 200 перестановок дали NaN
случайный базис s_dbw: 4 из 200 перестановок дали NaN
случайный базис s_dbw: 19 из 200 перестановок дали NaN
случайный базис s_dbw: 11 из 200 перестановок дали NaN
случайный базис s_dbw: 5 из 200 перестановок дали NaN
случайный базис s_dbw: 32 из 200 перестановок дали NaN
случайный базис s_dbw: 27 из 200 перестановок дали NaN
случайный базис s_dbw: 1 из 200 перестановок дали NaN
случайный базис s_dbw: 55 из 200 перестановок дали NaN
случайный базис s_dbw: 19 из 200 перестановок дали NaN
случайный базис s_dbw: 125 из 200 перестановок дали NaN
случайный базис s_dbw: 117 из 200 перестановок дали NaN
случайный базис s_dbw: 9 из 200 перестановок дали NaN
случайный базис s_dbw: 2 из 200 перестановок дали NaN
случайный базис s_dbw: 68 из 200 перестановок дали NaN
случайный базис s_dbw: 1 из 200 перестановок дали NaN
случайный базис s_dbw: 12 из 200 перестановок дали NaN
случайный базис s_dbw: 3 из 200 перестановок дали NaN
случайный базис s_dbw: 3 из 200 перестановок дали NaN
случайный базис s_dbw: 17 из 200 перестановок дали NaN
случайный базис s_dbw: 69 из 200 перестановок дали NaN
случайный базис s_dbw: 1 из 200 перестановок дали NaN
случайный базис s_dbw: 25 из 200 перестановок дали NaN
случайный базис s_dbw: 61 из 200 перестановок дали NaN
случайный базис s_dbw: 122 из 200 перестановок дали NaN
случайный базис s_dbw: 99 из 200 перестановок дали NaN
случайный базис s_dbw: 24 из 200 перестановок дали NaN
случайный базис s_dbw: 2 из 200 перестановок дали NaN
случайный базис s_dbw: 81 из 200 перестановок дали NaN
случайный базис s_dbw: 37 из 200 перестановок дали NaN
случайный базис s_dbw: 9 из 200 перестановок дали NaN
случайный базис s_dbw: 3 из 200 перестановок дали NaN
случайный базис s_dbw: 16 из 200 перестановок дали NaN
случайный базис s_dbw: 3 из 200 перестановок дали NaN
случайный базис s_dbw: 15 из 200 перестановок дали NaN
случайный базис s_dbw: 57 из 200 перестановок дали NaN
случайный базис s_dbw: 3 из 200 перестановок дали NaN
случайный базис s_dbw: 116 из 200 перестановок дали NaN
случайный базис s_dbw: 89 из 200 перестановок дали NaN
случайный базис s_dbw: 1 из 200 перестановок дали NaN
случайный базис s_dbw: 9 из 200 перестановок дали NaN
случайный базис s_dbw: 3 из 200 перестановок дали NaN
случайный базис s_dbw: 15 из 200 перестановок дали NaN
случайный базис s_dbw: 13 из 200 перестановок дали NaN
случайный базис s_dbw: 4 из 200 перестановок дали NaN
случайный базис s_dbw: 111 из 200 перестановок дали NaN
случайный базис s_dbw: 1 из 200 перестановок дали NaN
случайный базис s_dbw: 89 из 200 перестановок дали NaN
случайный базис s_dbw: 20 из 200 перестановок дали NaN
случайный базис s_dbw: 5 из 200 перестановок дали NaN
случайный базис s_dbw: 4 из 200 перестановок дали NaN
случайный базис s_dbw: 19 из 200 перестановок дали NaN
случайный базис s_dbw: 16 из 200 перестановок дали NaN
случайный базис s_dbw: 62 из 200 перестановок дали NaN
случайный базис s_dbw: 4 из 200 перестановок дали NaN
случайный базис s_dbw: 121 из 200 перестановок дали NaN
случайный базис s_dbw: 100 из 200 перестановок дали NaN
случайный базис s_dbw: 27 из 200 перестановок дали NaN
случайный базис s_dbw: 4 из 200 перестановок дали NaN
случайный базис s_dbw: 12 из 200 перестановок дали NaN
случайный базис s_dbw: 7 из 200 перестановок дали NaN
случайный базис s_dbw: 28 из 200 перестановок дали NaN
случайный базис s_dbw: 61 из 200 перестановок дали NaN
случайный базис s_dbw: 57 из 200 перестановок дали NaN
случайный базис s_dbw: 43 из 200 перестановок дали NaN
случайный базис s_dbw: 123 из 200 перестановок дали NaN
случайный базис s_dbw: 138 из 200 перестановок дали NaN
случайный базис s_dbw: 61 из 200 перестановок дали NaN
случайный базис s_dbw: 15 из 200 перестановок дали NaN
случайный базис s_dbw: 79 из 200 перестановок дали NaN
случайный базис s_dbw: 10 из 200 перестановок дали NaN
случайный базис s_dbw: 11 из 200 перестановок дали NaN
случайный базис s_dbw: 71 из 200 перестановок дали NaN
случайный базис s_dbw: 2 из 200 перестановок дали NaN
случайный базис s_dbw: 1 из 200 перестановок дали NaN
случайный базис s_dbw: 14 из 200 перестановок дали NaN
случайный базис s_dbw: 16 из 200 перестановок дали NaN
случайный базис s_dbw: 13 из 200 перестановок дали NaN
случайный базис s_dbw: 35 из 200 перестановок дали NaN
случайный базис s_dbw: 63 из 200 перестановок дали NaN
случайный базис s_dbw: 10 из 200 перестановок дали NaN
случайный базис s_dbw: 10 из 200 перестановок дали NaN
случайный базис s_dbw: 131 из 200 перестановок дали NaN
случайный базис s_dbw: 5 из 200 перестановок дали NaN
случайный базис s_dbw: 124 из 200 перестановок дали NaN
случайный базис s_dbw: 40 из 200 перестановок дали NaN
случайный базис s_dbw: 17 из 200 перестановок дали NaN
случайный базис s_dbw: 14 из 200 перестановок дали NaN
случайный базис s_dbw: 2 из 200 перестановок дали NaN
случайный базис s_dbw: 28 из 200 перестановок дали NaN
случайный базис s_dbw: 1 из 200 перестановок дали NaN
случайный базис s_dbw: 35 из 200 перестановок дали NaN
случайный базис s_dbw: 73 из 200 перестановок дали NaN
случайный базис s_dbw: 13 из 200 перестановок дали NaN
случайный базис s_dbw: 125 из 200 перестановок дали NaN
случайный базис s_dbw: 117 из 200 перестановок дали NaN
случайный базис s_dbw: 9 из 200 перестановок дали NaN
случайный базис s_dbw: 2 из 200 перестановок дали NaN
случайный базис s_dbw: 46 из 200 перестановок дали NaN
случайный базис s_dbw: 10 из 200 перестановок дали NaN
случайный базис s_dbw: 4 из 200 перестановок дали NaN
случайный базис s_dbw: 1 из 200 перестановок дали NaN
2026-10-06 20:51:45,832 INFO munnet.clustering.compute: cluster[x_clipped]: ICVI и случайный базис за 28 с
2026-10-06 20:52:22,389 INFO munnet.clustering.compute: cluster[x_clipped]: бутстрап 20 повторов за 37 с
2026-10-06 20:52:26,090 INFO munnet.nodes: узлы: соединение «траты районов × население, узел 90077»: 3476 строк -> 3476
2026-10-06 20:52:26,203 INFO munnet.nodes: узел-город Москва (90077): 146 районов
2026-10-06 20:52:26,210 INFO munnet.nodes: узлы: соединение «траты районов × население, узел 90078»: 2388 строк -> 2388
2026-10-06 20:52:26,311 INFO munnet.nodes: узел-город Санкт-Петербург (90078): 101 районов
2026-10-06 20:52:26,492 INFO munnet.nodes: узлы (collapse): 1945 узлов, из них узлов-городов 2; МО панели 2190, исключено 0
2026-10-06 21:03:41,755 INFO munnet.clustering.stage: cluster: расчёт — 2574 с
C:\Users\1\AppData\Local\Temp\claude\C--Users-1-Desktop-sberindex\bcd40b4a-f816-4cf8-a99e-31dab84a25d9\scratchpad\w0510\repro_0610\copy\src\munnet\style.py:675: UserWarning: constrained_layout not applied because axes sizes collapsed to zero.  Try making figure larger or Axes decorations smaller.
  fig.savefig(path, format=fmt, dpi=dpi, metadata=metadata.get(fmt))
C:\Users\1\AppData\Local\Temp\claude\C--Users-1-Desktop-sberindex\bcd40b4a-f816-4cf8-a99e-31dab84a25d9\scratchpad\w0510\repro_0610\copy\src\munnet\clustering\report.py:1808: RuntimeWarning: Mean of empty slice
  else float(np.nanmean([tt.get(x, np.nan) for x in c.index[c["method"] == m]]))
2026-10-06 21:03:55,434 INFO munnet.clustering.report: cluster: отчёт docs\clustering.md
2026-10-06 21:03:55,434 INFO munnet.clustering.stage: cluster: выходы — data\processed, outputs\cluster; всего 2588 с
2026-10-06 21:03:55,438 INFO munnet: Этап evaluate: посчитать ICVI: SW, CH, S_Dbw, AVI, AVU, MQ
2026-10-06 21:03:57,123 INFO munnet.clustering.inputs: cluster: 1776 узлов, 12418 рёбер G, признаков X 11; пропуски заменены: {'urban_share_rel': 47, 'age_old_share_rel': 6, 'market_access_rel': 12}
случайный базис s_dbw: 7 из 200 перестановок дали NaN
случайный базис s_dbw: 23 из 200 перестановок дали NaN
случайный базис s_dbw: 51 из 200 перестановок дали NaN
случайный базис s_dbw: 79 из 200 перестановок дали NaN
случайный базис s_dbw: 90 из 200 перестановок дали NaN
случайный базис s_dbw: 121 из 200 перестановок дали NaN
случайный базис s_dbw: 116 из 200 перестановок дали NaN
случайный базис s_dbw: 125 из 200 перестановок дали NaN
случайный базис s_dbw: 4 из 200 перестановок дали NaN
случайный базис s_dbw: 7 из 200 перестановок дали NaN
случайный базис s_dbw: 32 из 200 перестановок дали NaN
случайный базис s_dbw: 49 из 200 перестановок дали NaN
случайный базис s_dbw: 78 из 200 перестановок дали NaN
случайный базис s_dbw: 99 из 200 перестановок дали NaN
случайный базис s_dbw: 112 из 200 перестановок дали NaN
случайный базис s_dbw: 93 из 200 перестановок дали NaN
случайный базис s_dbw: 2 из 200 перестановок дали NaN
случайный базис s_dbw: 18 из 200 перестановок дали NaN
случайный базис s_dbw: 52 из 200 перестановок дали NaN
случайный базис s_dbw: 83 из 200 перестановок дали NaN
случайный базис s_dbw: 92 из 200 перестановок дали NaN
случайный базис s_dbw: 118 из 200 перестановок дали NaN
случайный базис s_dbw: 128 из 200 перестановок дали NaN
случайный базис s_dbw: 111 из 200 перестановок дали NaN
случайный базис s_dbw: 17 из 200 перестановок дали NaN
случайный базис s_dbw: 19 из 200 перестановок дали NaN
случайный базис s_dbw: 57 из 200 перестановок дали NaN
случайный базис s_dbw: 99 из 200 перестановок дали NaN
случайный базис s_dbw: 120 из 200 перестановок дали NaN
случайный базис s_dbw: 129 из 200 перестановок дали NaN
случайный базис s_dbw: 118 из 200 перестановок дали NaN
случайный базис s_dbw: 120 из 200 перестановок дали NaN
случайный базис s_dbw: 3 из 200 перестановок дали NaN
случайный базис s_dbw: 16 из 200 перестановок дали NaN
случайный базис s_dbw: 31 из 200 перестановок дали NaN
случайный базис s_dbw: 58 из 200 перестановок дали NaN
случайный базис s_dbw: 90 из 200 перестановок дали NaN
случайный базис s_dbw: 81 из 200 перестановок дали NaN
случайный базис s_dbw: 1 из 200 перестановок дали NaN
случайный базис s_dbw: 26 из 200 перестановок дали NaN
случайный базис s_dbw: 49 из 200 перестановок дали NaN
случайный базис s_dbw: 21 из 200 перестановок дали NaN
случайный базис s_dbw: 85 из 200 перестановок дали NaN
случайный базис s_dbw: 19 из 200 перестановок дали NaN
случайный базис s_dbw: 34 из 200 перестановок дали NaN
случайный базис s_dbw: 84 из 200 перестановок дали NaN
случайный базис s_dbw: 74 из 200 перестановок дали NaN
случайный базис s_dbw: 94 из 200 перестановок дали NaN
случайный базис s_dbw: 62 из 200 перестановок дали NaN
случайный базис s_dbw: 80 из 200 перестановок дали NaN
случайный базис s_dbw: 42 из 200 перестановок дали NaN
случайный базис s_dbw: 2 из 200 перестановок дали NaN
случайный базис s_dbw: 32 из 200 перестановок дали NaN
случайный базис s_dbw: 35 из 200 перестановок дали NaN
случайный базис s_dbw: 64 из 200 перестановок дали NaN
случайный базис s_dbw: 93 из 200 перестановок дали NaN
случайный базис s_dbw: 82 из 200 перестановок дали NaN
случайный базис s_dbw: 4 из 200 перестановок дали NaN
случайный базис s_dbw: 13 из 200 перестановок дали NaN
случайный базис s_dbw: 71 из 200 перестановок дали NaN
случайный базис s_dbw: 110 из 200 перестановок дали NaN
случайный базис s_dbw: 109 из 200 перестановок дали NaN
случайный базис s_dbw: 121 из 200 перестановок дали NaN
случайный базис s_dbw: 127 из 200 перестановок дали NaN
случайный базис s_dbw: 123 из 200 перестановок дали NaN
2026-10-06 21:04:57,135 INFO munnet.icvi_stage: evaluate: 87 кандидатов за 59.9 с
2026-10-06 21:05:01,141 INFO matplotlib.category: Using categorical units to plot a list of strings that are all parsable as floats or dates. If these strings should be plotted as numbers, cast to the appropriate data type before plotting.
2026-10-06 21:05:01,141 INFO matplotlib.category: Using categorical units to plot a list of strings that are all parsable as floats or dates. If these strings should be plotted as numbers, cast to the appropriate data type before plotting.
2026-10-06 21:05:01,944 INFO munnet.icvi_report: evaluate: отчёт docs\icvi.md
2026-10-06 21:05:01,945 INFO munnet.icvi_stage: evaluate: выходы outputs\evaluate
2026-10-06 21:05:01,945 INFO munnet: Этап dynamics: проследить изменения кластеров во времени
2026-10-06 21:05:03,559 INFO munnet.clustering.inputs: cluster: 1776 узлов, 12418 рёбер G, признаков X 11; пропуски заменены: {'urban_share_rel': 47, 'age_old_share_rel': 6, 'market_access_rel': 12}
2026-10-06 21:05:08,498 INFO munnet.dynamics.stage: dynamics: 2023-01…2023-12 — K = 4, ARI разных seed 0.993
2026-10-06 21:05:09,963 INFO munnet.dynamics.stage: dynamics: 2023-02…2024-01 — K = 4, ARI разных seed 0.998
2026-10-06 21:05:11,350 INFO munnet.dynamics.stage: dynamics: 2023-03…2024-02 — K = 4, ARI разных seed 1.000
2026-10-06 21:05:12,756 INFO munnet.dynamics.stage: dynamics: 2023-04…2024-03 — K = 4, ARI разных seed 1.000
2026-10-06 21:05:14,198 INFO munnet.dynamics.stage: dynamics: 2023-05…2024-04 — K = 4, ARI разных seed 0.995
2026-10-06 21:05:15,592 INFO munnet.dynamics.stage: dynamics: 2023-06…2024-05 — K = 4, ARI разных seed 0.996
2026-10-06 21:05:17,033 INFO munnet.dynamics.stage: dynamics: 2023-07…2024-06 — K = 4, ARI разных seed 0.996
2026-10-06 21:05:18,458 INFO munnet.dynamics.stage: dynamics: 2023-08…2024-07 — K = 4, ARI разных seed 0.995
2026-10-06 21:05:19,842 INFO munnet.dynamics.stage: dynamics: 2023-09…2024-08 — K = 4, ARI разных seed 1.000
2026-10-06 21:05:21,144 INFO munnet.dynamics.stage: dynamics: 2023-10…2024-09 — K = 4, ARI разных seed 1.000
2026-10-06 21:05:22,524 INFO munnet.dynamics.stage: dynamics: 2023-11…2024-10 — K = 4, ARI разных seed 1.000
2026-10-06 21:05:23,864 INFO munnet.dynamics.stage: dynamics: 2023-12…2024-11 — K = 4, ARI разных seed 1.000
2026-10-06 21:05:25,170 INFO munnet.dynamics.stage: dynamics: 2024-01…2024-12 — K = 4, ARI разных seed 1.000
2026-10-06 21:05:26,546 INFO munnet.dynamics.stage: dynamics: 2023, нечётные месяцы — K = 4, ARI разных seed 1.000
2026-10-06 21:05:27,987 INFO munnet.dynamics.stage: dynamics: 2023, чётные месяцы — K = 4, ARI разных seed 1.000
2026-10-06 21:05:29,386 INFO munnet.dynamics.stage: dynamics: 2024, нечётные месяцы — K = 4, ARI разных seed 1.000
2026-10-06 21:05:30,751 INFO munnet.dynamics.stage: dynamics: 2024, чётные месяцы — K = 4, ARI разных seed 1.000
2026-10-06 21:05:32,046 INFO munnet.dynamics.stage: dynamics: 24 месяца — K = 4, ARI разных seed 1.000
2026-10-06 21:05:34,189 INFO munnet.dynamics.stage: dynamics: сменили тип 2023 → 2024 15.3% узлов, шум 5.5%, надёжных переходов 181
2026-10-06 21:05:40,145 INFO munnet.dynamics.report: dynamics: отчёт docs\dynamics.md
2026-10-06 21:05:40,146 INFO munnet.dynamics.stage: dynamics: способы refit_match, fixed_prototypes, evolutionary, 38 с
2026-10-06 21:05:40,148 INFO munnet: Этап interpret: проверки тезиса, профили, названия и примеры типов (этап 5)
2026-10-06 21:05:41,807 INFO munnet.clustering.inputs: cluster: 1776 узлов, 12418 рёбер G, признаков X 11; пропуски заменены: {'urban_share_rel': 47, 'age_old_share_rel': 6, 'market_access_rel': 12}
2026-10-06 21:05:42,666 INFO munnet.nodes: узлы (separate): 2190 узлов, из них узлов-городов 0; МО панели 2190, исключено 0
2026-10-06 21:05:43,646 INFO munnet.clustering.inputs: cluster: режим узлов separate — 2016 узлов
2026-10-06 21:05:44,257 INFO munnet.nodes: узлы (separate): 2190 узлов, из них узлов-городов 0; МО панели 2190, исключено 0
2026-10-06 21:05:45,229 INFO munnet.clustering.inputs: cluster: режим узлов separate — 2016 узлов
2026-10-06 21:06:02,402 INFO munnet.interpret.stage: interpret: evidence — 17 с
2026-10-06 21:08:49,350 INFO munnet.interpret.stage: interpret: controls — 167 с
2026-10-06 21:09:49,594 INFO munnet.interpret.stage: interpret: t1_t5_t4 — 60 с
2026-10-06 21:24:00,792 INFO munnet.interpret.stage: interpret: placebo_main — 851 с
2026-10-06 21:36:47,125 INFO munnet.interpret.stage: interpret: вариант graph_basket_cos — 766 с
2026-10-06 21:50:27,238 INFO munnet.interpret.stage: interpret: вариант no_level — 820 с
2026-10-06 22:04:14,145 INFO munnet.interpret.stage: interpret: вариант nodes_separate — 827 с
2026-10-06 22:18:18,228 INFO munnet.interpret.stage: interpret: seed 142 — 844 с
2026-10-06 22:32:23,796 INFO munnet.interpret.stage: interpret: seed 242 — 846 с
2026-10-06 22:46:22,571 INFO munnet.interpret.stage: interpret: seed 342 — 839 с
2026-10-06 23:00:22,630 INFO munnet.interpret.stage: interpret: seed 442 — 840 с
2026-10-06 23:00:22,630 INFO munnet.interpret.stage: interpret: robustness — 5782 с
2026-10-06 23:00:39,919 INFO munnet.interpret.stage: interpret: t6_t7 — 17 с
2026-10-06 23:00:59,433 INFO munnet.interpret.stage: interpret: describe — 20 с
2026-10-06 23:01:03,876 INFO munnet.interpret.report: interpret: отчёт docs\interpretation.md
2026-10-06 23:01:03,882 INFO munnet.interpret.stage: interpret: готово за 6924 с
2026-10-06 23:01:03,955 INFO munnet: Этап usefulness: разведка после вскрытия: польза сверки со своим регионом, устойчивость типа МО
2026-10-06 23:01:11,337 INFO munnet.usefulness: usefulness: соседи по региону ближе похожих по тратам в 882 из 1542 случаев (0.572, интервал 0.547–0.597: чаще, чем нет); пример — Йошкар-Ола (Республика Марий Эл); тип устойчив у 578 из 1776 узлов
2026-10-06 23:01:37,815 INFO munnet.usefulness_by_type: usefulness.by_type_test: вердикты по прогонам {'main': 'confirmed', 'variant:graph_basket_cos': 'confirmed', 'variant:no_level': 'confirmed', 'variant:nodes_separate': 'confirmed', 'seed:142': 'confirmed', 'seed:242': 'confirmed', 'seed:342': 'confirmed', 'seed:442': 'confirmed'}; в главный текст — confirmed (main)
2026-10-06 23:01:43,865 INFO munnet.usefulness_size: usefulness.size_posthoc (разведка после вскрытия): доля «B ближе D» по квинтилям населения [0.582, 0.568, 0.555, 0.549, 0.507]; крупные против остальных Δ -0.0563; p типа при равном размере 0.552, размера при равном типе 0.045
2026-10-06 23:01:45,480 INFO munnet.clustering.inputs: cluster: 1776 узлов, 12418 рёбер G, признаков X 11; пропуски заменены: {'urban_share_rel': 47, 'age_old_share_rel': 6, 'market_access_rel': 12}
2026-10-06 23:01:50,620 INFO munnet.usefulness_level: usefulness.level_rho (после проверок, правило заранее не записано): catering, n 1241 — ρ типов 0.374, уровня трат 0.400, четырёх групп по уровню 0.381
2026-10-06 23:01:50,620 INFO munnet.usefulness_level: usefulness.level_rho (после проверок, правило заранее не записано): retail, n 1705 — ρ типов 0.551, уровня трат 0.633, четырёх групп по уровню 0.601
2026-10-06 23:01:50,746 INFO munnet.usefulness_example: usefulness.example_small: пример для совета небольшим и средним МО — Октябрьский (Амурская область), соседи ближе в 2 из 3 целей
2026-10-06 23:01:50,746 INFO munnet: Этап site: собрать данные для интерактивного лендинга
2026-10-06 23:01:51,294 INFO munnet.landing: site: палитры типов — 39 проверок пройдены
2026-10-06 23:01:52,951 INFO munnet.clustering.inputs: cluster: 1776 узлов, 12418 рёбер G, признаков X 11; пропуски заменены: {'urban_share_rel': 47, 'age_old_share_rel': 6, 'market_access_rel': 12}
2026-10-06 23:01:57,560 INFO munnet.site_layout: site: доля сохранённых соседей (k = 10, 1776 узлов, 12418 рёбер): graph_fr 0.2989, hybrid_pca 0.0733; случайная схема 0.0078; выбор — перестановки нет
2026-10-06 23:01:58,123 INFO munnet.site_hexgrid: site: ячейки 1945 (сторона 40 км, запас 15%): смещение медиана 408 км, 90% — 655, макс. 2613; регионов разорвано 0 из 77; сохранено ближайших соседей 0.58
2026-10-06 23:01:59,723 INFO munnet.clustering.inputs: cluster: 1776 узлов, 12418 рёбер G, признаков X 11; пропуски заменены: {'urban_share_rel': 47, 'age_old_share_rel': 6, 'market_access_rel': 12}
2026-10-06 23:02:01,952 INFO munnet.landing: site: страница 3.05 МБ (из них vendor 0.86 МБ), первый экран 0.82 МБ
2026-10-06 23:02:01,952 WARNING munnet.landing: site: страница 3.05 МБ больше budget_mb.total 3.00
2026-10-06 23:02:01,952 WARNING munnet.landing: site: первый экран 0.82 МБ больше budget_mb.first_screen 0.30
2026-10-06 23:02:01,967 INFO munnet.landing: site (normal): 27 файлов в site (index.html 2239 КБ, data/story.json 39 КБ, data/mo.json 1161 КБ, data/types.json 16 КБ, data/checks.json 25 КБ, data/methods.json 27 КБ, data/hexgrid.json 47 КБ, data/scene.json 78 КБ, data/netmap.json 50 КБ, vendor/fonts/fonts.css 3 КБ, vendor/fonts/golos-text-cyrillic-ext-wght-normal.woff2 17 КБ, vendor/fonts/golos-text-cyrillic-wght-normal.woff2 22 КБ, vendor/fonts/golos-text-latin-ext-wght-normal.woff2 19 КБ, vendor/fonts/golos-text-latin-wght-normal.woff2 37 КБ, vendor/fonts/golos-text-OFL.txt 4 КБ, vendor/fonts/unbounded-cyrillic-ext-wght-normal.woff2 2 КБ, vendor/fonts/unbounded-cyrillic-wght-normal.woff2 31 КБ, vendor/fonts/unbounded-latin-wght-normal.woff2 50 КБ, vendor/fonts/unbounded-OFL.txt 4 КБ, vendor/three.module.min.js 675 КБ, vendor/OrbitControls.js 31 КБ, vendor/three-LICENSE.txt 1 КБ, vendor/README.md 4 КБ); строк mo.json 2192; ячеек 1945
